shipment_id,po_id,supplier_id,supplier_name,material_id,material_name,vessel_name,departure_date,eta_date,actual_arrival_date,port_congestion_index
SHP2000,PO1538,SUP005,PrimeSteel,MAT104,Steel Sheet,MV Horizon,2025-06-02,2025-06-14,2025-06-26,82
SHP2001,PO1797,SUP005,PrimeSteel,MAT102,Steel Plate,MV Horizon,2027-10-10,2027-10-20,2027-11-03,64
SHP2002,PO2767,SUP004,DeltaIron,MAT103,Steel Bar,MV Horizon,2023-05-28,2023-06-13,2023-06-14,86
SHP2003,PO2946,SUP003,CoreSteel,MAT103,Steel Bar,MV Titan,2024-02-23,2024-03-12,2024-03-06,94
SHP2004,PO1871,SUP005,PrimeSteel,MAT103,Steel Bar,MV Horizon,2024-11-15,2024-12-09,2024-11-30,58
SHP2005,PO1457,SUP004,DeltaIron,MAT103,Steel Bar,MV Horizon,2027-08-18,2027-09-06,2027-09-13,63
SHP2006,PO1211,SUP001,AlphaSteel,MAT103,Steel Bar,MV OceanStar,2026-04-24,2026-05-09,2026-05-22,45
SHP2007,PO1764,SUP004,DeltaIron,MAT103,Steel Bar,MV Titan,2028-01-12,2028-01-22,2028-02-13,64
SHP2008,PO1116,SUP005,PrimeSteel,MAT101,Steel Rod,MV OceanStar,2023-09-03,2023-09-23,2023-09-18,82
SHP2009,PO1053,SUP001,AlphaSteel,MAT102,Steel Plate,MV Horizon,2027-10-07,2027-10-23,2027-10-29,82
SHP2010,PO1537,SUP001,AlphaSteel,MAT103,Steel Bar,MV Horizon,2026-09-11,2026-09-27,2026-09-27,56
SHP2011,PO2975,SUP005,PrimeSteel,MAT102,Steel Plate,MV Horizon,2023-08-31,2023-09-17,2023-09-25,68
SHP2012,PO1504,SUP004,DeltaIron,MAT100,Steel Coil,MV OceanStar,2027-10-23,2027-11-14,2027-11-22,76
SHP2013,PO1459,SUP001,AlphaSteel,MAT103,Steel Bar,MV OceanStar,2026-01-16,2026-01-29,2026-01-30,65
SHP2014,PO2411,SUP003,CoreSteel,MAT103,Steel Bar,MV OceanStar,2027-09-20,2027-10-03,2027-10-03,79
SHP2015,PO2049,SUP001,AlphaSteel,MAT100,Steel Coil,MV Titan,2023-07-10,2023-08-03,2023-08-13,45
SHP2016,PO1412,SUP005,PrimeSteel,MAT102,Steel Plate,MV Horizon,2028-04-08,2028-04-29,2028-04-21,70
SHP2017,PO2805,SUP001,AlphaSteel,MAT103,Steel Bar,MV Horizon,2025-12-18,2026-01-08,2026-01-14,79
SHP2018,PO2463,SUP003,CoreSteel,MAT100,Steel Coil,MV Titan,2025-04-25,2025-05-08,2025-05-25,67
SHP2019,PO1728,SUP004,DeltaIron,MAT101,Steel Rod,MV OceanStar,2024-01-23,2024-02-14,2024-02-26,68
SHP2020,PO2178,SUP001,AlphaSteel,MAT102,Steel Plate,MV OceanStar,2025-04-08,2025-05-02,2025-04-23,74
SHP2021,PO1633,SUP005,PrimeSteel,MAT102,Steel Plate,MV OceanStar,2027-12-15,2028-01-01,2027-12-29,41
SHP2022,PO2942,SUP003,CoreSteel,MAT101,Steel Rod,MV OceanStar,2026-04-05,2026-04-19,2026-04-27,50
SHP2023,PO2003,SUP005,PrimeSteel,MAT104,Steel Sheet,MV OceanStar,2026-04-20,2026-05-13,2026-05-21,71
SHP2024,PO2517,SUP002,BetaMetals,MAT100,Steel Coil,MV OceanStar,2024-12-04,2024-12-23,2024-12-29,66
SHP2025,PO2004,SUP001,AlphaSteel,MAT100,Steel Coil,MV Titan,2025-02-25,2025-03-07,2025-03-20,52
SHP2026,PO1146,SUP004,DeltaIron,MAT101,Steel Rod,MV Titan,2024-07-26,2024-08-18,2024-08-17,78
SHP2027,PO2744,SUP005,PrimeSteel,MAT101,Steel Rod,MV OceanStar,2027-03-26,2027-04-09,2027-04-26,58
SHP2028,PO2447,SUP004,DeltaIron,MAT102,Steel Plate,MV OceanStar,2024-12-10,2024-12-29,2025-01-07,61
SHP2029,PO2341,SUP003,CoreSteel,MAT101,Steel Rod,MV OceanStar,2025-07-07,2025-07-27,2025-07-23,50
SHP2030,PO1734,SUP003,CoreSteel,MAT100,Steel Coil,MV Titan,2025-12-19,2026-01-03,2026-01-21,63
SHP2031,PO1425,SUP002,BetaMetals,MAT104,Steel Sheet,MV Horizon,2027-01-01,2027-01-20,2027-01-15,44
SHP2032,PO1925,SUP005,PrimeSteel,MAT102,Steel Plate,MV OceanStar,2025-07-06,2025-07-19,2025-07-24,64
SHP2033,PO1730,SUP003,CoreSteel,MAT101,Steel Rod,MV Titan,2024-03-17,2024-04-09,2024-04-09,74
SHP2034,PO2352,SUP005,PrimeSteel,MAT103,Steel Bar,MV OceanStar,2026-04-06,2026-04-19,2026-05-05,92
SHP2035,PO1210,SUP005,PrimeSteel,MAT100,Steel Coil,MV Horizon,2023-03-23,2023-04-05,2023-04-26,72
SHP2036,PO1777,SUP001,AlphaSteel,MAT104,Steel Sheet,MV Horizon,2025-10-20,2025-11-13,2025-11-21,57
SHP2037,PO1685,SUP005,PrimeSteel,MAT102,Steel Plate,MV Titan,2027-04-22,2027-05-09,2027-05-24,69
SHP2038,PO2013,SUP002,BetaMetals,MAT102,Steel Plate,MV Horizon,2026-07-26,2026-08-18,2026-08-23,54
SHP2039,PO2167,SUP001,AlphaSteel,MAT102,Steel Plate,MV OceanStar,2023-11-03,2023-11-25,2023-12-07,87
SHP2040,PO2858,SUP003,CoreSteel,MAT102,Steel Plate,MV Titan,2023-12-16,2023-12-29,2024-01-13,78
SHP2041,PO1991,SUP004,DeltaIron,MAT104,Steel Sheet,MV OceanStar,2023-01-19,2023-02-07,2023-02-03,55
SHP2042,PO1600,SUP001,AlphaSteel,MAT104,Steel Sheet,MV OceanStar,2028-04-14,2028-04-26,2028-04-29,41
SHP2043,PO1089,SUP005,PrimeSteel,MAT101,Steel Rod,MV Titan,2025-12-25,2026-01-04,2026-01-24,45
SHP2044,PO2426,SUP002,BetaMetals,MAT104,Steel Sheet,MV Titan,2026-03-16,2026-04-04,2026-03-29,84
SHP2045,PO1390,SUP005,PrimeSteel,MAT101,Steel Rod,MV Titan,2025-06-21,2025-07-04,2025-07-12,85
SHP2046,PO1989,SUP005,PrimeSteel,MAT101,Steel Rod,MV OceanStar,2025-05-25,2025-06-17,2025-06-09,67
SHP2047,PO1519,SUP002,BetaMetals,MAT103,Steel Bar,MV Titan,2024-09-06,2024-09-29,2024-09-26,73
SHP2048,PO2445,SUP002,BetaMetals,MAT102,Steel Plate,MV OceanStar,2026-04-07,2026-04-25,2026-04-30,87
SHP2049,PO1064,SUP003,CoreSteel,MAT100,Steel Coil,MV Titan,2024-02-12,2024-02-29,2024-03-10,50
SHP2050,PO2384,SUP001,AlphaSteel,MAT100,Steel Coil,MV Titan,2023-05-31,2023-06-11,2023-06-17,88
SHP2051,PO2618,SUP005,PrimeSteel,MAT101,Steel Rod,MV Horizon,2025-12-28,2026-01-07,2026-01-11,68
SHP2052,PO1141,SUP004,DeltaIron,MAT101,Steel Rod,MV Horizon,2027-08-31,2027-09-19,2027-09-21,53
SHP2053,PO1842,SUP002,BetaMetals,MAT102,Steel Plate,MV OceanStar,2026-07-15,2026-07-30,2026-07-27,62
SHP2054,PO2717,SUP002,BetaMetals,MAT102,Steel Plate,MV Horizon,2026-02-24,2026-03-12,2026-03-13,60
SHP2055,PO1538,SUP002,BetaMetals,MAT100,Steel Coil,MV Horizon,2024-09-23,2024-10-12,2024-10-26,85
SHP2056,PO2275,SUP002,BetaMetals,MAT101,Steel Rod,MV OceanStar,2024-03-16,2024-03-28,2024-03-29,70
SHP2057,PO1064,SUP004,DeltaIron,MAT103,Steel Bar,MV Horizon,2027-01-30,2027-02-19,2027-02-27,80
SHP2058,PO1452,SUP002,BetaMetals,MAT104,Steel Sheet,MV Titan,2026-01-17,2026-01-31,2026-02-20,63
SHP2059,PO2541,SUP005,PrimeSteel,MAT100,Steel Coil,MV OceanStar,2026-09-05,2026-09-25,2026-09-30,79
SHP2060,PO1721,SUP001,AlphaSteel,MAT100,Steel Coil,MV OceanStar,2024-04-28,2024-05-22,2024-05-23,67
SHP2061,PO2023,SUP001,AlphaSteel,MAT100,Steel Coil,MV Titan,2028-05-28,2028-06-17,2028-06-11,94
SHP2062,PO1837,SUP001,AlphaSteel,MAT102,Steel Plate,MV Titan,2023-01-14,2023-02-06,2023-01-31,94
SHP2063,PO2112,SUP005,PrimeSteel,MAT102,Steel Plate,MV Titan,2023-07-28,2023-08-09,2023-08-21,50
SHP2064,PO2825,SUP004,DeltaIron,MAT104,Steel Sheet,MV Horizon,2026-12-09,2026-12-29,2027-01-09,81
SHP2065,PO1667,SUP001,AlphaSteel,MAT100,Steel Coil,MV Horizon,2025-07-23,2025-08-14,2025-08-18,60
SHP2066,PO2258,SUP001,AlphaSteel,MAT103,Steel Bar,MV Horizon,2026-12-10,2026-12-24,2026-12-22,55
SHP2067,PO2418,SUP005,PrimeSteel,MAT103,Steel Bar,MV Titan,2023-01-27,2023-02-20,2023-02-27,82
SHP2068,PO1295,SUP004,DeltaIron,MAT101,Steel Rod,MV Titan,2028-01-24,2028-02-17,2028-02-14,79
SHP2069,PO1547,SUP002,BetaMetals,MAT103,Steel Bar,MV Horizon,2025-09-07,2025-09-22,2025-09-26,47
SHP2070,PO2633,SUP001,AlphaSteel,MAT103,Steel Bar,MV Horizon,2024-03-29,2024-04-11,2024-04-16,49
SHP2071,PO1751,SUP002,BetaMetals,MAT100,Steel Coil,MV OceanStar,2023-05-25,2023-06-08,2023-06-23,82
SHP2072,PO1181,SUP005,PrimeSteel,MAT104,Steel Sheet,MV Titan,2027-01-06,2027-01-28,2027-02-09,70
SHP2073,PO2343,SUP002,BetaMetals,MAT101,Steel Rod,MV Titan,2028-05-03,2028-05-16,2028-05-26,46
SHP2074,PO2623,SUP002,BetaMetals,MAT101,Steel Rod,MV Horizon,2027-02-28,2027-03-22,2027-03-21,53
SHP2075,PO1041,SUP003,CoreSteel,MAT100,Steel Coil,MV Horizon,2025-04-10,2025-04-30,2025-05-14,80
SHP2076,PO1756,SUP004,DeltaIron,MAT103,Steel Bar,MV Horizon,2026-09-16,2026-10-06,2026-10-06,58
SHP2077,PO2960,SUP005,PrimeSteel,MAT101,Steel Rod,MV Horizon,2025-06-12,2025-06-30,2025-07-07,49
SHP2078,PO2268,SUP004,DeltaIron,MAT104,Steel Sheet,MV Titan,2025-11-28,2025-12-11,2025-12-29,50
SHP2079,PO2781,SUP001,AlphaSteel,MAT102,Steel Plate,MV Titan,2027-11-30,2027-12-17,2027-12-15,77
SHP2080,PO2417,SUP003,CoreSteel,MAT103,Steel Bar,MV Titan,2026-07-18,2026-08-02,2026-08-14,50
SHP2081,PO2023,SUP003,CoreSteel,MAT103,Steel Bar,MV Horizon,2023-06-20,2023-07-03,2023-07-02,86
SHP2082,PO1310,SUP003,CoreSteel,MAT102,Steel Plate,MV OceanStar,2025-06-23,2025-07-16,2025-07-05,74
SHP2083,PO2338,SUP002,BetaMetals,MAT101,Steel Rod,MV Titan,2023-09-07,2023-09-28,2023-09-20,51
SHP2084,PO2603,SUP004,DeltaIron,MAT104,Steel Sheet,MV Horizon,2025-10-01,2025-10-22,2025-10-22,42
SHP2085,PO2125,SUP001,AlphaSteel,MAT100,Steel Coil,MV Horizon,2025-04-21,2025-05-12,2025-05-04,88
SHP2086,PO1396,SUP005,PrimeSteel,MAT100,Steel Coil,MV OceanStar,2025-06-10,2025-06-28,2025-07-07,72
SHP2087,PO2886,SUP005,PrimeSteel,MAT101,Steel Rod,MV OceanStar,2024-01-24,2024-02-14,2024-02-10,51
SHP2088,PO1848,SUP001,AlphaSteel,MAT101,Steel Rod,MV OceanStar,2024-04-18,2024-05-02,2024-05-11,49
SHP2089,PO1631,SUP005,PrimeSteel,MAT102,Steel Plate,MV Titan,2025-02-08,2025-02-22,2025-03-14,56
SHP2090,PO2292,SUP001,AlphaSteel,MAT102,Steel Plate,MV Horizon,2027-01-04,2027-01-24,2027-01-23,72
SHP2091,PO2891,SUP002,BetaMetals,MAT100,Steel Coil,MV Horizon,2024-05-13,2024-05-28,2024-05-25,74
SHP2092,PO1762,SUP004,DeltaIron,MAT100,Steel Coil,MV Horizon,2026-10-07,2026-10-21,2026-11-09,46
SHP2093,PO2607,SUP003,CoreSteel,MAT104,Steel Sheet,MV Horizon,2026-03-01,2026-03-16,2026-03-27,43
SHP2094,PO2416,SUP003,CoreSteel,MAT101,Steel Rod,MV Titan,2027-12-06,2027-12-19,2028-01-05,87
SHP2095,PO1963,SUP004,DeltaIron,MAT100,Steel Coil,MV Titan,2024-01-01,2024-01-18,2024-01-15,89
SHP2096,PO1486,SUP004,DeltaIron,MAT101,Steel Rod,MV Titan,2025-02-09,2025-02-28,2025-02-23,85
SHP2097,PO1851,SUP002,BetaMetals,MAT101,Steel Rod,MV Horizon,2023-02-27,2023-03-16,2023-03-26,84
SHP2098,PO1542,SUP005,PrimeSteel,MAT104,Steel Sheet,MV Horizon,2027-04-23,2027-05-12,2027-05-27,85
SHP2099,PO2163,SUP003,CoreSteel,MAT100,Steel Coil,MV OceanStar,2024-12-03,2024-12-16,2025-01-02,60
SHP2100,PO2681,SUP002,BetaMetals,MAT101,Steel Rod,MV OceanStar,2026-06-29,2026-07-22,2026-07-22,92
SHP2101,PO1441,SUP003,CoreSteel,MAT101,Steel Rod,MV Titan,2026-10-19,2026-11-06,2026-11-16,41
SHP2102,PO2064,SUP005,PrimeSteel,MAT104,Steel Sheet,MV Titan,2026-10-18,2026-11-09,2026-11-04,45
SHP2103,PO2368,SUP003,CoreSteel,MAT102,Steel Plate,MV OceanStar,2026-12-21,2027-01-03,2027-01-03,79
SHP2104,PO2431,SUP004,DeltaIron,MAT102,Steel Plate,MV Titan,2028-06-12,2028-06-25,2028-07-06,72
SHP2105,PO1612,SUP002,BetaMetals,MAT103,Steel Bar,MV OceanStar,2026-08-19,2026-09-11,2026-09-12,56
SHP2106,PO1599,SUP001,AlphaSteel,MAT101,Steel Rod,MV Titan,2026-08-30,2026-09-20,2026-09-24,50
SHP2107,PO2494,SUP005,PrimeSteel,MAT103,Steel Bar,MV OceanStar,2026-02-12,2026-02-24,2026-03-06,90
SHP2108,PO1253,SUP005,PrimeSteel,MAT104,Steel Sheet,MV Titan,2024-06-25,2024-07-15,2024-07-22,42
SHP2109,PO1227,SUP004,DeltaIron,MAT102,Steel Plate,MV Horizon,2024-05-22,2024-06-08,2024-06-19,62
SHP2110,PO2571,SUP001,AlphaSteel,MAT101,Steel Rod,MV OceanStar,2024-11-12,2024-11-30,2024-12-03,52
SHP2111,PO1278,SUP003,CoreSteel,MAT103,Steel Bar,MV Horizon,2023-12-19,2024-01-09,2024-01-12,83
SHP2112,PO2122,SUP005,PrimeSteel,MAT103,Steel Bar,MV Horizon,2024-05-27,2024-06-14,2024-06-10,57
SHP2113,PO1432,SUP001,AlphaSteel,MAT101,Steel Rod,MV Horizon,2023-04-10,2023-05-01,2023-04-29,78
SHP2114,PO1862,SUP003,CoreSteel,MAT104,Steel Sheet,MV OceanStar,2023-03-07,2023-03-19,2023-04-04,46
SHP2115,PO1406,SUP004,DeltaIron,MAT101,Steel Rod,MV Titan,2024-06-10,2024-06-30,2024-06-26,68
SHP2116,PO1098,SUP003,CoreSteel,MAT103,Steel Bar,MV OceanStar,2026-10-25,2026-11-11,2026-11-16,47
SHP2117,PO2858,SUP002,BetaMetals,MAT100,Steel Coil,MV Horizon,2025-11-08,2025-11-21,2025-12-03,64
SHP2118,PO1231,SUP005,PrimeSteel,MAT101,Steel Rod,MV Titan,2024-06-11,2024-06-29,2024-06-25,54
SHP2119,PO2120,SUP003,CoreSteel,MAT100,Steel Coil,MV Horizon,2027-06-13,2027-06-23,2027-06-29,70
SHP2120,PO2643,SUP002,BetaMetals,MAT101,Steel Rod,MV Titan,2023-07-21,2023-08-05,2023-08-18,55
SHP2121,PO1648,SUP005,PrimeSteel,MAT103,Steel Bar,MV OceanStar,2024-09-18,2024-10-11,2024-10-13,88
SHP2122,PO2480,SUP004,DeltaIron,MAT101,Steel Rod,MV OceanStar,2024-11-05,2024-11-16,2024-12-05,88
SHP2123,PO1065,SUP001,AlphaSteel,MAT100,Steel Coil,MV Titan,2025-03-30,2025-04-17,2025-05-03,85
SHP2124,PO2837,SUP005,PrimeSteel,MAT102,Steel Plate,MV Titan,2025-11-30,2025-12-16,2025-12-25,78
SHP2125,PO1634,SUP004,DeltaIron,MAT100,Steel Coil,MV OceanStar,2024-10-01,2024-10-16,2024-10-27,66
SHP2126,PO1684,SUP004,DeltaIron,MAT101,Steel Rod,MV Titan,2028-01-22,2028-02-14,2028-02-22,81
SHP2127,PO1652,SUP005,PrimeSteel,MAT103,Steel Bar,MV Horizon,2026-01-23,2026-02-14,2026-02-26,86
SHP2128,PO1199,SUP001,AlphaSteel,MAT103,Steel Bar,MV Horizon,2024-05-03,2024-05-27,2024-06-01,91
SHP2129,PO2502,SUP002,BetaMetals,MAT103,Steel Bar,MV OceanStar,2024-01-25,2024-02-08,2024-02-16,67
SHP2130,PO2861,SUP005,PrimeSteel,MAT104,Steel Sheet,MV Horizon,2023-06-27,2023-07-08,2023-07-25,94
SHP2131,PO1053,SUP002,BetaMetals,MAT102,Steel Plate,MV OceanStar,2023-10-13,2023-11-02,2023-11-15,62
SHP2132,PO1647,SUP001,AlphaSteel,MAT103,Steel Bar,MV OceanStar,2023-02-21,2023-03-04,2023-03-21,45
SHP2133,PO1520,SUP005,PrimeSteel,MAT100,Steel Coil,MV Horizon,2025-06-11,2025-06-26,2025-07-02,40
SHP2134,PO1385,SUP004,DeltaIron,MAT101,Steel Rod,MV OceanStar,2025-05-22,2025-06-04,2025-06-17,79
SHP2135,PO2977,SUP004,DeltaIron,MAT101,Steel Rod,MV Horizon,2025-12-29,2026-01-10,2026-01-17,62
SHP2136,PO2912,SUP002,BetaMetals,MAT101,Steel Rod,MV Horizon,2028-03-11,2028-03-30,2028-04-10,77
SHP2137,PO1968,SUP004,DeltaIron,MAT103,Steel Bar,MV Titan,2027-12-07,2027-12-31,2028-01-02,66
SHP2138,PO2063,SUP002,BetaMetals,MAT101,Steel Rod,MV Titan,2023-12-14,2023-12-29,2024-01-08,68
SHP2139,PO1229,SUP003,CoreSteel,MAT104,Steel Sheet,MV Horizon,2027-04-07,2027-05-01,2027-04-29,89
SHP2140,PO1357,SUP005,PrimeSteel,MAT103,Steel Bar,MV Horizon,2023-03-15,2023-04-06,2023-04-14,53
SHP2141,PO1403,SUP002,BetaMetals,MAT102,Steel Plate,MV OceanStar,2024-08-14,2024-08-27,2024-09-10,92
SHP2142,PO1385,SUP004,DeltaIron,MAT101,Steel Rod,MV Horizon,2025-03-31,2025-04-14,2025-04-30,63
SHP2143,PO2481,SUP003,CoreSteel,MAT103,Steel Bar,MV Horizon,2023-01-11,2023-02-02,2023-01-30,49
SHP2144,PO1586,SUP002,BetaMetals,MAT103,Steel Bar,MV OceanStar,2027-04-29,2027-05-10,2027-05-13,90
SHP2145,PO2981,SUP004,DeltaIron,MAT104,Steel Sheet,MV OceanStar,2027-10-31,2027-11-12,2027-11-14,85
SHP2146,PO1790,SUP002,BetaMetals,MAT101,Steel Rod,MV Horizon,2027-10-02,2027-10-19,2027-10-31,64
SHP2147,PO1301,SUP001,AlphaSteel,MAT101,Steel Rod,MV Horizon,2024-08-19,2024-09-12,2024-09-04,87
SHP2148,PO1258,SUP002,BetaMetals,MAT101,Steel Rod,MV Horizon,2026-03-03,2026-03-21,2026-03-24,53
SHP2149,PO1677,SUP004,DeltaIron,MAT104,Steel Sheet,MV Horizon,2023-03-18,2023-04-10,2023-04-20,56
SHP2150,PO1978,SUP004,DeltaIron,MAT103,Steel Bar,MV Titan,2028-05-19,2028-06-03,2028-06-16,73
SHP2151,PO2632,SUP003,CoreSteel,MAT101,Steel Rod,MV OceanStar,2025-12-09,2026-01-01,2025-12-25,47
SHP2152,PO1684,SUP001,AlphaSteel,MAT103,Steel Bar,MV OceanStar,2025-01-29,2025-02-13,2025-02-16,77
SHP2153,PO2253,SUP002,BetaMetals,MAT103,Steel Bar,MV Horizon,2026-09-30,2026-10-12,2026-10-18,88
SHP2154,PO2602,SUP003,CoreSteel,MAT101,Steel Rod,MV Titan,2023-08-05,2023-08-22,2023-09-03,61
SHP2155,PO2137,SUP005,PrimeSteel,MAT102,Steel Plate,MV Titan,2027-04-05,2027-04-27,2027-04-19,43
SHP2156,PO1246,SUP003,CoreSteel,MAT103,Steel Bar,MV Horizon,2025-10-25,2025-11-04,2025-11-28,83
SHP2157,PO1125,SUP001,AlphaSteel,MAT104,Steel Sheet,MV OceanStar,2026-05-07,2026-05-21,2026-05-30,92
SHP2158,PO1077,SUP004,DeltaIron,MAT100,Steel Coil,MV Titan,2026-01-12,2026-01-24,2026-02-04,74
SHP2159,PO1854,SUP001,AlphaSteel,MAT100,Steel Coil,MV Titan,2026-08-11,2026-08-29,2026-09-02,50
SHP2160,PO1986,SUP001,AlphaSteel,MAT102,Steel Plate,MV Horizon,2027-09-02,2027-09-15,2027-10-02,92
SHP2161,PO2500,SUP002,BetaMetals,MAT100,Steel Coil,MV OceanStar,2023-08-06,2023-08-30,2023-08-24,79
SHP2162,PO1280,SUP002,BetaMetals,MAT102,Steel Plate,MV OceanStar,2026-12-05,2026-12-17,2027-01-08,67
SHP2163,PO1164,SUP005,PrimeSteel,MAT101,Steel Rod,MV OceanStar,2023-07-20,2023-08-02,2023-08-04,81
SHP2164,PO2102,SUP003,CoreSteel,MAT104,Steel Sheet,MV Titan,2025-02-24,2025-03-06,2025-03-17,61
SHP2165,PO1138,SUP001,AlphaSteel,MAT102,Steel Plate,MV Titan,2024-07-30,2024-08-12,2024-08-12,91
SHP2166,PO1381,SUP002,BetaMetals,MAT100,Steel Coil,MV Horizon,2026-09-01,2026-09-24,2026-09-20,90
SHP2167,PO1730,SUP004,DeltaIron,MAT104,Steel Sheet,MV Horizon,2028-01-25,2028-02-04,2028-02-12,71
SHP2168,PO1858,SUP004,DeltaIron,MAT100,Steel Coil,MV Titan,2026-09-25,2026-10-13,2026-10-08,78
SHP2169,PO2495,SUP005,PrimeSteel,MAT103,Steel Bar,MV OceanStar,2026-01-24,2026-02-12,2026-02-22,57
SHP2170,PO1304,SUP005,PrimeSteel,MAT102,Steel Plate,MV Titan,2025-05-11,2025-06-04,2025-05-29,57
SHP2171,PO1220,SUP003,CoreSteel,MAT103,Steel Bar,MV Horizon,2025-10-02,2025-10-14,2025-11-04,59
SHP2172,PO1153,SUP004,DeltaIron,MAT102,Steel Plate,MV Titan,2025-12-31,2026-01-11,2026-01-28,65
SHP2173,PO1327,SUP003,CoreSteel,MAT102,Steel Plate,MV OceanStar,2027-03-10,2027-03-30,2027-04-07,82
SHP2174,PO2745,SUP003,CoreSteel,MAT102,Steel Plate,MV Titan,2023-11-23,2023-12-08,2023-12-12,45
SHP2175,PO2683,SUP002,BetaMetals,MAT102,Steel Plate,MV OceanStar,2027-04-26,2027-05-16,2027-05-30,59
SHP2176,PO2426,SUP001,AlphaSteel,MAT103,Steel Bar,MV Titan,2026-03-30,2026-04-23,2026-04-12,82
SHP2177,PO2945,SUP004,DeltaIron,MAT102,Steel Plate,MV Titan,2026-05-29,2026-06-18,2026-06-26,77
SHP2178,PO2544,SUP003,CoreSteel,MAT102,Steel Plate,MV Titan,2024-02-18,2024-03-01,2024-03-15,59
SHP2179,PO1073,SUP003,CoreSteel,MAT102,Steel Plate,MV Titan,2027-05-27,2027-06-09,2027-06-28,80
SHP2180,PO2014,SUP005,PrimeSteel,MAT102,Steel Plate,MV Horizon,2024-06-23,2024-07-17,2024-07-16,46
SHP2181,PO1771,SUP005,PrimeSteel,MAT100,Steel Coil,MV Titan,2026-01-15,2026-02-05,2026-01-29,54
SHP2182,PO2673,SUP003,CoreSteel,MAT102,Steel Plate,MV Horizon,2024-05-16,2024-06-03,2024-06-17,66
SHP2183,PO1781,SUP001,AlphaSteel,MAT103,Steel Bar,MV OceanStar,2024-03-22,2024-04-11,2024-04-13,68
SHP2184,PO2642,SUP002,BetaMetals,MAT100,Steel Coil,MV Horizon,2026-10-12,2026-11-02,2026-10-25,88
SHP2185,PO1339,SUP003,CoreSteel,MAT101,Steel Rod,MV Titan,2025-07-24,2025-08-11,2025-08-23,79
SHP2186,PO1952,SUP001,AlphaSteel,MAT101,Steel Rod,MV Horizon,2027-07-08,2027-08-01,2027-07-22,44
SHP2187,PO1263,SUP001,AlphaSteel,MAT100,Steel Coil,MV Titan,2023-11-10,2023-11-29,2023-11-27,61
SHP2188,PO2443,SUP005,PrimeSteel,MAT100,Steel Coil,MV Horizon,2027-02-10,2027-03-04,2027-03-10,80
SHP2189,PO1002,SUP001,AlphaSteel,MAT102,Steel Plate,MV Horizon,2026-11-06,2026-11-25,2026-11-28,81
SHP2190,PO1896,SUP002,BetaMetals,MAT102,Steel Plate,MV Titan,2028-04-22,2028-05-06,2028-05-24,60
SHP2191,PO2844,SUP002,BetaMetals,MAT104,Steel Sheet,MV Horizon,2023-11-30,2023-12-14,2023-12-30,48
SHP2192,PO1524,SUP001,AlphaSteel,MAT102,Steel Plate,MV Titan,2028-02-12,2028-03-01,2028-02-25,74
SHP2193,PO2079,SUP005,PrimeSteel,MAT100,Steel Coil,MV Titan,2023-08-15,2023-09-06,2023-09-03,40
SHP2194,PO2853,SUP002,BetaMetals,MAT102,Steel Plate,MV Titan,2024-08-15,2024-09-02,2024-09-11,87
SHP2195,PO1657,SUP003,CoreSteel,MAT100,Steel Coil,MV Horizon,2027-11-27,2027-12-19,2027-12-22,43
SHP2196,PO1050,SUP003,CoreSteel,MAT104,Steel Sheet,MV Horizon,2027-12-18,2028-01-09,2028-01-18,88
SHP2197,PO2613,SUP005,PrimeSteel,MAT100,Steel Coil,MV Horizon,2025-02-06,2025-03-02,2025-03-10,48
SHP2198,PO1017,SUP003,CoreSteel,MAT100,Steel Coil,MV OceanStar,2027-03-04,2027-03-14,2027-04-05,80
SHP2199,PO1209,SUP005,PrimeSteel,MAT100,Steel Coil,MV Horizon,2025-06-26,2025-07-12,2025-07-13,68
SHP2200,PO2506,SUP005,PrimeSteel,MAT104,Steel Sheet,MV Horizon,2023-07-25,2023-08-09,2023-08-25,55
SHP2201,PO2083,SUP001,AlphaSteel,MAT101,Steel Rod,MV Horizon,2024-07-17,2024-07-27,2024-08-20,77
SHP2202,PO2765,SUP004,DeltaIron,MAT104,Steel Sheet,MV Horizon,2023-04-27,2023-05-14,2023-05-12,58
SHP2203,PO1253,SUP001,AlphaSteel,MAT102,Steel Plate,MV OceanStar,2024-07-16,2024-07-31,2024-08-19,46
SHP2204,PO2393,SUP004,DeltaIron,MAT100,Steel Coil,MV Horizon,2026-03-11,2026-03-26,2026-03-27,84
SHP2205,PO2220,SUP004,DeltaIron,MAT103,Steel Bar,MV Horizon,2025-09-04,2025-09-15,2025-09-30,56
SHP2206,PO2586,SUP004,DeltaIron,MAT100,Steel Coil,MV Horizon,2024-01-03,2024-01-26,2024-02-05,48
SHP2207,PO2470,SUP004,DeltaIron,MAT103,Steel Bar,MV OceanStar,2027-01-14,2027-01-28,2027-02-14,45
SHP2208,PO2547,SUP005,PrimeSteel,MAT103,Steel Bar,MV Titan,2028-03-27,2028-04-07,2028-04-15,73
SHP2209,PO1599,SUP005,PrimeSteel,MAT102,Steel Plate,MV Horizon,2026-10-26,2026-11-12,2026-11-29,87
SHP2210,PO2109,SUP004,DeltaIron,MAT104,Steel Sheet,MV Titan,2026-07-10,2026-08-02,2026-07-26,67
SHP2211,PO1818,SUP005,PrimeSteel,MAT103,Steel Bar,MV Horizon,2023-09-09,2023-09-22,2023-09-22,90
SHP2212,PO2079,SUP001,AlphaSteel,MAT100,Steel Coil,MV OceanStar,2026-05-26,2026-06-07,2026-06-14,42
SHP2213,PO1954,SUP004,DeltaIron,MAT102,Steel Plate,MV Titan,2025-04-14,2025-04-27,2025-05-07,64
SHP2214,PO2520,SUP001,AlphaSteel,MAT100,Steel Coil,MV Horizon,2023-04-21,2023-05-07,2023-05-18,43
SHP2215,PO2432,SUP002,BetaMetals,MAT104,Steel Sheet,MV Horizon,2026-11-15,2026-12-02,2026-12-10,60
SHP2216,PO1251,SUP003,CoreSteel,MAT100,Steel Coil,MV Titan,2023-04-28,2023-05-20,2023-05-24,59
SHP2217,PO2414,SUP002,BetaMetals,MAT102,Steel Plate,MV OceanStar,2027-11-10,2027-11-22,2027-11-24,49
SHP2218,PO2938,SUP001,AlphaSteel,MAT102,Steel Plate,MV Titan,2023-03-21,2023-04-14,2023-04-14,88
SHP2219,PO1580,SUP003,CoreSteel,MAT101,Steel Rod,MV OceanStar,2023-01-20,2023-01-30,2023-02-15,47
SHP2220,PO1441,SUP001,AlphaSteel,MAT104,Steel Sheet,MV Titan,2024-08-18,2024-09-02,2024-09-08,63
SHP2221,PO1282,SUP001,AlphaSteel,MAT102,Steel Plate,MV Titan,2026-02-08,2026-02-28,2026-02-20,86
SHP2222,PO1105,SUP002,BetaMetals,MAT100,Steel Coil,MV Titan,2026-11-26,2026-12-08,2026-12-26,79
SHP2223,PO1280,SUP003,CoreSteel,MAT100,Steel Coil,MV Horizon,2027-08-02,2027-08-19,2027-09-04,53
SHP2224,PO2675,SUP004,DeltaIron,MAT101,Steel Rod,MV Horizon,2024-10-20,2024-10-30,2024-11-15,79
SHP2225,PO2356,SUP002,BetaMetals,MAT102,Steel Plate,MV OceanStar,2023-09-22,2023-10-11,2023-10-06,52
SHP2226,PO2270,SUP001,AlphaSteel,MAT102,Steel Plate,MV OceanStar,2023-10-08,2023-10-31,2023-11-02,89
SHP2227,PO1548,SUP001,AlphaSteel,MAT103,Steel Bar,MV OceanStar,2025-02-05,2025-02-19,2025-03-11,80
SHP2228,PO1449,SUP004,DeltaIron,MAT100,Steel Coil,MV Titan,2024-10-25,2024-11-05,2024-11-28,75
SHP2229,PO1318,SUP001,AlphaSteel,MAT100,Steel Coil,MV Titan,2026-11-07,2026-11-27,2026-12-08,79
SHP2230,PO1602,SUP001,AlphaSteel,MAT103,Steel Bar,MV OceanStar,2026-04-04,2026-04-14,2026-04-22,51
SHP2231,PO1598,SUP005,PrimeSteel,MAT102,Steel Plate,MV Titan,2027-12-26,2028-01-11,2028-01-15,67
SHP2232,PO2182,SUP005,PrimeSteel,MAT100,Steel Coil,MV Titan,2028-01-18,2028-02-08,2028-02-12,56
SHP2233,PO2227,SUP001,AlphaSteel,MAT104,Steel Sheet,MV Titan,2025-05-04,2025-05-18,2025-05-25,44
SHP2234,PO1015,SUP003,CoreSteel,MAT103,Steel Bar,MV Titan,2027-11-14,2027-11-25,2027-12-10,49
SHP2235,PO2173,SUP005,PrimeSteel,MAT104,Steel Sheet,MV OceanStar,2024-06-12,2024-06-24,2024-07-14,74
SHP2236,PO2700,SUP004,DeltaIron,MAT104,Steel Sheet,MV OceanStar,2025-06-09,2025-07-01,2025-06-27,50
SHP2237,PO2117,SUP002,BetaMetals,MAT104,Steel Sheet,MV OceanStar,2026-02-09,2026-03-02,2026-03-06,86
SHP2238,PO1584,SUP003,CoreSteel,MAT102,Steel Plate,MV Titan,2027-03-03,2027-03-19,2027-03-30,69
SHP2239,PO2539,SUP005,PrimeSteel,MAT100,Steel Coil,MV Horizon,2028-02-01,2028-02-14,2028-02-17,46
SHP2240,PO1679,SUP003,CoreSteel,MAT101,Steel Rod,MV Horizon,2025-10-13,2025-10-28,2025-11-04,50
SHP2241,PO2828,SUP001,AlphaSteel,MAT103,Steel Bar,MV Horizon,2025-08-02,2025-08-14,2025-08-16,50
SHP2242,PO2449,SUP005,PrimeSteel,MAT102,Steel Plate,MV Titan,2026-09-23,2026-10-12,2026-10-16,47
SHP2243,PO1052,SUP003,CoreSteel,MAT104,Steel Sheet,MV OceanStar,2026-06-22,2026-07-14,2026-07-05,85
SHP2244,PO1908,SUP001,AlphaSteel,MAT103,Steel Bar,MV Titan,2027-09-15,2027-10-08,2027-09-30,46
SHP2245,PO2381,SUP004,DeltaIron,MAT104,Steel Sheet,MV Horizon,2027-10-11,2027-10-24,2027-11-08,58
SHP2246,PO1642,SUP004,DeltaIron,MAT101,Steel Rod,MV Horizon,2025-08-07,2025-08-29,2025-08-30,57
SHP2247,PO2967,SUP004,DeltaIron,MAT100,Steel Coil,MV Titan,2023-07-05,2023-07-19,2023-07-24,88
SHP2248,PO1654,SUP003,CoreSteel,MAT104,Steel Sheet,MV Titan,2024-12-18,2025-01-05,2025-01-20,74
SHP2249,PO2632,SUP003,CoreSteel,MAT104,Steel Sheet,MV OceanStar,2023-05-01,2023-05-20,2023-05-30,73
SHP2250,PO1528,SUP005,PrimeSteel,MAT100,Steel Coil,MV Titan,2023-10-01,2023-10-11,2023-10-29,74
SHP2251,PO2644,SUP001,AlphaSteel,MAT101,Steel Rod,MV Horizon,2026-07-25,2026-08-16,2026-08-21,52
SHP2252,PO2150,SUP005,PrimeSteel,MAT102,Steel Plate,MV Horizon,2026-11-14,2026-12-08,2026-12-05,59
SHP2253,PO1668,SUP005,PrimeSteel,MAT103,Steel Bar,MV Titan,2025-12-16,2025-12-30,2026-01-19,68
SHP2254,PO1436,SUP003,CoreSteel,MAT102,Steel Plate,MV Titan,2024-07-09,2024-07-29,2024-07-27,62
SHP2255,PO2401,SUP005,PrimeSteel,MAT102,Steel Plate,MV Horizon,2025-04-19,2025-04-30,2025-05-21,60
SHP2256,PO2194,SUP002,BetaMetals,MAT102,Steel Plate,MV OceanStar,2025-11-27,2025-12-12,2025-12-25,42
SHP2257,PO1997,SUP004,DeltaIron,MAT100,Steel Coil,MV Horizon,2025-12-06,2025-12-18,2025-12-28,71
SHP2258,PO1949,SUP005,PrimeSteel,MAT103,Steel Bar,MV Horizon,2023-03-01,2023-03-19,2023-03-21,74
SHP2259,PO1392,SUP002,BetaMetals,MAT100,Steel Coil,MV OceanStar,2026-02-21,2026-03-07,2026-03-23,72
SHP2260,PO1411,SUP001,AlphaSteel,MAT103,Steel Bar,MV OceanStar,2025-01-17,2025-02-09,2025-02-17,63
SHP2261,PO2423,SUP004,DeltaIron,MAT101,Steel Rod,MV OceanStar,2028-04-12,2028-04-25,2028-05-15,93
SHP2262,PO2352,SUP003,CoreSteel,MAT103,Steel Bar,MV Horizon,2023-07-30,2023-08-15,2023-08-30,75
SHP2263,PO2974,SUP002,BetaMetals,MAT104,Steel Sheet,MV Titan,2024-06-04,2024-06-28,2024-07-01,47
SHP2264,PO2461,SUP005,PrimeSteel,MAT102,Steel Plate,MV Horizon,2025-03-03,2025-03-17,2025-03-25,66
SHP2265,PO2683,SUP003,CoreSteel,MAT101,Steel Rod,MV Titan,2026-10-27,2026-11-09,2026-11-10,94
SHP2266,PO2591,SUP003,CoreSteel,MAT102,Steel Plate,MV OceanStar,2026-07-09,2026-08-01,2026-07-21,55
SHP2267,PO2396,SUP005,PrimeSteel,MAT100,Steel Coil,MV Horizon,2024-11-14,2024-11-30,2024-12-07,88
SHP2268,PO2339,SUP003,CoreSteel,MAT101,Steel Rod,MV OceanStar,2025-01-01,2025-01-12,2025-01-15,60
SHP2269,PO1179,SUP002,BetaMetals,MAT102,Steel Plate,MV Titan,2026-05-19,2026-06-09,2026-06-14,81
SHP2270,PO1421,SUP004,DeltaIron,MAT102,Steel Plate,MV Horizon,2025-01-19,2025-01-30,2025-02-20,65
SHP2271,PO2957,SUP004,DeltaIron,MAT104,Steel Sheet,MV Titan,2023-08-19,2023-09-11,2023-09-19,81
SHP2272,PO1293,SUP002,BetaMetals,MAT102,Steel Plate,MV Titan,2023-03-02,2023-03-13,2023-03-16,41
SHP2273,PO2997,SUP002,BetaMetals,MAT103,Steel Bar,MV Titan,2026-06-04,2026-06-25,2026-07-05,70
SHP2274,PO2205,SUP002,BetaMetals,MAT101,Steel Rod,MV Titan,2024-07-14,2024-07-24,2024-08-01,59
SHP2275,PO1410,SUP004,DeltaIron,MAT103,Steel Bar,MV OceanStar,2023-08-29,2023-09-08,2023-09-24,88
SHP2276,PO2396,SUP005,PrimeSteel,MAT104,Steel Sheet,MV Titan,2025-09-30,2025-10-21,2025-10-29,56
SHP2277,PO2877,SUP002,BetaMetals,MAT101,Steel Rod,MV Horizon,2026-08-29,2026-09-22,2026-09-16,88
SHP2278,PO1372,SUP003,CoreSteel,MAT103,Steel Bar,MV Horizon,2027-12-04,2027-12-20,2027-12-27,90
SHP2279,PO1937,SUP005,PrimeSteel,MAT102,Steel Plate,MV Titan,2027-06-05,2027-06-28,2027-06-30,69
SHP2280,PO2622,SUP002,BetaMetals,MAT100,Steel Coil,MV Horizon,2028-05-07,2028-05-25,2028-05-27,80
SHP2281,PO2830,SUP001,AlphaSteel,MAT103,Steel Bar,MV Titan,2026-06-05,2026-06-26,2026-07-06,82
SHP2282,PO1097,SUP004,DeltaIron,MAT101,Steel Rod,MV Horizon,2024-03-13,2024-03-30,2024-04-15,94
SHP2283,PO2031,SUP002,BetaMetals,MAT103,Steel Bar,MV OceanStar,2027-03-21,2027-04-06,2027-04-03,79
SHP2284,PO2651,SUP005,PrimeSteel,MAT101,Steel Rod,MV OceanStar,2023-07-02,2023-07-18,2023-07-16,43
SHP2285,PO1744,SUP003,CoreSteel,MAT101,Steel Rod,MV Horizon,2028-03-20,2028-04-06,2028-04-20,56
SHP2286,PO2980,SUP002,BetaMetals,MAT102,Steel Plate,MV Titan,2026-04-02,2026-04-19,2026-04-26,91
SHP2287,PO1296,SUP001,AlphaSteel,MAT100,Steel Coil,MV OceanStar,2026-11-21,2026-12-15,2026-12-08,41
SHP2288,PO2750,SUP001,AlphaSteel,MAT102,Steel Plate,MV Horizon,2025-05-06,2025-05-29,2025-06-09,62
SHP2289,PO1440,SUP002,BetaMetals,MAT104,Steel Sheet,MV OceanStar,2024-12-19,2025-01-08,2025-01-07,50
SHP2290,PO2044,SUP001,AlphaSteel,MAT101,Steel Rod,MV Titan,2024-08-25,2024-09-06,2024-09-09,57
SHP2291,PO2405,SUP002,BetaMetals,MAT103,Steel Bar,MV Titan,2028-02-23,2028-03-18,2028-03-26,92
SHP2292,PO2374,SUP005,PrimeSteel,MAT101,Steel Rod,MV OceanStar,2026-11-13,2026-11-24,2026-12-04,84
SHP2293,PO2461,SUP002,BetaMetals,MAT101,Steel Rod,MV Titan,2023-12-29,2024-01-20,2024-01-21,42
SHP2294,PO1705,SUP002,BetaMetals,MAT103,Steel Bar,MV Titan,2023-10-05,2023-10-29,2023-11-02,88
SHP2295,PO2340,SUP002,BetaMetals,MAT100,Steel Coil,MV Titan,2024-05-19,2024-06-08,2024-06-22,40
SHP2296,PO1509,SUP004,DeltaIron,MAT104,Steel Sheet,MV Titan,2023-09-17,2023-09-29,2023-10-04,89
SHP2297,PO1765,SUP005,PrimeSteel,MAT104,Steel Sheet,MV Titan,2026-01-27,2026-02-12,2026-02-18,47
SHP2298,PO1538,SUP002,BetaMetals,MAT100,Steel Coil,MV Titan,2027-09-27,2027-10-12,2027-10-25,59
SHP2299,PO2573,SUP004,DeltaIron,MAT101,Steel Rod,MV OceanStar,2024-05-25,2024-06-14,2024-06-09,62
SHP2300,PO2639,SUP001,AlphaSteel,MAT104,Steel Sheet,MV Horizon,2027-10-30,2027-11-19,2027-11-21,81
SHP2301,PO1396,SUP002,BetaMetals,MAT103,Steel Bar,MV OceanStar,2027-05-06,2027-05-28,2027-05-18,90
SHP2302,PO2673,SUP002,BetaMetals,MAT100,Steel Coil,MV OceanStar,2025-11-16,2025-12-02,2025-12-06,81
SHP2303,PO1471,SUP003,CoreSteel,MAT103,Steel Bar,MV Titan,2027-04-15,2027-05-03,2027-05-16,42
SHP2304,PO1619,SUP005,PrimeSteel,MAT103,Steel Bar,MV OceanStar,2025-10-28,2025-11-11,2025-11-20,56
SHP2305,PO2573,SUP003,CoreSteel,MAT103,Steel Bar,MV OceanStar,2023-01-17,2023-02-07,2023-02-20,66
SHP2306,PO1661,SUP001,AlphaSteel,MAT102,Steel Plate,MV Titan,2027-05-11,2027-05-26,2027-06-14,74
SHP2307,PO2910,SUP003,CoreSteel,MAT101,Steel Rod,MV Horizon,2028-02-29,2028-03-14,2028-03-19,78
SHP2308,PO1423,SUP005,PrimeSteel,MAT100,Steel Coil,MV Titan,2025-03-26,2025-04-14,2025-04-07,94
SHP2309,PO2364,SUP002,BetaMetals,MAT102,Steel Plate,MV Titan,2023-12-22,2024-01-05,2024-01-13,48
SHP2310,PO2864,SUP005,PrimeSteel,MAT103,Steel Bar,MV Horizon,2025-05-10,2025-05-29,2025-05-29,41
SHP2311,PO2301,SUP002,BetaMetals,MAT103,Steel Bar,MV Titan,2027-06-29,2027-07-22,2027-07-21,51
SHP2312,PO2076,SUP001,AlphaSteel,MAT101,Steel Rod,MV Horizon,2024-02-13,2024-02-27,2024-03-08,79
SHP2313,PO1627,SUP004,DeltaIron,MAT104,Steel Sheet,MV OceanStar,2024-01-06,2024-01-25,2024-02-08,52
SHP2314,PO2178,SUP003,CoreSteel,MAT103,Steel Bar,MV Horizon,2026-02-03,2026-02-27,2026-02-25,67
SHP2315,PO2167,SUP004,DeltaIron,MAT100,Steel Coil,MV OceanStar,2023-11-25,2023-12-06,2023-12-14,50
SHP2316,PO1644,SUP002,BetaMetals,MAT102,Steel Plate,MV OceanStar,2028-03-16,2028-03-26,2028-04-01,72
SHP2317,PO2264,SUP004,DeltaIron,MAT100,Steel Coil,MV Titan,2026-11-24,2026-12-18,2026-12-25,79
SHP2318,PO2725,SUP004,DeltaIron,MAT101,Steel Rod,MV OceanStar,2023-09-18,2023-10-08,2023-10-04,45
SHP2319,PO2850,SUP005,PrimeSteel,MAT100,Steel Coil,MV Titan,2027-07-26,2027-08-10,2027-08-22,86
SHP2320,PO2927,SUP003,CoreSteel,MAT102,Steel Plate,MV Horizon,2027-07-31,2027-08-20,2027-08-18,79
SHP2321,PO2642,SUP002,BetaMetals,MAT101,Steel Rod,MV Titan,2027-08-19,2027-08-31,2027-09-03,44
SHP2322,PO2721,SUP005,PrimeSteel,MAT103,Steel Bar,MV OceanStar,2025-06-16,2025-07-01,2025-07-06,80
SHP2323,PO2441,SUP001,AlphaSteel,MAT101,Steel Rod,MV Titan,2026-01-31,2026-02-17,2026-02-24,79
SHP2324,PO2960,SUP004,DeltaIron,MAT100,Steel Coil,MV Horizon,2028-05-21,2028-06-03,2028-06-02,89
SHP2325,PO1893,SUP003,CoreSteel,MAT104,Steel Sheet,MV OceanStar,2023-05-04,2023-05-26,2023-05-24,42
SHP2326,PO1949,SUP002,BetaMetals,MAT102,Steel Plate,MV OceanStar,2024-01-11,2024-02-03,2024-01-31,81
SHP2327,PO2478,SUP001,AlphaSteel,MAT104,Steel Sheet,MV OceanStar,2026-01-28,2026-02-10,2026-02-14,69
SHP2328,PO1261,SUP005,PrimeSteel,MAT100,Steel Coil,MV OceanStar,2024-02-17,2024-03-01,2024-03-20,70
SHP2329,PO1529,SUP003,CoreSteel,MAT100,Steel Coil,MV OceanStar,2024-11-22,2024-12-03,2024-12-17,60
SHP2330,PO2866,SUP005,PrimeSteel,MAT102,Steel Plate,MV Titan,2027-09-29,2027-10-22,2027-10-19,48
SHP2331,PO2908,SUP003,CoreSteel,MAT103,Steel Bar,MV Horizon,2026-01-10,2026-01-31,2026-01-31,41
SHP2332,PO2288,SUP003,CoreSteel,MAT101,Steel Rod,MV OceanStar,2026-02-04,2026-02-16,2026-02-18,70
SHP2333,PO1346,SUP002,BetaMetals,MAT104,Steel Sheet,MV Titan,2027-07-13,2027-07-29,2027-07-29,52
SHP2334,PO2482,SUP005,PrimeSteel,MAT101,Steel Rod,MV Titan,2023-04-19,2023-05-12,2023-05-06,84
SHP2335,PO1855,SUP004,DeltaIron,MAT100,Steel Coil,MV OceanStar,2027-06-24,2027-07-05,2027-07-15,56
SHP2336,PO2495,SUP002,BetaMetals,MAT102,Steel Plate,MV OceanStar,2028-03-31,2028-04-21,2028-04-28,41
SHP2337,PO1549,SUP004,DeltaIron,MAT101,Steel Rod,MV OceanStar,2025-04-04,2025-04-26,2025-04-28,84
SHP2338,PO2720,SUP005,PrimeSteel,MAT104,Steel Sheet,MV Horizon,2026-07-21,2026-08-05,2026-08-20,51
SHP2339,PO1271,SUP004,DeltaIron,MAT101,Steel Rod,MV Titan,2025-01-05,2025-01-22,2025-01-20,41
SHP2340,PO1559,SUP003,CoreSteel,MAT104,Steel Sheet,MV Titan,2026-07-02,2026-07-26,2026-07-18,81
SHP2341,PO1204,SUP001,AlphaSteel,MAT101,Steel Rod,MV Horizon,2026-03-19,2026-04-10,2026-04-01,46
SHP2342,PO2779,SUP002,BetaMetals,MAT103,Steel Bar,MV Titan,2027-06-03,2027-06-21,2027-06-28,58
SHP2343,PO1017,SUP001,AlphaSteel,MAT100,Steel Coil,MV Titan,2025-05-20,2025-06-04,2025-06-22,68
SHP2344,PO1701,SUP002,BetaMetals,MAT102,Steel Plate,MV OceanStar,2025-02-07,2025-02-26,2025-02-27,52
SHP2345,PO1354,SUP002,BetaMetals,MAT104,Steel Sheet,MV Titan,2026-11-19,2026-11-30,2026-12-11,87
SHP2346,PO2534,SUP003,CoreSteel,MAT100,Steel Coil,MV Titan,2028-03-01,2028-03-16,2028-03-20,89
SHP2347,PO1894,SUP005,PrimeSteel,MAT101,Steel Rod,MV Horizon,2027-01-20,2027-02-01,2027-02-12,60
SHP2348,PO2865,SUP001,AlphaSteel,MAT102,Steel Plate,MV Horizon,2024-04-10,2024-04-23,2024-05-13,90
SHP2349,PO1979,SUP004,DeltaIron,MAT100,Steel Coil,MV Horizon,2024-11-17,2024-12-11,2024-12-18,49
SHP2350,PO1707,SUP005,PrimeSteel,MAT103,Steel Bar,MV Titan,2025-07-28,2025-08-19,2025-08-14,42
SHP2351,PO1458,SUP005,PrimeSteel,MAT101,Steel Rod,MV Horizon,2025-01-20,2025-02-09,2025-02-01,69
SHP2352,PO2128,SUP001,AlphaSteel,MAT100,Steel Coil,MV OceanStar,2025-05-13,2025-06-03,2025-06-02,70
SHP2353,PO2495,SUP002,BetaMetals,MAT100,Steel Coil,MV OceanStar,2027-04-03,2027-04-18,2027-04-30,65
SHP2354,PO2480,SUP001,AlphaSteel,MAT103,Steel Bar,MV Horizon,2026-05-30,2026-06-09,2026-06-17,83
SHP2355,PO2906,SUP005,PrimeSteel,MAT103,Steel Bar,MV Titan,2028-01-31,2028-02-19,2028-02-13,94
SHP2356,PO1006,SUP003,CoreSteel,MAT103,Steel Bar,MV OceanStar,2027-02-27,2027-03-09,2027-03-28,61
SHP2357,PO1273,SUP001,AlphaSteel,MAT101,Steel Rod,MV OceanStar,2025-08-28,2025-09-12,2025-09-30,89
SHP2358,PO2007,SUP005,PrimeSteel,MAT103,Steel Bar,MV OceanStar,2023-08-27,2023-09-12,2023-09-20,79
SHP2359,PO1395,SUP004,DeltaIron,MAT102,Steel Plate,MV OceanStar,2028-02-05,2028-02-24,2028-03-03,88
SHP2360,PO2776,SUP002,BetaMetals,MAT104,Steel Sheet,MV Horizon,2028-04-29,2028-05-09,2028-05-26,78
SHP2361,PO1512,SUP005,PrimeSteel,MAT103,Steel Bar,MV Titan,2028-06-21,2028-07-08,2028-07-15,77
SHP2362,PO2979,SUP001,AlphaSteel,MAT100,Steel Coil,MV OceanStar,2024-07-13,2024-08-03,2024-08-08,40
SHP2363,PO1944,SUP003,CoreSteel,MAT101,Steel Rod,MV Titan,2023-10-09,2023-10-30,2023-11-09,59
SHP2364,PO1084,SUP002,BetaMetals,MAT101,Steel Rod,MV Titan,2024-12-28,2025-01-15,2025-01-25,88
SHP2365,PO2355,SUP002,BetaMetals,MAT100,Steel Coil,MV OceanStar,2027-02-04,2027-02-14,2027-03-02,65
SHP2366,PO1142,SUP003,CoreSteel,MAT104,Steel Sheet,MV Horizon,2024-05-04,2024-05-27,2024-05-21,87
SHP2367,PO1473,SUP003,CoreSteel,MAT103,Steel Bar,MV OceanStar,2027-03-25,2027-04-06,2027-04-09,55
SHP2368,PO2538,SUP005,PrimeSteel,MAT103,Steel Bar,MV OceanStar,2024-12-27,2025-01-17,2025-01-18,40
SHP2369,PO2853,SUP005,PrimeSteel,MAT103,Steel Bar,MV Titan,2027-06-18,2027-07-08,2027-07-05,85
SHP2370,PO1366,SUP002,BetaMetals,MAT101,Steel Rod,MV Titan,2024-08-09,2024-08-30,2024-08-29,74
SHP2371,PO2683,SUP002,BetaMetals,MAT102,Steel Plate,MV Horizon,2025-08-15,2025-08-31,2025-08-28,72
SHP2372,PO1842,SUP003,CoreSteel,MAT104,Steel Sheet,MV OceanStar,2024-06-06,2024-06-22,2024-06-24,51
SHP2373,PO1364,SUP003,CoreSteel,MAT103,Steel Bar,MV Horizon,2025-05-01,2025-05-25,2025-05-25,92
SHP2374,PO1339,SUP005,PrimeSteel,MAT101,Steel Rod,MV Horizon,2027-07-19,2027-08-01,2027-07-31,55
SHP2375,PO2339,SUP005,PrimeSteel,MAT102,Steel Plate,MV Titan,2028-06-09,2028-06-21,2028-06-25,42
SHP2376,PO2488,SUP002,BetaMetals,MAT103,Steel Bar,MV OceanStar,2026-03-20,2026-04-13,2026-04-22,67
SHP2377,PO2642,SUP002,BetaMetals,MAT102,Steel Plate,MV Titan,2025-10-06,2025-10-23,2025-10-27,79
SHP2378,PO1172,SUP002,BetaMetals,MAT104,Steel Sheet,MV OceanStar,2024-08-24,2024-09-06,2024-09-15,51
SHP2379,PO1277,SUP002,BetaMetals,MAT100,Steel Coil,MV Titan,2028-04-16,2028-05-09,2028-05-13,43
SHP2380,PO2476,SUP005,PrimeSteel,MAT103,Steel Bar,MV Titan,2027-12-13,2028-01-02,2027-12-26,82
SHP2381,PO1352,SUP003,CoreSteel,MAT101,Steel Rod,MV OceanStar,2024-09-12,2024-10-03,2024-09-30,72
SHP2382,PO1606,SUP002,BetaMetals,MAT104,Steel Sheet,MV Titan,2027-09-22,2027-10-02,2027-10-19,76
SHP2383,PO1310,SUP001,AlphaSteel,MAT102,Steel Plate,MV Horizon,2023-09-04,2023-09-16,2023-09-18,62
SHP2384,PO1505,SUP005,PrimeSteel,MAT100,Steel Coil,MV Titan,2023-01-29,2023-02-09,2023-02-24,45
SHP2385,PO2053,SUP004,DeltaIron,MAT102,Steel Plate,MV OceanStar,2024-02-25,2024-03-18,2024-03-29,76
SHP2386,PO2749,SUP003,CoreSteel,MAT102,Steel Plate,MV Horizon,2027-07-02,2027-07-21,2027-07-15,80
SHP2387,PO1857,SUP005,PrimeSteel,MAT103,Steel Bar,MV Titan,2027-11-15,2027-12-04,2027-12-08,74
SHP2388,PO1517,SUP001,AlphaSteel,MAT101,Steel Rod,MV Horizon,2025-08-26,2025-09-05,2025-09-17,55
SHP2389,PO2463,SUP002,BetaMetals,MAT103,Steel Bar,MV Titan,2027-04-20,2027-05-13,2027-05-20,92
SHP2390,PO2912,SUP001,AlphaSteel,MAT101,Steel Rod,MV Titan,2025-04-28,2025-05-15,2025-05-19,73
SHP2391,PO1954,SUP002,BetaMetals,MAT101,Steel Rod,MV Horizon,2027-11-23,2027-12-05,2027-12-25,73
SHP2392,PO2095,SUP003,CoreSteel,MAT102,Steel Plate,MV Titan,2023-04-03,2023-04-16,2023-04-20,59
SHP2393,PO2912,SUP004,DeltaIron,MAT101,Steel Rod,MV Horizon,2027-11-07,2027-11-27,2027-11-30,81
SHP2394,PO1839,SUP003,CoreSteel,MAT104,Steel Sheet,MV Titan,2026-06-07,2026-06-17,2026-07-11,61
SHP2395,PO2533,SUP003,CoreSteel,MAT101,Steel Rod,MV Horizon,2023-05-18,2023-05-30,2023-06-19,74
SHP2396,PO1236,SUP003,CoreSteel,MAT104,Steel Sheet,MV OceanStar,2024-12-07,2024-12-24,2024-12-25,51
SHP2397,PO2620,SUP003,CoreSteel,MAT101,Steel Rod,MV Titan,2023-11-09,2023-11-24,2023-11-24,80
SHP2398,PO2566,SUP004,DeltaIron,MAT104,Steel Sheet,MV Titan,2027-08-24,2027-09-12,2027-09-09,52
SHP2399,PO2061,SUP004,DeltaIron,MAT101,Steel Rod,MV Titan,2027-10-12,2027-10-25,2027-11-15,40
SHP2400,PO2974,SUP001,AlphaSteel,MAT101,Steel Rod,MV OceanStar,2025-05-09,2025-05-20,2025-05-22,84
SHP2401,PO1042,SUP004,DeltaIron,MAT102,Steel Plate,MV Horizon,2023-08-01,2023-08-12,2023-08-22,87
SHP2402,PO1281,SUP003,CoreSteel,MAT101,Steel Rod,MV Titan,2025-11-22,2025-12-16,2025-12-21,69
SHP2403,PO1945,SUP004,DeltaIron,MAT101,Steel Rod,MV Titan,2028-01-05,2028-01-26,2028-01-21,47
SHP2404,PO2618,SUP004,DeltaIron,MAT103,Steel Bar,MV Titan,2024-02-24,2024-03-15,2024-03-19,69
SHP2405,PO1677,SUP002,BetaMetals,MAT101,Steel Rod,MV OceanStar,2028-06-02,2028-06-15,2028-06-30,43
SHP2406,PO1169,SUP002,BetaMetals,MAT103,Steel Bar,MV Horizon,2024-01-02,2024-01-17,2024-02-04,73
SHP2407,PO1408,SUP002,BetaMetals,MAT100,Steel Coil,MV OceanStar,2027-10-01,2027-10-12,2027-10-26,42
SHP2408,PO2797,SUP004,DeltaIron,MAT101,Steel Rod,MV Horizon,2026-09-18,2026-10-03,2026-10-22,53
SHP2409,PO2349,SUP004,DeltaIron,MAT104,Steel Sheet,MV Horizon,2024-09-05,2024-09-26,2024-09-27,60
SHP2410,PO1611,SUP002,BetaMetals,MAT104,Steel Sheet,MV Titan,2026-07-22,2026-08-01,2026-08-10,56
SHP2411,PO1366,SUP002,BetaMetals,MAT102,Steel Plate,MV Horizon,2023-06-29,2023-07-18,2023-07-26,66
SHP2412,PO2770,SUP005,PrimeSteel,MAT104,Steel Sheet,MV OceanStar,2026-03-23,2026-04-09,2026-04-05,82
SHP2413,PO1802,SUP004,DeltaIron,MAT104,Steel Sheet,MV OceanStar,2023-01-01,2023-01-20,2023-01-24,84
SHP2414,PO2334,SUP004,DeltaIron,MAT103,Steel Bar,MV Horizon,2026-10-21,2026-11-07,2026-11-04,42
SHP2415,PO2683,SUP005,PrimeSteel,MAT101,Steel Rod,MV Titan,2024-02-01,2024-02-25,2024-02-18,48
SHP2416,PO1164,SUP004,DeltaIron,MAT100,Steel Coil,MV Titan,2028-05-01,2028-05-12,2028-05-16,63
SHP2417,PO1641,SUP002,BetaMetals,MAT103,Steel Bar,MV Horizon,2024-07-12,2024-08-04,2024-08-02,76
SHP2418,PO1712,SUP003,CoreSteel,MAT101,Steel Rod,MV OceanStar,2026-07-24,2026-08-15,2026-08-05,76
SHP2419,PO1661,SUP003,CoreSteel,MAT103,Steel Bar,MV Horizon,2026-10-01,2026-10-12,2026-10-21,71
SHP2420,PO1086,SUP002,BetaMetals,MAT100,Steel Coil,MV Titan,2027-03-29,2027-04-14,2027-04-13,85
SHP2421,PO1625,SUP004,DeltaIron,MAT104,Steel Sheet,MV Horizon,2026-06-13,2026-07-06,2026-07-11,53
SHP2422,PO2414,SUP004,DeltaIron,MAT104,Steel Sheet,MV Titan,2026-08-24,2026-09-12,2026-09-21,51
SHP2423,PO1591,SUP005,PrimeSteel,MAT101,Steel Rod,MV Titan,2024-07-19,2024-08-04,2024-08-17,56
SHP2424,PO1952,SUP005,PrimeSteel,MAT103,Steel Bar,MV Titan,2028-02-25,2028-03-06,2028-03-11,48
SHP2425,PO1835,SUP002,BetaMetals,MAT100,Steel Coil,MV OceanStar,2027-05-16,2027-06-04,2027-06-06,43
SHP2426,PO1582,SUP005,PrimeSteel,MAT101,Steel Rod,MV Horizon,2024-12-20,2025-01-09,2025-01-20,52
SHP2427,PO2753,SUP003,CoreSteel,MAT104,Steel Sheet,MV OceanStar,2028-05-31,2028-06-18,2028-06-27,80
SHP2428,PO2992,SUP005,PrimeSteel,MAT102,Steel Plate,MV Titan,2026-03-28,2026-04-12,2026-04-22,45
SHP2429,PO2491,SUP001,AlphaSteel,MAT104,Steel Sheet,MV Horizon,2024-12-02,2024-12-17,2024-12-26,46
SHP2430,PO1749,SUP002,BetaMetals,MAT100,Steel Coil,MV OceanStar,2027-08-07,2027-08-24,2027-09-10,66
SHP2431,PO2680,SUP003,CoreSteel,MAT104,Steel Sheet,MV OceanStar,2027-11-22,2027-12-16,2027-12-25,72
SHP2432,PO1253,SUP003,CoreSteel,MAT102,Steel Plate,MV Titan,2027-10-25,2027-11-04,2027-11-27,42
SHP2433,PO1552,SUP001,AlphaSteel,MAT100,Steel Coil,MV OceanStar,2025-01-09,2025-01-22,2025-01-31,93
SHP2434,PO1434,SUP004,DeltaIron,MAT102,Steel Plate,MV Titan,2025-04-16,2025-05-04,2025-05-12,58
SHP2435,PO2940,SUP001,AlphaSteel,MAT104,Steel Sheet,MV Horizon,2023-03-05,2023-03-25,2023-03-30,84
SHP2436,PO1549,SUP002,BetaMetals,MAT104,Steel Sheet,MV OceanStar,2024-11-29,2024-12-17,2024-12-23,62
SHP2437,PO1703,SUP004,DeltaIron,MAT100,Steel Coil,MV OceanStar,2025-12-12,2025-12-24,2025-12-29,77
SHP2438,PO1008,SUP003,CoreSteel,MAT101,Steel Rod,MV Titan,2027-09-08,2027-10-01,2027-10-06,71
SHP2439,PO2848,SUP003,CoreSteel,MAT102,Steel Plate,MV Horizon,2025-11-05,2025-11-23,2025-12-09,74
SHP2440,PO2651,SUP001,AlphaSteel,MAT103,Steel Bar,MV OceanStar,2026-04-03,2026-04-18,2026-04-29,45
SHP2441,PO1142,SUP003,CoreSteel,MAT100,Steel Coil,MV OceanStar,2026-06-01,2026-06-20,2026-06-26,86
SHP2442,PO1163,SUP003,CoreSteel,MAT100,Steel Coil,MV Titan,2025-05-12,2025-05-22,2025-05-31,86
SHP2443,PO1744,SUP003,CoreSteel,MAT102,Steel Plate,MV OceanStar,2024-08-08,2024-08-19,2024-09-06,85
SHP2444,PO2299,SUP004,DeltaIron,MAT102,Steel Plate,MV OceanStar,2027-12-11,2027-12-21,2027-12-28,61
SHP2445,PO2912,SUP004,DeltaIron,MAT103,Steel Bar,MV OceanStar,2028-01-17,2028-02-01,2028-02-20,86
SHP2446,PO2740,SUP001,AlphaSteel,MAT102,Steel Plate,MV Horizon,2026-01-19,2026-02-02,2026-02-13,53
SHP2447,PO2425,SUP005,PrimeSteel,MAT102,Steel Plate,MV OceanStar,2027-01-17,2027-02-03,2027-02-05,69
SHP2448,PO2716,SUP005,PrimeSteel,MAT100,Steel Coil,MV Horizon,2023-06-11,2023-06-28,2023-07-14,63
SHP2449,PO2045,SUP001,AlphaSteel,MAT104,Steel Sheet,MV Horizon,2027-11-29,2027-12-19,2027-12-14,85
SHP2450,PO1651,SUP002,BetaMetals,MAT103,Steel Bar,MV OceanStar,2028-06-10,2028-07-04,2028-07-14,68
SHP2451,PO1083,SUP004,DeltaIron,MAT102,Steel Plate,MV Titan,2023-12-10,2024-01-03,2024-01-04,78
SHP2452,PO1743,SUP004,DeltaIron,MAT102,Steel Plate,MV Titan,2026-12-11,2026-12-24,2027-01-04,47
SHP2453,PO1378,SUP001,AlphaSteel,MAT102,Steel Plate,MV OceanStar,2025-11-06,2025-11-22,2025-11-28,63
SHP2454,PO1354,SUP002,BetaMetals,MAT100,Steel Coil,MV Horizon,2025-06-20,2025-06-30,2025-07-19,82
SHP2455,PO2581,SUP003,CoreSteel,MAT100,Steel Coil,MV Horizon,2024-07-03,2024-07-27,2024-08-05,40
SHP2456,PO1997,SUP003,CoreSteel,MAT103,Steel Bar,MV Titan,2024-09-25,2024-10-05,2024-10-14,54
SHP2457,PO2021,SUP005,PrimeSteel,MAT104,Steel Sheet,MV Horizon,2023-10-23,2023-11-14,2023-11-25,70
SHP2458,PO2483,SUP003,CoreSteel,MAT101,Steel Rod,MV Horizon,2027-01-10,2027-01-24,2027-01-23,85
SHP2459,PO2378,SUP003,CoreSteel,MAT104,Steel Sheet,MV Horizon,2025-05-15,2025-05-29,2025-06-18,48
SHP2460,PO1230,SUP001,AlphaSteel,MAT101,Steel Rod,MV OceanStar,2025-04-11,2025-04-23,2025-05-09,66
SHP2461,PO1217,SUP003,CoreSteel,MAT100,Steel Coil,MV Titan,2023-01-05,2023-01-16,2023-01-31,77
SHP2462,PO1321,SUP001,AlphaSteel,MAT102,Steel Plate,MV OceanStar,2025-08-01,2025-08-12,2025-08-26,43
SHP2463,PO2171,SUP001,AlphaSteel,MAT101,Steel Rod,MV Titan,2028-01-13,2028-02-05,2028-02-04,80
SHP2464,PO2207,SUP004,DeltaIron,MAT103,Steel Bar,MV Titan,2023-10-29,2023-11-08,2023-11-12,55
SHP2465,PO1414,SUP005,PrimeSteel,MAT104,Steel Sheet,MV Horizon,2028-04-23,2028-05-09,2028-05-18,87
SHP2466,PO2272,SUP001,AlphaSteel,MAT100,Steel Coil,MV Horizon,2023-07-04,2023-07-21,2023-07-16,94
SHP2467,PO1270,SUP005,PrimeSteel,MAT103,Steel Bar,MV Titan,2027-05-23,2027-06-15,2027-06-19,85
SHP2468,PO1014,SUP003,CoreSteel,MAT101,Steel Rod,MV Horizon,2024-03-05,2024-03-24,2024-03-30,54
SHP2469,PO1440,SUP005,PrimeSteel,MAT100,Steel Coil,MV Horizon,2024-06-20,2024-07-04,2024-07-03,41
SHP2470,PO2320,SUP002,BetaMetals,MAT101,Steel Rod,MV OceanStar,2023-07-07,2023-07-26,2023-08-04,57
SHP2471,PO1960,SUP005,PrimeSteel,MAT101,Steel Rod,MV OceanStar,2023-01-31,2023-02-16,2023-02-17,83
SHP2472,PO1830,SUP001,AlphaSteel,MAT102,Steel Plate,MV Titan,2027-10-03,2027-10-22,2027-11-03,48
SHP2473,PO1411,SUP004,DeltaIron,MAT100,Steel Coil,MV Horizon,2025-04-23,2025-05-05,2025-05-18,70
SHP2474,PO1323,SUP002,BetaMetals,MAT101,Steel Rod,MV OceanStar,2027-07-23,2027-08-04,2027-08-04,50
SHP2475,PO1105,SUP001,AlphaSteel,MAT102,Steel Plate,MV OceanStar,2026-11-18,2026-12-02,2026-12-22,93
SHP2476,PO2333,SUP003,CoreSteel,MAT102,Steel Plate,MV Titan,2023-04-05,2023-04-27,2023-05-05,62
SHP2477,PO2363,SUP003,CoreSteel,MAT103,Steel Bar,MV Titan,2026-09-24,2026-10-05,2026-10-06,88
SHP2478,PO2176,SUP005,PrimeSteel,MAT101,Steel Rod,MV OceanStar,2028-02-24,2028-03-19,2028-03-07,84
SHP2479,PO2802,SUP002,BetaMetals,MAT101,Steel Rod,MV Titan,2028-03-10,2028-03-24,2028-03-26,46
SHP2480,PO2322,SUP005,PrimeSteel,MAT100,Steel Coil,MV Titan,2027-09-03,2027-09-16,2027-09-15,51
SHP2481,PO1183,SUP002,BetaMetals,MAT102,Steel Plate,MV Titan,2023-05-30,2023-06-18,2023-06-20,70
SHP2482,PO2692,SUP005,PrimeSteel,MAT102,Steel Plate,MV Titan,2023-07-29,2023-08-08,2023-08-18,68
SHP2483,PO1990,SUP005,PrimeSteel,MAT104,Steel Sheet,MV Horizon,2023-05-26,2023-06-07,2023-06-10,40
SHP2484,PO1563,SUP003,CoreSteel,MAT103,Steel Bar,MV OceanStar,2025-08-04,2025-08-26,2025-09-05,79
SHP2485,PO2517,SUP005,PrimeSteel,MAT104,Steel Sheet,MV OceanStar,2028-03-09,2028-04-01,2028-03-22,93
SHP2486,PO1795,SUP004,DeltaIron,MAT101,Steel Rod,MV Titan,2028-05-14,2028-06-07,2028-05-29,71
SHP2487,PO1734,SUP003,CoreSteel,MAT104,Steel Sheet,MV Horizon,2027-08-06,2027-08-17,2027-08-26,81
SHP2488,PO1055,SUP003,CoreSteel,MAT100,Steel Coil,MV OceanStar,2026-04-22,2026-05-03,2026-05-22,66
SHP2489,PO1089,SUP003,CoreSteel,MAT102,Steel Plate,MV Titan,2028-05-30,2028-06-19,2028-06-17,94
SHP2490,PO1459,SUP004,DeltaIron,MAT102,Steel Plate,MV Titan,2027-05-19,2027-06-05,2027-06-06,69
SHP2491,PO1107,SUP003,CoreSteel,MAT102,Steel Plate,MV OceanStar,2026-02-07,2026-02-26,2026-03-12,51
SHP2492,PO1356,SUP002,BetaMetals,MAT100,Steel Coil,MV OceanStar,2023-02-11,2023-02-27,2023-03-06,61
SHP2493,PO1883,SUP003,CoreSteel,MAT101,Steel Rod,MV OceanStar,2025-02-04,2025-02-26,2025-03-03,72
SHP2494,PO1938,SUP005,PrimeSteel,MAT100,Steel Coil,MV Horizon,2026-04-16,2026-05-06,2026-05-14,81
SHP2495,PO2372,SUP003,CoreSteel,MAT103,Steel Bar,MV Titan,2025-11-13,2025-11-27,2025-12-15,51
SHP2496,PO2028,SUP004,DeltaIron,MAT101,Steel Rod,MV OceanStar,2024-11-16,2024-12-06,2024-12-01,51
SHP2497,PO2864,SUP002,BetaMetals,MAT100,Steel Coil,MV OceanStar,2025-01-13,2025-02-06,2025-02-15,91
SHP2498,PO2165,SUP003,CoreSteel,MAT102,Steel Plate,MV Horizon,2025-12-07,2025-12-25,2025-12-29,87
SHP2499,PO1522,SUP004,DeltaIron,MAT102,Steel Plate,MV Horizon,2024-03-26,2024-04-10,2024-04-27,65
SHP2500,PO1247,SUP002,BetaMetals,MAT103,Steel Bar,MV OceanStar,2027-12-21,2028-01-01,2028-01-17,85
SHP2501,PO2907,SUP005,PrimeSteel,MAT104,Steel Sheet,MV OceanStar,2024-10-15,2024-10-31,2024-11-07,89
SHP2502,PO2944,SUP005,PrimeSteel,MAT104,Steel Sheet,MV Titan,2026-05-13,2026-05-25,2026-06-06,49
SHP2503,PO1740,SUP004,DeltaIron,MAT101,Steel Rod,MV Titan,2027-02-26,2027-03-21,2027-03-15,77
SHP2504,PO1192,SUP003,CoreSteel,MAT103,Steel Bar,MV OceanStar,2024-09-09,2024-10-02,2024-10-02,43
SHP2505,PO1560,SUP001,AlphaSteel,MAT100,Steel Coil,MV OceanStar,2024-01-22,2024-02-06,2024-02-16,52
SHP2506,PO1018,SUP002,BetaMetals,MAT100,Steel Coil,MV Titan,2024-11-01,2024-11-13,2024-11-25,76
SHP2507,PO1581,SUP002,BetaMetals,MAT102,Steel Plate,MV Titan,2024-08-22,2024-09-10,2024-09-20,59
SHP2508,PO1817,SUP002,BetaMetals,MAT104,Steel Sheet,MV OceanStar,2027-07-10,2027-07-21,2027-08-02,92
SHP2509,PO2910,SUP002,BetaMetals,MAT100,Steel Coil,MV OceanStar,2024-05-28,2024-06-13,2024-06-21,69
SHP2510,PO1585,SUP005,PrimeSteel,MAT104,Steel Sheet,MV Horizon,2023-12-06,2023-12-26,2024-01-03,66
SHP2511,PO2595,SUP003,CoreSteel,MAT103,Steel Bar,MV Horizon,2025-10-15,2025-10-28,2025-11-08,48
SHP2512,PO2903,SUP003,CoreSteel,MAT102,Steel Plate,MV Titan,2027-09-14,2027-09-30,2027-10-12,82
SHP2513,PO2967,SUP004,DeltaIron,MAT104,Steel Sheet,MV OceanStar,2023-03-14,2023-03-31,2023-04-12,56
SHP2514,PO1009,SUP004,DeltaIron,MAT103,Steel Bar,MV Horizon,2025-01-18,2025-02-06,2025-01-30,50
SHP2515,PO2271,SUP001,AlphaSteel,MAT100,Steel Coil,MV OceanStar,2023-02-15,2023-03-09,2023-03-06,88
SHP2516,PO2227,SUP004,DeltaIron,MAT101,Steel Rod,MV Titan,2024-05-24,2024-06-14,2024-06-14,77
SHP2517,PO2007,SUP001,AlphaSteel,MAT103,Steel Bar,MV OceanStar,2027-05-26,2027-06-12,2027-06-14,90
SHP2518,PO1542,SUP004,DeltaIron,MAT104,Steel Sheet,MV OceanStar,2027-06-22,2027-07-06,2027-07-12,40
SHP2519,PO1287,SUP004,DeltaIron,MAT103,Steel Bar,MV Titan,2028-06-01,2028-06-16,2028-06-25,89
SHP2520,PO2459,SUP002,BetaMetals,MAT102,Steel Plate,MV Horizon,2023-09-28,2023-10-12,2023-10-26,58
SHP2521,PO1892,SUP005,PrimeSteel,MAT101,Steel Rod,MV Titan,2023-01-24,2023-02-08,2023-02-13,79
SHP2522,PO1339,SUP001,AlphaSteel,MAT102,Steel Plate,MV Horizon,2023-09-26,2023-10-14,2023-10-30,44
SHP2523,PO2835,SUP004,DeltaIron,MAT100,Steel Coil,MV Titan,2023-09-08,2023-09-28,2023-10-06,64
SHP2524,PO2868,SUP004,DeltaIron,MAT104,Steel Sheet,MV Horizon,2025-01-23,2025-02-08,2025-02-05,70
SHP2525,PO2098,SUP005,PrimeSteel,MAT101,Steel Rod,MV Titan,2023-09-21,2023-10-04,2023-10-22,47
SHP2526,PO1451,SUP001,AlphaSteel,MAT104,Steel Sheet,MV OceanStar,2024-08-11,2024-08-26,2024-09-12,67
SHP2527,PO1732,SUP002,BetaMetals,MAT102,Steel Plate,MV Titan,2025-11-12,2025-11-23,2025-12-12,79
SHP2528,PO2225,SUP001,AlphaSteel,MAT101,Steel Rod,MV OceanStar,2023-12-07,2023-12-24,2023-12-24,87
SHP2529,PO1484,SUP003,CoreSteel,MAT101,Steel Rod,MV Horizon,2027-09-23,2027-10-06,2027-10-08,60
SHP2530,PO1210,SUP005,PrimeSteel,MAT101,Steel Rod,MV OceanStar,2025-09-18,2025-10-12,2025-10-11,85
SHP2531,PO2764,SUP004,DeltaIron,MAT101,Steel Rod,MV OceanStar,2025-02-27,2025-03-15,2025-03-26,53
SHP2532,PO1936,SUP001,AlphaSteel,MAT102,Steel Plate,MV Titan,2023-11-11,2023-11-28,2023-12-12,76
SHP2533,PO1984,SUP004,DeltaIron,MAT100,Steel Coil,MV Titan,2024-11-04,2024-11-16,2024-12-05,60
SHP2534,PO1887,SUP005,PrimeSteel,MAT100,Steel Coil,MV Titan,2023-08-04,2023-08-26,2023-08-20,85
SHP2535,PO2934,SUP004,DeltaIron,MAT101,Steel Rod,MV OceanStar,2026-03-05,2026-03-24,2026-03-18,47
SHP2536,PO1753,SUP002,BetaMetals,MAT103,Steel Bar,MV Horizon,2024-11-08,2024-11-21,2024-11-22,59
SHP2537,PO2514,SUP001,AlphaSteel,MAT102,Steel Plate,MV Horizon,2026-12-23,2027-01-09,2027-01-06,87
SHP2538,PO1478,SUP002,BetaMetals,MAT101,Steel Rod,MV Titan,2025-10-04,2025-10-23,2025-10-16,41
SHP2539,PO2068,SUP003,CoreSteel,MAT101,Steel Rod,MV Horizon,2026-01-07,2026-01-19,2026-01-23,69
SHP2540,PO2796,SUP004,DeltaIron,MAT103,Steel Bar,MV Titan,2024-07-06,2024-07-21,2024-08-02,69
SHP2541,PO2274,SUP001,AlphaSteel,MAT102,Steel Plate,MV OceanStar,2025-07-03,2025-07-26,2025-08-04,53
SHP2542,PO2383,SUP005,PrimeSteel,MAT101,Steel Rod,MV Titan,2026-10-24,2026-11-14,2026-11-12,49
SHP2543,PO1023,SUP003,CoreSteel,MAT100,Steel Coil,MV Horizon,2024-10-27,2024-11-19,2024-11-12,92
SHP2544,PO1706,SUP001,AlphaSteel,MAT100,Steel Coil,MV OceanStar,2024-08-07,2024-08-18,2024-09-03,91
SHP2545,PO1414,SUP001,AlphaSteel,MAT101,Steel Rod,MV Horizon,2023-12-11,2024-01-01,2024-01-06,73
SHP2546,PO2045,SUP005,PrimeSteel,MAT104,Steel Sheet,MV OceanStar,2025-03-02,2025-03-12,2025-03-25,85
SHP2547,PO2229,SUP004,DeltaIron,MAT102,Steel Plate,MV Horizon,2024-09-17,2024-10-11,2024-10-01,61
SHP2548,PO1175,SUP005,PrimeSteel,MAT100,Steel Coil,MV Titan,2026-12-02,2026-12-13,2026-12-17,64
SHP2549,PO1626,SUP004,DeltaIron,MAT100,Steel Coil,MV OceanStar,2028-01-28,2028-02-20,2028-02-19,93
SHP2550,PO1273,SUP002,BetaMetals,MAT100,Steel Coil,MV Titan,2027-09-25,2027-10-11,2027-10-14,90
SHP2551,PO1716,SUP002,BetaMetals,MAT103,Steel Bar,MV Horizon,2026-03-08,2026-03-31,2026-03-31,57
SHP2552,PO2614,SUP002,BetaMetals,MAT104,Steel Sheet,MV Titan,2024-05-09,2024-05-29,2024-06-02,44
SHP2553,PO2139,SUP002,BetaMetals,MAT101,Steel Rod,MV OceanStar,2023-08-20,2023-09-10,2023-09-07,86
SHP2554,PO1847,SUP001,AlphaSteel,MAT100,Steel Coil,MV Titan,2027-06-25,2027-07-15,2027-07-24,74
SHP2555,PO1403,SUP004,DeltaIron,MAT103,Steel Bar,MV Horizon,2024-11-25,2024-12-11,2024-12-09,83
SHP2556,PO1012,SUP002,BetaMetals,MAT102,Steel Plate,MV OceanStar,2023-11-18,2023-12-11,2023-11-30,51
SHP2557,PO2362,SUP004,DeltaIron,MAT100,Steel Coil,MV OceanStar,2024-09-07,2024-09-28,2024-09-22,60
SHP2558,PO1836,SUP004,DeltaIron,MAT103,Steel Bar,MV Horizon,2027-12-08,2027-12-29,2028-01-08,85
SHP2559,PO1171,SUP004,DeltaIron,MAT102,Steel Plate,MV Titan,2028-05-06,2028-05-16,2028-06-09,53
SHP2560,PO2780,SUP002,BetaMetals,MAT104,Steel Sheet,MV Horizon,2025-08-18,2025-08-31,2025-09-06,52
SHP2561,PO2089,SUP001,AlphaSteel,MAT102,Steel Plate,MV OceanStar,2023-04-20,2023-05-09,2023-05-14,40
SHP2562,PO2812,SUP005,PrimeSteel,MAT102,Steel Plate,MV Titan,2023-02-25,2023-03-13,2023-03-11,64
SHP2563,PO1649,SUP002,BetaMetals,MAT102,Steel Plate,MV Horizon,2028-06-20,2028-07-13,2028-07-12,82
SHP2564,PO1291,SUP004,DeltaIron,MAT103,Steel Bar,MV Titan,2028-01-11,2028-01-26,2028-02-10,74
SHP2565,PO1798,SUP004,DeltaIron,MAT100,Steel Coil,MV Titan,2027-05-08,2027-05-24,2027-06-06,59
SHP2566,PO1421,SUP002,BetaMetals,MAT102,Steel Plate,MV Titan,2023-10-03,2023-10-22,2023-10-18,62
SHP2567,PO2824,SUP004,DeltaIron,MAT101,Steel Rod,MV Titan,2023-03-19,2023-04-07,2023-04-01,53
SHP2568,PO2114,SUP004,DeltaIron,MAT103,Steel Bar,MV Titan,2025-04-15,2025-04-30,2025-05-18,79
SHP2569,PO2912,SUP001,AlphaSteel,MAT102,Steel Plate,MV Horizon,2027-12-23,2028-01-07,2028-01-09,45
SHP2570,PO1902,SUP002,BetaMetals,MAT104,Steel Sheet,MV Titan,2025-02-12,2025-02-23,2025-03-09,62
SHP2571,PO2841,SUP002,BetaMetals,MAT104,Steel Sheet,MV Titan,2025-11-23,2025-12-03,2025-12-15,73
SHP2572,PO2855,SUP001,AlphaSteel,MAT102,Steel Plate,MV OceanStar,2023-03-09,2023-03-28,2023-04-07,57
SHP2573,PO1876,SUP001,AlphaSteel,MAT104,Steel Sheet,MV Titan,2025-06-06,2025-06-24,2025-06-30,52
SHP2574,PO1123,SUP004,DeltaIron,MAT100,Steel Coil,MV Horizon,2025-11-29,2025-12-19,2026-01-02,79
SHP2575,PO1976,SUP003,CoreSteel,MAT100,Steel Coil,MV Horizon,2027-12-01,2027-12-11,2027-12-25,62
SHP2576,PO1121,SUP004,DeltaIron,MAT102,Steel Plate,MV Titan,2025-09-12,2025-10-02,2025-10-02,91
SHP2577,PO2002,SUP003,CoreSteel,MAT102,Steel Plate,MV Horizon,2024-05-18,2024-06-08,2024-06-19,49
SHP2578,PO1282,SUP005,PrimeSteel,MAT100,Steel Coil,MV OceanStar,2026-09-29,2026-10-23,2026-11-02,75
SHP2579,PO2674,SUP005,PrimeSteel,MAT100,Steel Coil,MV OceanStar,2025-09-27,2025-10-21,2025-10-15,55
SHP2580,PO1660,SUP002,BetaMetals,MAT101,Steel Rod,MV Titan,2025-03-10,2025-03-27,2025-04-09,66
SHP2581,PO2511,SUP005,PrimeSteel,MAT102,Steel Plate,MV OceanStar,2023-11-02,2023-11-12,2023-12-05,55
SHP2582,PO1446,SUP001,AlphaSteel,MAT104,Steel Sheet,MV Titan,2027-03-30,2027-04-16,2027-04-30,69
SHP2583,PO1226,SUP003,CoreSteel,MAT102,Steel Plate,MV Titan,2025-11-02,2025-11-26,2025-11-22,82
SHP2584,PO1062,SUP003,CoreSteel,MAT103,Steel Bar,MV Titan,2028-04-27,2028-05-13,2028-05-14,84
SHP2585,PO1169,SUP001,AlphaSteel,MAT103,Steel Bar,MV OceanStar,2027-02-19,2027-03-14,2027-03-04,51
SHP2586,PO2861,SUP005,PrimeSteel,MAT101,Steel Rod,MV Horizon,2027-06-06,2027-06-18,2027-07-01,53
SHP2587,PO1381,SUP003,CoreSteel,MAT104,Steel Sheet,MV Titan,2028-03-26,2028-04-13,2028-04-17,91
SHP2588,PO2639,SUP002,BetaMetals,MAT100,Steel Coil,MV Horizon,2027-04-10,2027-05-01,2027-05-07,57
SHP2589,PO2367,SUP004,DeltaIron,MAT100,Steel Coil,MV Titan,2024-03-10,2024-04-02,2024-03-26,56
SHP2590,PO1175,SUP005,PrimeSteel,MAT104,Steel Sheet,MV Titan,2027-04-08,2027-04-26,2027-05-07,86
SHP2591,PO1310,SUP001,AlphaSteel,MAT102,Steel Plate,MV Titan,2024-06-15,2024-06-27,2024-07-08,53
SHP2592,PO2283,SUP001,AlphaSteel,MAT101,Steel Rod,MV Horizon,2025-01-21,2025-02-01,2025-02-22,60
SHP2593,PO2127,SUP001,AlphaSteel,MAT104,Steel Sheet,MV Horizon,2024-07-15,2024-08-07,2024-08-09,44
SHP2594,PO1552,SUP005,PrimeSteel,MAT100,Steel Coil,MV Horizon,2023-07-01,2023-07-24,2023-07-14,49
SHP2595,PO2971,SUP002,BetaMetals,MAT102,Steel Plate,MV Horizon,2024-02-05,2024-02-23,2024-03-07,83
SHP2596,PO1197,SUP001,AlphaSteel,MAT101,Steel Rod,MV Titan,2026-11-20,2026-12-01,2026-12-06,44
SHP2597,PO2212,SUP003,CoreSteel,MAT104,Steel Sheet,MV Titan,2026-02-06,2026-02-19,2026-03-09,86
SHP2598,PO1612,SUP005,PrimeSteel,MAT100,Steel Coil,MV Horizon,2027-04-27,2027-05-09,2027-05-23,84
SHP2599,PO1545,SUP002,BetaMetals,MAT100,Steel Coil,MV Titan,2028-04-25,2028-05-18,2028-05-16,67
SHP2600,PO2849,SUP004,DeltaIron,MAT100,Steel Coil,MV Horizon,2025-10-12,2025-10-31,2025-11-02,77
SHP2601,PO1023,SUP001,AlphaSteel,MAT102,Steel Plate,MV Titan,2027-10-14,2027-10-26,2027-10-30,61
SHP2602,PO2676,SUP003,CoreSteel,MAT103,Steel Bar,MV Horizon,2026-04-29,2026-05-19,2026-05-11,42
SHP2603,PO2063,SUP001,AlphaSteel,MAT100,Steel Coil,MV Titan,2023-03-28,2023-04-13,2023-04-29,48
SHP2604,PO2240,SUP003,CoreSteel,MAT101,Steel Rod,MV Horizon,2025-10-19,2025-11-11,2025-11-15,85
SHP2605,PO1042,SUP001,AlphaSteel,MAT104,Steel Sheet,MV OceanStar,2028-03-04,2028-03-21,2028-03-25,77
SHP2606,PO1763,SUP004,DeltaIron,MAT100,Steel Coil,MV Titan,2028-03-05,2028-03-16,2028-04-05,92
SHP2607,PO2546,SUP003,CoreSteel,MAT102,Steel Plate,MV Titan,2025-05-05,2025-05-23,2025-05-29,59
SHP2608,PO1034,SUP004,DeltaIron,MAT100,Steel Coil,MV Horizon,2027-02-17,2027-03-08,2027-03-01,46
SHP2609,PO2554,SUP003,CoreSteel,MAT100,Steel Coil,MV OceanStar,2028-01-07,2028-01-18,2028-01-25,85
SHP2610,PO2131,SUP002,BetaMetals,MAT104,Steel Sheet,MV OceanStar,2025-07-26,2025-08-14,2025-08-29,55
SHP2611,PO1871,SUP004,DeltaIron,MAT101,Steel Rod,MV Titan,2023-12-26,2024-01-19,2024-01-10,71
SHP2612,PO2179,SUP003,CoreSteel,MAT100,Steel Coil,MV Titan,2026-05-12,2026-05-26,2026-05-31,76
SHP2613,PO1842,SUP003,CoreSteel,MAT100,Steel Coil,MV Horizon,2024-04-29,2024-05-19,2024-05-26,57
SHP2614,PO1184,SUP004,DeltaIron,MAT101,Steel Rod,MV Horizon,2026-02-22,2026-03-08,2026-03-24,45
SHP2615,PO2213,SUP004,DeltaIron,MAT100,Steel Coil,MV OceanStar,2024-10-17,2024-11-01,2024-11-13,54
SHP2616,PO1002,SUP001,AlphaSteel,MAT103,Steel Bar,MV Horizon,2023-05-23,2023-06-03,2023-06-17,56
SHP2617,PO2066,SUP003,CoreSteel,MAT103,Steel Bar,MV Horizon,2025-05-27,2025-06-09,2025-06-15,44
SHP2618,PO1998,SUP002,BetaMetals,MAT103,Steel Bar,MV Titan,2027-02-13,2027-03-03,2027-03-03,52
SHP2619,PO1769,SUP004,DeltaIron,MAT100,Steel Coil,MV Horizon,2024-03-24,2024-04-03,2024-04-07,55
SHP2620,PO1527,SUP004,DeltaIron,MAT102,Steel Plate,MV Titan,2025-04-17,2025-05-05,2025-05-15,91
SHP2621,PO1999,SUP003,CoreSteel,MAT100,Steel Coil,MV OceanStar,2024-01-16,2024-02-07,2024-01-29,45
SHP2622,PO1276,SUP001,AlphaSteel,MAT103,Steel Bar,MV OceanStar,2027-11-13,2027-11-27,2027-11-30,72
SHP2623,PO1858,SUP003,CoreSteel,MAT104,Steel Sheet,MV OceanStar,2026-06-14,2026-07-05,2026-07-08,44
SHP2624,PO1559,SUP004,DeltaIron,MAT104,Steel Sheet,MV Titan,2026-05-18,2026-06-04,2026-06-16,40
SHP2625,PO1139,SUP002,BetaMetals,MAT101,Steel Rod,MV OceanStar,2027-02-25,2027-03-11,2027-03-28,48
SHP2626,PO1229,SUP002,BetaMetals,MAT102,Steel Plate,MV Titan,2028-01-04,2028-01-25,2028-01-27,78
SHP2627,PO1326,SUP001,AlphaSteel,MAT104,Steel Sheet,MV Titan,2024-03-25,2024-04-14,2024-04-20,82
SHP2628,PO2491,SUP001,AlphaSteel,MAT104,Steel Sheet,MV Titan,2027-09-21,2027-10-02,2027-10-04,85
SHP2629,PO1831,SUP003,CoreSteel,MAT103,Steel Bar,MV Horizon,2028-05-10,2028-05-24,2028-05-25,85
SHP2630,PO1906,SUP003,CoreSteel,MAT100,Steel Coil,MV Titan,2024-03-20,2024-04-11,2024-04-16,86
SHP2631,PO1889,SUP004,DeltaIron,MAT101,Steel Rod,MV Titan,2025-05-02,2025-05-26,2025-05-24,87
SHP2632,PO2107,SUP005,PrimeSteel,MAT100,Steel Coil,MV Titan,2024-10-10,2024-10-21,2024-10-24,53
SHP2633,PO1993,SUP005,PrimeSteel,MAT102,Steel Plate,MV Titan,2027-08-12,2027-09-01,2027-08-27,53
SHP2634,PO1848,SUP004,DeltaIron,MAT104,Steel Sheet,MV Horizon,2024-06-28,2024-07-14,2024-07-22,44
SHP2635,PO1851,SUP004,DeltaIron,MAT100,Steel Coil,MV OceanStar,2025-03-20,2025-04-01,2025-04-20,54
SHP2636,PO1648,SUP001,AlphaSteel,MAT103,Steel Bar,MV Horizon,2027-12-25,2028-01-08,2028-01-15,43
SHP2637,PO2685,SUP001,AlphaSteel,MAT101,Steel Rod,MV OceanStar,2026-02-18,2026-03-02,2026-03-23,47
SHP2638,PO1266,SUP001,AlphaSteel,MAT102,Steel Plate,MV Horizon,2027-11-18,2027-12-04,2027-12-08,71
SHP2639,PO2205,SUP005,PrimeSteel,MAT102,Steel Plate,MV Titan,2026-10-06,2026-10-23,2026-10-29,74
SHP2640,PO2232,SUP005,PrimeSteel,MAT103,Steel Bar,MV OceanStar,2025-02-16,2025-02-26,2025-03-17,84
SHP2641,PO1191,SUP002,BetaMetals,MAT101,Steel Rod,MV Horizon,2024-06-27,2024-07-11,2024-07-19,48
SHP2642,PO1564,SUP001,AlphaSteel,MAT102,Steel Plate,MV OceanStar,2023-11-21,2023-12-03,2023-12-04,56
SHP2643,PO1383,SUP003,CoreSteel,MAT101,Steel Rod,MV OceanStar,2026-05-21,2026-06-09,2026-06-22,52
SHP2644,PO1094,SUP003,CoreSteel,MAT103,Steel Bar,MV Titan,2026-04-21,2026-05-09,2026-05-07,47
SHP2645,PO2008,SUP002,BetaMetals,MAT100,Steel Coil,MV OceanStar,2026-03-18,2026-04-08,2026-04-03,93
SHP2646,PO1309,SUP001,AlphaSteel,MAT100,Steel Coil,MV Titan,2025-03-15,2025-04-04,2025-04-01,77
SHP2647,PO1964,SUP001,AlphaSteel,MAT102,Steel Plate,MV OceanStar,2026-01-13,2026-01-31,2026-02-08,89
SHP2648,PO2957,SUP005,PrimeSteel,MAT104,Steel Sheet,MV Horizon,2025-05-21,2025-06-06,2025-06-23,80
SHP2649,PO1493,SUP002,BetaMetals,MAT102,Steel Plate,MV OceanStar,2028-01-30,2028-02-13,2028-02-25,61
SHP2650,PO2198,SUP002,BetaMetals,MAT100,Steel Coil,MV Horizon,2024-01-10,2024-01-26,2024-02-09,79
SHP2651,PO1992,SUP003,CoreSteel,MAT104,Steel Sheet,MV OceanStar,2026-12-17,2027-01-09,2026-12-29,83
SHP2652,PO1160,SUP002,BetaMetals,MAT102,Steel Plate,MV OceanStar,2025-11-09,2025-12-01,2025-11-28,58
SHP2653,PO2724,SUP002,BetaMetals,MAT100,Steel Coil,MV Horizon,2028-01-09,2028-01-26,2028-02-10,73
SHP2654,PO2465,SUP004,DeltaIron,MAT104,Steel Sheet,MV OceanStar,2024-03-01,2024-03-21,2024-03-25,67
SHP2655,PO2652,SUP001,AlphaSteel,MAT101,Steel Rod,MV Horizon,2025-05-03,2025-05-21,2025-06-03,81
SHP2656,PO2009,SUP003,CoreSteel,MAT101,Steel Rod,MV Horizon,2025-05-28,2025-06-12,2025-06-18,73
SHP2657,PO2494,SUP004,DeltaIron,MAT103,Steel Bar,MV Horizon,2025-08-10,2025-08-29,2025-08-28,91
SHP2658,PO2525,SUP005,PrimeSteel,MAT102,Steel Plate,MV Titan,2026-08-03,2026-08-25,2026-08-28,47
SHP2659,PO2291,SUP001,AlphaSteel,MAT104,Steel Sheet,MV Horizon,2025-09-05,2025-09-21,2025-09-28,76
SHP2660,PO1072,SUP004,DeltaIron,MAT103,Steel Bar,MV Titan,2026-07-19,2026-08-06,2026-08-16,42
SHP2661,PO1991,SUP003,CoreSteel,MAT103,Steel Bar,MV Horizon,2026-08-01,2026-08-13,2026-08-30,86
SHP2662,PO1383,SUP003,CoreSteel,MAT101,Steel Rod,MV OceanStar,2024-09-14,2024-10-04,2024-10-17,89
SHP2663,PO1681,SUP004,DeltaIron,MAT104,Steel Sheet,MV Titan,2026-06-17,2026-07-05,2026-07-08,45
SHP2664,PO2348,SUP002,BetaMetals,MAT102,Steel Plate,MV Horizon,2023-04-09,2023-04-20,2023-05-05,65
SHP2665,PO2819,SUP004,DeltaIron,MAT100,Steel Coil,MV Horizon,2023-02-14,2023-02-24,2023-03-12,53
SHP2666,PO1716,SUP005,PrimeSteel,MAT104,Steel Sheet,MV Titan,2025-09-10,2025-09-28,2025-10-02,89
SHP2667,PO1446,SUP001,AlphaSteel,MAT101,Steel Rod,MV OceanStar,2025-12-23,2026-01-04,2026-01-15,78
SHP2668,PO1498,SUP003,CoreSteel,MAT104,Steel Sheet,MV OceanStar,2023-06-15,2023-07-06,2023-07-17,41
SHP2669,PO2717,SUP005,PrimeSteel,MAT103,Steel Bar,MV OceanStar,2027-11-26,2027-12-12,2027-12-18,64
SHP2670,PO1088,SUP002,BetaMetals,MAT100,Steel Coil,MV OceanStar,2027-09-12,2027-09-26,2027-10-05,78
SHP2671,PO2426,SUP005,PrimeSteel,MAT101,Steel Rod,MV OceanStar,2024-12-06,2024-12-25,2024-12-25,59
SHP2672,PO1816,SUP004,DeltaIron,MAT103,Steel Bar,MV Titan,2027-05-05,2027-05-25,2027-05-18,70
SHP2673,PO1185,SUP002,BetaMetals,MAT103,Steel Bar,MV OceanStar,2025-09-21,2025-10-14,2025-10-16,78
SHP2674,PO2935,SUP001,AlphaSteel,MAT100,Steel Coil,MV Titan,2024-01-18,2024-02-07,2024-02-02,89
SHP2675,PO2651,SUP002,BetaMetals,MAT101,Steel Rod,MV OceanStar,2024-08-17,2024-08-30,2024-09-18,50
SHP2676,PO2930,SUP004,DeltaIron,MAT104,Steel Sheet,MV Titan,2027-08-09,2027-08-23,2027-08-29,66
SHP2677,PO2552,SUP001,AlphaSteel,MAT103,Steel Bar,MV OceanStar,2023-08-02,2023-08-15,2023-08-27,75
SHP2678,PO2765,SUP004,DeltaIron,MAT101,Steel Rod,MV Horizon,2027-07-30,2027-08-18,2027-08-12,56
SHP2679,PO1916,SUP005,PrimeSteel,MAT104,Steel Sheet,MV Horizon,2027-08-20,2027-09-01,2027-09-22,45
SHP2680,PO1421,SUP001,AlphaSteel,MAT101,Steel Rod,MV Horizon,2024-08-30,2024-09-09,2024-09-20,94
SHP2681,PO2468,SUP003,CoreSteel,MAT104,Steel Sheet,MV Titan,2027-01-07,2027-01-30,2027-01-24,50
SHP2682,PO1669,SUP002,BetaMetals,MAT101,Steel Rod,MV Horizon,2027-04-21,2027-05-03,2027-05-04,83
SHP2683,PO2996,SUP004,DeltaIron,MAT101,Steel Rod,MV Titan,2025-03-13,2025-03-26,2025-04-10,62
SHP2684,PO1694,SUP004,DeltaIron,MAT103,Steel Bar,MV Titan,2024-03-21,2024-04-06,2024-04-02,62
SHP2685,PO2447,SUP001,AlphaSteel,MAT103,Steel Bar,MV OceanStar,2024-10-03,2024-10-25,2024-10-23,43
SHP2686,PO2908,SUP003,CoreSteel,MAT101,Steel Rod,MV OceanStar,2027-01-22,2027-02-11,2027-02-18,52
SHP2687,PO2715,SUP004,DeltaIron,MAT104,Steel Sheet,MV OceanStar,2024-03-30,2024-04-23,2024-04-26,57
SHP2688,PO2610,SUP001,AlphaSteel,MAT104,Steel Sheet,MV Titan,2023-01-06,2023-01-30,2023-01-24,84
SHP2689,PO1324,SUP001,AlphaSteel,MAT102,Steel Plate,MV OceanStar,2023-11-19,2023-12-10,2023-12-19,79
SHP2690,PO2227,SUP003,CoreSteel,MAT101,Steel Rod,MV OceanStar,2023-08-07,2023-08-22,2023-08-21,62
SHP2691,PO1872,SUP005,PrimeSteel,MAT102,Steel Plate,MV Horizon,2024-02-27,2024-03-22,2024-03-19,56
SHP2692,PO2407,SUP003,CoreSteel,MAT100,Steel Coil,MV Titan,2023-01-21,2023-02-09,2023-02-23,56
SHP2693,PO1249,SUP002,BetaMetals,MAT100,Steel Coil,MV Horizon,2028-03-29,2028-04-14,2028-04-11,59
SHP2694,PO1095,SUP002,BetaMetals,MAT102,Steel Plate,MV OceanStar,2026-08-07,2026-08-20,2026-09-01,90
SHP2695,PO2074,SUP002,BetaMetals,MAT104,Steel Sheet,MV OceanStar,2025-11-03,2025-11-24,2025-11-29,79
SHP2696,PO1550,SUP002,BetaMetals,MAT104,Steel Sheet,MV Titan,2026-08-02,2026-08-18,2026-08-25,43
SHP2697,PO1394,SUP001,AlphaSteel,MAT104,Steel Sheet,MV OceanStar,2027-07-17,2027-07-30,2027-08-13,58
SHP2698,PO2858,SUP001,AlphaSteel,MAT104,Steel Sheet,MV Horizon,2025-03-01,2025-03-12,2025-03-17,51
SHP2699,PO2106,SUP002,BetaMetals,MAT103,Steel Bar,MV Titan,2028-04-01,2028-04-20,2028-04-30,91
SHP2700,PO2079,SUP002,BetaMetals,MAT102,Steel Plate,MV Titan,2027-08-27,2027-09-13,2027-09-29,78
SHP2701,PO1624,SUP003,CoreSteel,MAT102,Steel Plate,MV OceanStar,2024-01-08,2024-01-30,2024-02-06,57
SHP2702,PO2088,SUP003,CoreSteel,MAT100,Steel Coil,MV OceanStar,2024-03-11,2024-03-29,2024-04-13,77
SHP2703,PO2989,SUP003,CoreSteel,MAT103,Steel Bar,MV OceanStar,2027-01-02,2027-01-21,2027-01-23,70
SHP2704,PO2269,SUP004,DeltaIron,MAT103,Steel Bar,MV Titan,2028-05-17,2028-05-28,2028-06-15,73
SHP2705,PO1343,SUP002,BetaMetals,MAT100,Steel Coil,MV Horizon,2024-08-10,2024-08-26,2024-09-04,89
SHP2706,PO2589,SUP002,BetaMetals,MAT100,Steel Coil,MV OceanStar,2023-06-24,2023-07-16,2023-07-23,77
SHP2707,PO1663,SUP005,PrimeSteel,MAT103,Steel Bar,MV Titan,2027-12-17,2028-01-10,2028-01-11,93
SHP2708,PO1229,SUP004,DeltaIron,MAT101,Steel Rod,MV Titan,2023-10-02,2023-10-17,2023-10-31,77
SHP2709,PO2802,SUP001,AlphaSteel,MAT101,Steel Rod,MV Horizon,2023-01-23,2023-02-07,2023-02-05,61
SHP2710,PO2079,SUP004,DeltaIron,MAT101,Steel Rod,MV Titan,2026-09-12,2026-09-27,2026-10-03,81
SHP2711,PO1770,SUP002,BetaMetals,MAT102,Steel Plate,MV Horizon,2026-01-20,2026-02-02,2026-02-16,67
SHP2712,PO1367,SUP002,BetaMetals,MAT102,Steel Plate,MV OceanStar,2024-11-27,2024-12-19,2024-12-26,73
SHP2713,PO2974,SUP004,DeltaIron,MAT104,Steel Sheet,MV Titan,2027-09-24,2027-10-11,2027-10-28,93
SHP2714,PO1512,SUP004,DeltaIron,MAT100,Steel Coil,MV OceanStar,2025-03-11,2025-03-23,2025-04-03,51
SHP2715,PO2534,SUP001,AlphaSteel,MAT103,Steel Bar,MV OceanStar,2023-08-21,2023-09-05,2023-09-09,76
SHP2716,PO1606,SUP002,BetaMetals,MAT104,Steel Sheet,MV Titan,2025-02-22,2025-03-17,2025-03-13,48
SHP2717,PO1634,SUP003,CoreSteel,MAT102,Steel Plate,MV OceanStar,2025-12-15,2026-01-01,2026-01-07,86
SHP2718,PO2706,SUP005,PrimeSteel,MAT103,Steel Bar,MV OceanStar,2025-07-15,2025-08-04,2025-08-03,83
SHP2719,PO2546,SUP002,BetaMetals,MAT102,Steel Plate,MV Horizon,2023-01-10,2023-01-22,2023-01-25,91
SHP2720,PO1118,SUP003,CoreSteel,MAT100,Steel Coil,MV Horizon,2028-02-02,2028-02-24,2028-03-07,85
SHP2721,PO2898,SUP002,BetaMetals,MAT102,Steel Plate,MV OceanStar,2025-11-21,2025-12-14,2025-12-12,45
SHP2722,PO2887,SUP001,AlphaSteel,MAT103,Steel Bar,MV Titan,2023-04-06,2023-04-26,2023-05-08,78
SHP2723,PO1809,SUP002,BetaMetals,MAT100,Steel Coil,MV Titan,2025-06-04,2025-06-16,2025-06-20,50
SHP2724,PO2352,SUP003,CoreSteel,MAT101,Steel Rod,MV OceanStar,2026-12-13,2027-01-05,2026-12-29,48
SHP2725,PO1834,SUP001,AlphaSteel,MAT100,Steel Coil,MV Titan,2023-02-03,2023-02-24,2023-03-07,62
SHP2726,PO1520,SUP002,BetaMetals,MAT102,Steel Plate,MV Titan,2025-09-26,2025-10-07,2025-10-18,44
SHP2727,PO1285,SUP003,CoreSteel,MAT102,Steel Plate,MV Titan,2027-06-02,2027-06-17,2027-06-25,73
SHP2728,PO1031,SUP005,PrimeSteel,MAT100,Steel Coil,MV Titan,2024-05-10,2024-05-28,2024-06-09,71
SHP2729,PO1996,SUP002,BetaMetals,MAT104,Steel Sheet,MV Titan,2026-03-17,2026-04-09,2026-04-03,83
SHP2730,PO1645,SUP004,DeltaIron,MAT102,Steel Plate,MV OceanStar,2027-09-18,2027-10-06,2027-10-18,66
SHP2731,PO1428,SUP005,PrimeSteel,MAT101,Steel Rod,MV Titan,2023-06-04,2023-06-24,2023-06-18,61
SHP2732,PO2962,SUP005,PrimeSteel,MAT101,Steel Rod,MV OceanStar,2025-12-08,2025-12-26,2026-01-06,59
SHP2733,PO2647,SUP003,CoreSteel,MAT101,Steel Rod,MV OceanStar,2025-06-24,2025-07-06,2025-07-22,40
SHP2734,PO1019,SUP004,DeltaIron,MAT104,Steel Sheet,MV Horizon,2025-07-04,2025-07-26,2025-07-16,72
SHP2735,PO1778,SUP001,AlphaSteel,MAT104,Steel Sheet,MV OceanStar,2026-12-06,2026-12-20,2026-12-31,63
SHP2736,PO2358,SUP002,BetaMetals,MAT104,Steel Sheet,MV Horizon,2023-03-06,2023-03-24,2023-04-02,67
SHP2737,PO2476,SUP002,BetaMetals,MAT103,Steel Bar,MV Titan,2023-10-21,2023-11-07,2023-11-07,85
SHP2738,PO2936,SUP002,BetaMetals,MAT103,Steel Bar,MV Titan,2024-01-07,2024-01-18,2024-02-07,74
SHP2739,PO2512,SUP003,CoreSteel,MAT100,Steel Coil,MV OceanStar,2026-05-24,2026-06-12,2026-06-11,47
SHP2740,PO1650,SUP001,AlphaSteel,MAT100,Steel Coil,MV Titan,2028-04-02,2028-04-25,2028-05-05,87
SHP2741,PO1494,SUP002,BetaMetals,MAT101,Steel Rod,MV Horizon,2025-06-30,2025-07-15,2025-07-12,75
SHP2742,PO2464,SUP004,DeltaIron,MAT103,Steel Bar,MV Horizon,2026-08-09,2026-08-23,2026-09-04,53
SHP2743,PO1430,SUP002,BetaMetals,MAT101,Steel Rod,MV Horizon,2023-01-03,2023-01-26,2023-01-17,73
SHP2744,PO2991,SUP001,AlphaSteel,MAT103,Steel Bar,MV OceanStar,2023-09-15,2023-10-05,2023-10-01,48
SHP2745,PO1516,SUP004,DeltaIron,MAT102,Steel Plate,MV Horizon,2026-12-12,2027-01-03,2026-12-29,61
SHP2746,PO1643,SUP004,DeltaIron,MAT104,Steel Sheet,MV OceanStar,2025-11-07,2025-11-21,2025-12-08,92
SHP2747,PO1972,SUP004,DeltaIron,MAT102,Steel Plate,MV OceanStar,2027-07-07,2027-07-20,2027-07-28,42
SHP2748,PO1956,SUP001,AlphaSteel,MAT101,Steel Rod,MV OceanStar,2028-06-04,2028-06-23,2028-06-23,49
SHP2749,PO1242,SUP003,CoreSteel,MAT101,Steel Rod,MV Titan,2027-08-14,2027-09-03,2027-09-02,75
SHP2750,PO2173,SUP002,BetaMetals,MAT100,Steel Coil,MV Horizon,2024-12-17,2025-01-05,2025-01-12,56
SHP2751,PO2623,SUP002,BetaMetals,MAT103,Steel Bar,MV OceanStar,2024-10-05,2024-10-16,2024-11-07,91
SHP2752,PO2256,SUP003,CoreSteel,MAT101,Steel Rod,MV Titan,2025-12-30,2026-01-20,2026-01-30,66
SHP2753,PO1163,SUP005,PrimeSteel,MAT102,Steel Plate,MV OceanStar,2027-05-18,2027-05-28,2027-06-21,42
SHP2754,PO2769,SUP001,AlphaSteel,MAT100,Steel Coil,MV Titan,2023-07-22,2023-08-13,2023-08-05,61
SHP2755,PO2878,SUP003,CoreSteel,MAT102,Steel Plate,MV OceanStar,2023-04-15,2023-05-06,2023-05-15,55
SHP2756,PO1604,SUP003,CoreSteel,MAT101,Steel Rod,MV Titan,2028-02-18,2028-03-12,2028-03-02,45
SHP2757,PO2806,SUP004,DeltaIron,MAT102,Steel Plate,MV Titan,2025-09-01,2025-09-13,2025-09-21,50
SHP2758,PO1251,SUP002,BetaMetals,MAT100,Steel Coil,MV Horizon,2024-01-04,2024-01-14,2024-01-21,47
SHP2759,PO1832,SUP001,AlphaSteel,MAT101,Steel Rod,MV Titan,2024-08-06,2024-08-30,2024-08-28,90
SHP2760,PO1444,SUP004,DeltaIron,MAT102,Steel Plate,MV Titan,2026-12-04,2026-12-20,2027-01-07,68
SHP2761,PO2363,SUP004,DeltaIron,MAT102,Steel Plate,MV Titan,2024-07-20,2024-08-01,2024-08-12,84
SHP2762,PO1342,SUP001,AlphaSteel,MAT102,Steel Plate,MV Titan,2027-02-07,2027-02-22,2027-02-26,45
SHP2763,PO2513,SUP005,PrimeSteel,MAT104,Steel Sheet,MV Horizon,2024-10-18,2024-11-08,2024-11-19,42
SHP2764,PO2052,SUP001,AlphaSteel,MAT104,Steel Sheet,MV Horizon,2026-04-14,2026-04-27,2026-05-15,81
SHP2765,PO1588,SUP002,BetaMetals,MAT101,Steel Rod,MV OceanStar,2023-09-10,2023-10-01,2023-10-04,66
SHP2766,PO1076,SUP004,DeltaIron,MAT102,Steel Plate,MV Horizon,2023-04-30,2023-05-10,2023-06-03,66
SHP2767,PO2417,SUP003,CoreSteel,MAT103,Steel Bar,MV OceanStar,2027-06-01,2027-06-21,2027-06-28,93
SHP2768,PO1916,SUP002,BetaMetals,MAT104,Steel Sheet,MV Horizon,2027-04-13,2027-04-29,2027-05-03,81
SHP2769,PO1942,SUP003,CoreSteel,MAT103,Steel Bar,MV Titan,2025-09-02,2025-09-20,2025-09-14,80
SHP2770,PO1027,SUP003,CoreSteel,MAT100,Steel Coil,MV Titan,2026-03-13,2026-04-04,2026-04-01,44
SHP2771,PO1571,SUP001,AlphaSteel,MAT101,Steel Rod,MV OceanStar,2023-02-24,2023-03-14,2023-03-30,45
SHP2772,PO1167,SUP005,PrimeSteel,MAT103,Steel Bar,MV Horizon,2023-12-04,2023-12-23,2023-12-18,80
SHP2773,PO2406,SUP001,AlphaSteel,MAT103,Steel Bar,MV Titan,2027-02-24,2027-03-14,2027-03-08,64
SHP2774,PO1292,SUP003,CoreSteel,MAT103,Steel Bar,MV OceanStar,2023-12-25,2024-01-16,2024-01-06,81
SHP2775,PO1186,SUP002,BetaMetals,MAT100,Steel Coil,MV OceanStar,2025-05-18,2025-06-05,2025-06-06,57
SHP2776,PO2032,SUP002,BetaMetals,MAT101,Steel Rod,MV OceanStar,2026-08-15,2026-09-01,2026-08-29,55
SHP2777,PO1092,SUP004,DeltaIron,MAT103,Steel Bar,MV Horizon,2026-03-25,2026-04-07,2026-04-12,62
SHP2778,PO1944,SUP004,DeltaIron,MAT102,Steel Plate,MV Titan,2026-01-04,2026-01-17,2026-01-24,75
SHP2779,PO2706,SUP004,DeltaIron,MAT100,Steel Coil,MV OceanStar,2025-08-03,2025-08-26,2025-08-27,83
SHP2780,PO1352,SUP001,AlphaSteel,MAT102,Steel Plate,MV Titan,2023-10-17,2023-10-28,2023-11-04,43
SHP2781,PO2348,SUP003,CoreSteel,MAT101,Steel Rod,MV OceanStar,2026-06-25,2026-07-12,2026-07-14,51
SHP2782,PO2370,SUP003,CoreSteel,MAT102,Steel Plate,MV Horizon,2023-01-18,2023-02-03,2023-02-19,78
SHP2783,PO1457,SUP004,DeltaIron,MAT101,Steel Rod,MV Horizon,2024-07-18,2024-07-29,2024-08-10,57
SHP2784,PO2628,SUP005,PrimeSteel,MAT100,Steel Coil,MV Titan,2028-05-29,2028-06-09,2028-06-15,86
SHP2785,PO2109,SUP001,AlphaSteel,MAT103,Steel Bar,MV OceanStar,2025-07-17,2025-07-29,2025-08-09,45
SHP2786,PO2291,SUP004,DeltaIron,MAT103,Steel Bar,MV Titan,2026-05-05,2026-05-28,2026-06-04,81
SHP2787,PO1520,SUP002,BetaMetals,MAT103,Steel Bar,MV Titan,2024-11-13,2024-11-25,2024-11-27,90
SHP2788,PO1713,SUP003,CoreSteel,MAT104,Steel Sheet,MV OceanStar,2027-01-21,2027-02-09,2027-02-05,55
SHP2789,PO1096,SUP001,AlphaSteel,MAT100,Steel Coil,MV Horizon,2024-02-28,2024-03-09,2024-03-30,42
SHP2790,PO1740,SUP001,AlphaSteel,MAT104,Steel Sheet,MV Titan,2027-03-15,2027-03-31,2027-04-14,44
SHP2791,PO1294,SUP003,CoreSteel,MAT101,Steel Rod,MV Horizon,2024-11-03,2024-11-14,2024-11-17,53
SHP2792,PO2176,SUP005,PrimeSteel,MAT100,Steel Coil,MV OceanStar,2023-06-30,2023-07-22,2023-07-14,59
SHP2793,PO2488,SUP002,BetaMetals,MAT100,Steel Coil,MV OceanStar,2028-05-16,2028-05-27,2028-06-15,73
SHP2794,PO1877,SUP001,AlphaSteel,MAT102,Steel Plate,MV Horizon,2024-03-03,2024-03-27,2024-03-22,87
SHP2795,PO1530,SUP002,BetaMetals,MAT100,Steel Coil,MV Titan,2025-03-27,2025-04-06,2025-04-26,86
SHP2796,PO2156,SUP003,CoreSteel,MAT101,Steel Rod,MV Titan,2026-09-10,2026-10-03,2026-10-13,52
SHP2797,PO2057,SUP001,AlphaSteel,MAT101,Steel Rod,MV Titan,2025-10-18,2025-11-06,2025-11-03,84
SHP2798,PO2789,SUP003,CoreSteel,MAT101,Steel Rod,MV Horizon,2028-03-21,2028-04-08,2028-04-11,78
SHP2799,PO1880,SUP004,DeltaIron,MAT100,Steel Coil,MV Horizon,2026-02-05,2026-02-22,2026-02-19,72
SHP2800,PO1264,SUP001,AlphaSteel,MAT103,Steel Bar,MV OceanStar,2024-12-26,2025-01-15,2025-01-28,50
SHP2801,PO2400,SUP005,PrimeSteel,MAT103,Steel Bar,MV Horizon,2026-03-14,2026-03-29,2026-04-17,74
SHP2802,PO2953,SUP005,PrimeSteel,MAT104,Steel Sheet,MV OceanStar,2024-03-28,2024-04-18,2024-05-01,88
SHP2803,PO2307,SUP002,BetaMetals,MAT101,Steel Rod,MV OceanStar,2027-02-11,2027-02-24,2027-03-06,69
SHP2804,PO2285,SUP003,CoreSteel,MAT101,Steel Rod,MV OceanStar,2025-01-12,2025-02-04,2025-02-12,48
SHP2805,PO1305,SUP005,PrimeSteel,MAT104,Steel Sheet,MV OceanStar,2024-04-25,2024-05-16,2024-05-28,51
SHP2806,PO1723,SUP004,DeltaIron,MAT103,Steel Bar,MV OceanStar,2026-12-14,2026-12-25,2027-01-11,93
SHP2807,PO1746,SUP005,PrimeSteel,MAT101,Steel Rod,MV Horizon,2023-02-16,2023-03-04,2023-03-04,81
SHP2808,PO1935,SUP004,DeltaIron,MAT104,Steel Sheet,MV OceanStar,2027-05-01,2027-05-14,2027-05-26,67
SHP2809,PO1143,SUP001,AlphaSteel,MAT100,Steel Coil,MV Horizon,2025-01-03,2025-01-14,2025-01-28,80
SHP2810,PO2240,SUP001,AlphaSteel,MAT102,Steel Plate,MV OceanStar,2028-03-02,2028-03-25,2028-04-03,49
SHP2811,PO1784,SUP003,CoreSteel,MAT102,Steel Plate,MV Titan,2027-07-25,2027-08-13,2027-08-19,41
SHP2812,PO1728,SUP004,DeltaIron,MAT101,Steel Rod,MV Titan,2027-06-16,2027-07-06,2027-07-14,68
SHP2813,PO1314,SUP004,DeltaIron,MAT100,Steel Coil,MV Horizon,2023-11-04,2023-11-20,2023-12-07,58
SHP2814,PO1143,SUP005,PrimeSteel,MAT104,Steel Sheet,MV Horizon,2026-05-22,2026-06-06,2026-06-17,94
SHP2815,PO2646,SUP004,DeltaIron,MAT102,Steel Plate,MV Horizon,2028-01-15,2028-01-28,2028-02-18,79
SHP2816,PO1803,SUP002,BetaMetals,MAT102,Steel Plate,MV OceanStar,2027-03-16,2027-03-26,2027-03-29,62
SHP2817,PO2736,SUP003,CoreSteel,MAT101,Steel Rod,MV OceanStar,2025-12-14,2026-01-03,2025-12-28,72
SHP2818,PO1797,SUP002,BetaMetals,MAT104,Steel Sheet,MV OceanStar,2028-01-29,2028-02-14,2028-02-21,43
SHP2819,PO2642,SUP002,BetaMetals,MAT101,Steel Rod,MV Horizon,2023-10-27,2023-11-09,2023-11-11,49
SHP2820,PO1624,SUP004,DeltaIron,MAT101,Steel Rod,MV Titan,2027-12-30,2028-01-11,2028-01-15,80
SHP2821,PO2038,SUP001,AlphaSteel,MAT104,Steel Sheet,MV Titan,2028-01-02,2028-01-25,2028-01-19,78
SHP2822,PO2475,SUP004,DeltaIron,MAT103,Steel Bar,MV Horizon,2026-02-27,2026-03-14,2026-03-19,70
SHP2823,PO2728,SUP004,DeltaIron,MAT101,Steel Rod,MV Horizon,2026-07-13,2026-07-25,2026-08-10,83
SHP2824,PO2515,SUP003,CoreSteel,MAT100,Steel Coil,MV Titan,2027-08-13,2027-08-24,2027-09-11,41
SHP2825,PO2341,SUP003,CoreSteel,MAT104,Steel Sheet,MV Horizon,2024-08-21,2024-09-14,2024-09-13,86
SHP2826,PO2133,SUP003,CoreSteel,MAT100,Steel Coil,MV Horizon,2025-10-07,2025-10-17,2025-11-06,56
SHP2827,PO2487,SUP005,PrimeSteel,MAT100,Steel Coil,MV Horizon,2024-06-19,2024-07-11,2024-07-13,47
SHP2828,PO1719,SUP001,AlphaSteel,MAT101,Steel Rod,MV Horizon,2024-08-23,2024-09-06,2024-09-10,94
SHP2829,PO2316,SUP002,BetaMetals,MAT103,Steel Bar,MV Titan,2025-06-28,2025-07-12,2025-07-22,75
SHP2830,PO2593,SUP001,AlphaSteel,MAT102,Steel Plate,MV Titan,2025-10-03,2025-10-19,2025-10-30,83
SHP2831,PO1252,SUP005,PrimeSteel,MAT101,Steel Rod,MV Titan,2026-01-14,2026-02-07,2026-01-30,45
SHP2832,PO1079,SUP003,CoreSteel,MAT103,Steel Bar,MV OceanStar,2023-07-15,2023-08-08,2023-08-01,60
SHP2833,PO1426,SUP002,BetaMetals,MAT104,Steel Sheet,MV Titan,2023-10-16,2023-11-01,2023-11-03,45
SHP2834,PO1536,SUP004,DeltaIron,MAT102,Steel Plate,MV OceanStar,2027-08-26,2027-09-18,2027-09-19,58
SHP2835,PO1705,SUP001,AlphaSteel,MAT103,Steel Bar,MV Horizon,2023-09-27,2023-10-15,2023-10-19,47
SHP2836,PO2310,SUP005,PrimeSteel,MAT103,Steel Bar,MV OceanStar,2024-12-09,2024-12-25,2024-12-26,85
SHP2837,PO1777,SUP001,AlphaSteel,MAT101,Steel Rod,MV Titan,2027-10-29,2027-11-09,2027-11-10,69
SHP2838,PO1381,SUP002,BetaMetals,MAT100,Steel Coil,MV Titan,2026-04-19,2026-05-13,2026-05-18,67
SHP2839,PO2055,SUP002,BetaMetals,MAT100,Steel Coil,MV Titan,2025-05-16,2025-06-08,2025-06-09,77
SHP2840,PO2150,SUP002,BetaMetals,MAT101,Steel Rod,MV Horizon,2026-12-18,2027-01-02,2027-01-16,70
SHP2841,PO1780,SUP005,PrimeSteel,MAT103,Steel Bar,MV Titan,2024-11-09,2024-11-28,2024-11-25,94
SHP2842,PO2800,SUP005,PrimeSteel,MAT100,Steel Coil,MV Titan,2024-01-21,2024-02-07,2024-02-10,59
SHP2843,PO2197,SUP004,DeltaIron,MAT100,Steel Coil,MV Titan,2025-06-13,2025-07-07,2025-07-16,59
SHP2844,PO2489,SUP001,AlphaSteel,MAT103,Steel Bar,MV Titan,2023-10-30,2023-11-10,2023-11-20,55
SHP2845,PO1501,SUP005,PrimeSteel,MAT103,Steel Bar,MV Horizon,2026-07-23,2026-08-13,2026-08-17,62
SHP2846,PO1669,SUP005,PrimeSteel,MAT103,Steel Bar,MV Horizon,2024-05-01,2024-05-11,2024-05-23,81
SHP2847,PO1414,SUP001,AlphaSteel,MAT103,Steel Bar,MV Horizon,2025-07-05,2025-07-22,2025-08-08,58
SHP2848,PO1087,SUP004,DeltaIron,MAT103,Steel Bar,MV Horizon,2027-07-27,2027-08-07,2027-08-20,43
SHP2849,PO2151,SUP005,PrimeSteel,MAT101,Steel Rod,MV Titan,2028-02-07,2028-02-26,2028-03-09,55
SHP2850,PO2343,SUP005,PrimeSteel,MAT101,Steel Rod,MV Horizon,2025-07-09,2025-07-28,2025-08-07,90
SHP2851,PO1666,SUP001,AlphaSteel,MAT102,Steel Plate,MV Horizon,2027-11-02,2027-11-20,2027-11-22,89
SHP2852,PO1010,SUP001,AlphaSteel,MAT101,Steel Rod,MV Horizon,2027-07-12,2027-08-03,2027-08-08,75
SHP2853,PO2262,SUP003,CoreSteel,MAT100,Steel Coil,MV OceanStar,2026-02-15,2026-03-05,2026-03-02,82
SHP2854,PO1403,SUP005,PrimeSteel,MAT101,Steel Rod,MV Horizon,2023-11-29,2023-12-11,2023-12-21,52
SHP2855,PO2767,SUP003,CoreSteel,MAT102,Steel Plate,MV OceanStar,2027-03-08,2027-03-29,2027-03-22,94
SHP2856,PO1403,SUP001,AlphaSteel,MAT103,Steel Bar,MV OceanStar,2027-06-20,2027-07-08,2027-07-02,44
SHP2857,PO2108,SUP002,BetaMetals,MAT103,Steel Bar,MV Titan,2027-12-29,2028-01-19,2028-01-15,48
SHP2858,PO1503,SUP005,PrimeSteel,MAT104,Steel Sheet,MV Horizon,2025-07-30,2025-08-17,2025-08-18,72
SHP2859,PO2838,SUP005,PrimeSteel,MAT101,Steel Rod,MV OceanStar,2026-08-28,2026-09-19,2026-09-29,56
SHP2860,PO2744,SUP001,AlphaSteel,MAT103,Steel Bar,MV Titan,2025-11-19,2025-11-30,2025-12-21,61
SHP2861,PO2852,SUP005,PrimeSteel,MAT102,Steel Plate,MV Horizon,2024-01-19,2024-02-10,2024-02-15,90
SHP2862,PO1826,SUP001,AlphaSteel,MAT100,Steel Coil,MV Titan,2028-06-13,2028-06-26,2028-07-17,88
SHP2863,PO1811,SUP003,CoreSteel,MAT104,Steel Sheet,MV Horizon,2028-05-02,2028-05-12,2028-06-01,63
SHP2864,PO1390,SUP004,DeltaIron,MAT104,Steel Sheet,MV Titan,2023-02-10,2023-02-26,2023-02-24,82
SHP2865,PO1536,SUP003,CoreSteel,MAT102,Steel Plate,MV Titan,2028-02-26,2028-03-15,2028-03-18,43
SHP2866,PO1995,SUP002,BetaMetals,MAT100,Steel Coil,MV Titan,2023-05-16,2023-05-31,2023-06-09,92
SHP2867,PO1286,SUP003,CoreSteel,MAT101,Steel Rod,MV Horizon,2025-05-29,2025-06-21,2025-06-13,57
SHP2868,PO2254,SUP003,CoreSteel,MAT100,Steel Coil,MV OceanStar,2027-04-01,2027-04-14,2027-04-24,93
SHP2869,PO2089,SUP002,BetaMetals,MAT101,Steel Rod,MV Horizon,2027-02-05,2027-03-01,2027-03-11,47
SHP2870,PO1179,SUP001,AlphaSteel,MAT104,Steel Sheet,MV OceanStar,2024-07-22,2024-08-09,2024-08-14,69
SHP2871,PO1424,SUP003,CoreSteel,MAT104,Steel Sheet,MV Titan,2023-03-25,2023-04-10,2023-04-11,75
SHP2872,PO1770,SUP003,CoreSteel,MAT104,Steel Sheet,MV OceanStar,2024-10-04,2024-10-19,2024-11-05,56
SHP2873,PO1711,SUP003,CoreSteel,MAT102,Steel Plate,MV OceanStar,2023-07-13,2023-08-01,2023-08-04,56
SHP2874,PO2990,SUP002,BetaMetals,MAT102,Steel Plate,MV Horizon,2024-07-29,2024-08-14,2024-08-11,93
SHP2875,PO1906,SUP001,AlphaSteel,MAT100,Steel Coil,MV Horizon,2025-02-18,2025-02-28,2025-03-08,74
SHP2876,PO1071,SUP002,BetaMetals,MAT104,Steel Sheet,MV Horizon,2027-08-08,2027-08-29,2027-08-27,65
SHP2877,PO1167,SUP001,AlphaSteel,MAT100,Steel Coil,MV OceanStar,2027-03-31,2027-04-16,2027-05-03,83
SHP2878,PO1460,SUP004,DeltaIron,MAT102,Steel Plate,MV Horizon,2026-09-22,2026-10-02,2026-10-04,72
SHP2879,PO2609,SUP003,CoreSteel,MAT102,Steel Plate,MV Horizon,2025-01-22,2025-02-13,2025-02-20,61
SHP2880,PO1090,SUP002,BetaMetals,MAT102,Steel Plate,MV Horizon,2024-03-23,2024-04-03,2024-04-21,68
SHP2881,PO2985,SUP005,PrimeSteel,MAT101,Steel Rod,MV OceanStar,2025-02-14,2025-03-03,2025-02-28,42
SHP2882,PO2561,SUP003,CoreSteel,MAT104,Steel Sheet,MV Titan,2026-06-24,2026-07-09,2026-07-06,72
SHP2883,PO1279,SUP004,DeltaIron,MAT100,Steel Coil,MV OceanStar,2026-03-22,2026-04-07,2026-04-04,40
SHP2884,PO1145,SUP003,CoreSteel,MAT104,Steel Sheet,MV Horizon,2027-02-23,2027-03-10,2027-03-07,76
SHP2885,PO1830,SUP001,AlphaSteel,MAT103,Steel Bar,MV OceanStar,2025-03-29,2025-04-22,2025-04-16,42
SHP2886,PO1651,SUP003,CoreSteel,MAT102,Steel Plate,MV OceanStar,2025-06-15,2025-07-03,2025-07-16,78
SHP2887,PO1253,SUP004,DeltaIron,MAT103,Steel Bar,MV Horizon,2025-08-19,2025-09-11,2025-09-09,86
SHP2888,PO2679,SUP002,BetaMetals,MAT100,Steel Coil,MV OceanStar,2028-02-14,2028-02-25,2028-03-09,83
SHP2889,PO1011,SUP005,PrimeSteel,MAT104,Steel Sheet,MV Horizon,2023-11-26,2023-12-18,2023-12-29,79
SHP2890,PO2959,SUP005,PrimeSteel,MAT100,Steel Coil,MV OceanStar,2023-12-02,2023-12-25,2023-12-17,92
SHP2891,PO1442,SUP002,BetaMetals,MAT100,Steel Coil,MV Titan,2025-06-27,2025-07-07,2025-07-14,43
SHP2892,PO2455,SUP004,DeltaIron,MAT104,Steel Sheet,MV Horizon,2024-01-28,2024-02-12,2024-02-17,55
SHP2893,PO2345,SUP004,DeltaIron,MAT100,Steel Coil,MV Titan,2025-04-20,2025-05-01,2025-05-18,64
SHP2894,PO2354,SUP003,CoreSteel,MAT100,Steel Coil,MV Titan,2024-04-12,2024-05-05,2024-05-06,60
SHP2895,PO2974,SUP003,CoreSteel,MAT104,Steel Sheet,MV Horizon,2028-04-18,2028-05-09,2028-05-04,40
SHP2896,PO2733,SUP002,BetaMetals,MAT104,Steel Sheet,MV OceanStar,2027-01-08,2027-02-01,2027-01-31,46
SHP2897,PO2041,SUP004,DeltaIron,MAT104,Steel Sheet,MV OceanStar,2026-11-12,2026-12-05,2026-12-08,59
SHP2898,PO1080,SUP003,CoreSteel,MAT101,Steel Rod,MV OceanStar,2027-04-02,2027-04-25,2027-04-20,44
SHP2899,PO1404,SUP003,CoreSteel,MAT101,Steel Rod,MV Horizon,2026-05-17,2026-05-31,2026-06-10,64
SHP2900,PO1493,SUP002,BetaMetals,MAT103,Steel Bar,MV Horizon,2025-02-10,2025-02-22,2025-02-23,68
SHP2901,PO2501,SUP005,PrimeSteel,MAT101,Steel Rod,MV Titan,2026-02-23,2026-03-05,2026-03-16,48
SHP2902,PO1920,SUP002,BetaMetals,MAT103,Steel Bar,MV Horizon,2024-07-04,2024-07-27,2024-07-30,87
SHP2903,PO2675,SUP002,BetaMetals,MAT103,Steel Bar,MV OceanStar,2023-05-09,2023-05-20,2023-05-21,67
SHP2904,PO1657,SUP004,DeltaIron,MAT100,Steel Coil,MV Titan,2027-07-16,2027-08-01,2027-08-10,94
SHP2905,PO1018,SUP001,AlphaSteel,MAT101,Steel Rod,MV Titan,2027-10-28,2027-11-18,2027-11-29,40
SHP2906,PO1826,SUP003,CoreSteel,MAT102,Steel Plate,MV OceanStar,2026-11-08,2026-11-26,2026-12-07,61
SHP2907,PO2661,SUP005,PrimeSteel,MAT102,Steel Plate,MV Titan,2026-11-23,2026-12-03,2026-12-17,53
SHP2908,PO1861,SUP005,PrimeSteel,MAT102,Steel Plate,MV OceanStar,2027-08-28,2027-09-21,2027-09-23,80
SHP2909,PO1481,SUP001,AlphaSteel,MAT101,Steel Rod,MV Titan,2026-04-25,2026-05-13,2026-05-18,66
SHP2910,PO1729,SUP002,BetaMetals,MAT102,Steel Plate,MV OceanStar,2028-06-11,2028-07-05,2028-06-30,55
SHP2911,PO1809,SUP002,BetaMetals,MAT104,Steel Sheet,MV OceanStar,2025-10-24,2025-11-05,2025-11-06,86
SHP2912,PO2209,SUP005,PrimeSteel,MAT102,Steel Plate,MV OceanStar,2023-12-20,2024-01-07,2024-01-06,60
SHP2913,PO2788,SUP002,BetaMetals,MAT102,Steel Plate,MV Horizon,2024-07-01,2024-07-20,2024-07-19,68
SHP2914,PO1625,SUP004,DeltaIron,MAT103,Steel Bar,MV Titan,2023-06-02,2023-06-25,2023-06-26,83
SHP2915,PO2813,SUP001,AlphaSteel,MAT100,Steel Coil,MV Titan,2023-03-04,2023-03-21,2023-04-06,86
SHP2916,PO1477,SUP003,CoreSteel,MAT103,Steel Bar,MV OceanStar,2028-04-11,2028-04-28,2028-04-28,46
SHP2917,PO1876,SUP003,CoreSteel,MAT104,Steel Sheet,MV OceanStar,2027-12-14,2027-12-28,2028-01-07,69
SHP2918,PO2043,SUP003,CoreSteel,MAT101,Steel Rod,MV Horizon,2026-06-23,2026-07-16,2026-07-19,73
SHP2919,PO1941,SUP002,BetaMetals,MAT104,Steel Sheet,MV Titan,2027-07-06,2027-07-30,2027-07-28,71
SHP2920,PO2205,SUP004,DeltaIron,MAT103,Steel Bar,MV Titan,2023-04-11,2023-04-27,2023-05-14,59
SHP2921,PO2741,SUP002,BetaMetals,MAT103,Steel Bar,MV Horizon,2024-07-27,2024-08-14,2024-08-23,63
SHP2922,PO2902,SUP005,PrimeSteel,MAT104,Steel Sheet,MV OceanStar,2023-05-13,2023-05-24,2023-05-27,60
SHP2923,PO2747,SUP001,AlphaSteel,MAT104,Steel Sheet,MV OceanStar,2024-01-30,2024-02-17,2024-03-01,57
SHP2924,PO1717,SUP002,BetaMetals,MAT100,Steel Coil,MV Horizon,2026-04-17,2026-05-05,2026-05-14,53
SHP2925,PO2414,SUP002,BetaMetals,MAT101,Steel Rod,MV Horizon,2028-04-21,2028-05-11,2028-05-25,77
SHP2926,PO2785,SUP001,AlphaSteel,MAT101,Steel Rod,MV Horizon,2024-06-02,2024-06-18,2024-07-03,60
SHP2927,PO2420,SUP002,BetaMetals,MAT103,Steel Bar,MV Titan,2025-10-11,2025-10-27,2025-11-03,70
SHP2928,PO1884,SUP001,AlphaSteel,MAT103,Steel Bar,MV Horizon,2027-10-19,2027-11-04,2027-11-04,60
SHP2929,PO2272,SUP002,BetaMetals,MAT101,Steel Rod,MV OceanStar,2024-08-05,2024-08-23,2024-08-29,57
SHP2930,PO2340,SUP002,BetaMetals,MAT102,Steel Plate,MV Titan,2026-07-05,2026-07-22,2026-08-05,81
SHP2931,PO2877,SUP001,AlphaSteel,MAT104,Steel Sheet,MV Horizon,2023-01-02,2023-01-22,2023-01-19,52
SHP2932,PO2526,SUP005,PrimeSteel,MAT104,Steel Sheet,MV Horizon,2028-01-14,2028-01-26,2028-02-02,42
SHP2933,PO1517,SUP001,AlphaSteel,MAT100,Steel Coil,MV Titan,2023-02-18,2023-03-08,2023-03-07,43
SHP2934,PO1338,SUP005,PrimeSteel,MAT102,Steel Plate,MV OceanStar,2027-01-28,2027-02-18,2027-02-10,43
SHP2935,PO1889,SUP002,BetaMetals,MAT104,Steel Sheet,MV OceanStar,2028-04-09,2028-05-03,2028-05-06,52
SHP2936,PO2969,SUP005,PrimeSteel,MAT104,Steel Sheet,MV OceanStar,2025-02-23,2025-03-18,2025-03-26,45
SHP2937,PO1237,SUP003,CoreSteel,MAT104,Steel Sheet,MV Horizon,2027-06-23,2027-07-09,2027-07-12,68
SHP2938,PO1052,SUP002,BetaMetals,MAT104,Steel Sheet,MV Horizon,2025-11-25,2025-12-19,2025-12-08,69
SHP2939,PO1480,SUP004,DeltaIron,MAT104,Steel Sheet,MV Titan,2024-04-20,2024-05-12,2024-05-24,41
SHP2940,PO1587,SUP002,BetaMetals,MAT103,Steel Bar,MV Horizon,2025-04-29,2025-05-13,2025-05-24,90
SHP2941,PO2971,SUP003,CoreSteel,MAT103,Steel Bar,MV OceanStar,2025-11-20,2025-12-12,2025-12-11,64
SHP2942,PO2390,SUP005,PrimeSteel,MAT100,Steel Coil,MV Titan,2023-06-10,2023-07-01,2023-07-03,67
SHP2943,PO2641,SUP002,BetaMetals,MAT102,Steel Plate,MV Horizon,2026-12-26,2027-01-19,2027-01-28,59
SHP2944,PO1531,SUP003,CoreSteel,MAT103,Steel Bar,MV OceanStar,2023-09-25,2023-10-15,2023-10-07,51
SHP2945,PO2181,SUP001,AlphaSteel,MAT100,Steel Coil,MV Titan,2025-02-19,2025-03-01,2025-03-22,50
SHP2946,PO2584,SUP004,DeltaIron,MAT101,Steel Rod,MV OceanStar,2026-02-13,2026-02-23,2026-03-14,88
SHP2947,PO2938,SUP001,AlphaSteel,MAT104,Steel Sheet,MV Titan,2028-03-13,2028-03-29,2028-04-12,67
SHP2948,PO2384,SUP001,AlphaSteel,MAT102,Steel Plate,MV Titan,2023-01-12,2023-01-26,2023-02-02,50
SHP2949,PO2950,SUP004,DeltaIron,MAT100,Steel Coil,MV OceanStar,2023-09-13,2023-10-04,2023-10-15,88
SHP2950,PO2288,SUP001,AlphaSteel,MAT101,Steel Rod,MV OceanStar,2025-07-21,2025-08-13,2025-08-10,67
SHP2951,PO1368,SUP001,AlphaSteel,MAT100,Steel Coil,MV Titan,2027-02-09,2027-02-20,2027-02-26,74
SHP2952,PO1015,SUP003,CoreSteel,MAT104,Steel Sheet,MV OceanStar,2026-03-04,2026-03-20,2026-03-29,62
SHP2953,PO2092,SUP002,BetaMetals,MAT103,Steel Bar,MV OceanStar,2026-04-11,2026-05-04,2026-04-26,55
SHP2954,PO2634,SUP003,CoreSteel,MAT100,Steel Coil,MV Horizon,2025-07-12,2025-08-03,2025-07-26,53
SHP2955,PO2861,SUP002,BetaMetals,MAT102,Steel Plate,MV OceanStar,2023-12-24,2024-01-13,2024-01-21,60
SHP2956,PO1713,SUP004,DeltaIron,MAT100,Steel Coil,MV OceanStar,2027-03-18,2027-03-31,2027-04-16,52
SHP2957,PO1076,SUP001,AlphaSteel,MAT104,Steel Sheet,MV Titan,2024-10-12,2024-11-05,2024-11-09,72
SHP2958,PO1222,SUP004,DeltaIron,MAT100,Steel Coil,MV OceanStar,2025-09-28,2025-10-19,2025-10-14,58
SHP2959,PO1309,SUP003,CoreSteel,MAT100,Steel Coil,MV Horizon,2023-06-07,2023-06-27,2023-07-09,57
SHP2960,PO2262,SUP001,AlphaSteel,MAT104,Steel Sheet,MV Horizon,2024-12-14,2024-12-24,2025-01-15,73
SHP2961,PO2329,SUP003,CoreSteel,MAT104,Steel Sheet,MV Horizon,2025-05-31,2025-06-23,2025-06-24,53
SHP2962,PO1576,SUP001,AlphaSteel,MAT102,Steel Plate,MV OceanStar,2023-02-23,2023-03-14,2023-03-10,56
SHP2963,PO1266,SUP003,CoreSteel,MAT103,Steel Bar,MV Horizon,2026-02-26,2026-03-20,2026-03-17,77
SHP2964,PO1168,SUP005,PrimeSteel,MAT100,Steel Coil,MV Horizon,2023-06-08,2023-06-30,2023-06-21,40
SHP2965,PO2239,SUP003,CoreSteel,MAT100,Steel Coil,MV Horizon,2024-02-21,2024-03-10,2024-03-22,55
SHP2966,PO2421,SUP001,AlphaSteel,MAT103,Steel Bar,MV Horizon,2028-03-30,2028-04-18,2028-04-27,42
SHP2967,PO1941,SUP002,BetaMetals,MAT100,Steel Coil,MV Horizon,2024-04-01,2024-04-21,2024-05-02,88
SHP2968,PO2116,SUP005,PrimeSteel,MAT101,Steel Rod,MV Titan,2026-05-27,2026-06-11,2026-06-08,81
SHP2969,PO2903,SUP002,BetaMetals,MAT104,Steel Sheet,MV Horizon,2025-06-29,2025-07-16,2025-08-02,53
SHP2970,PO1236,SUP001,AlphaSteel,MAT103,Steel Bar,MV OceanStar,2028-02-19,2028-03-12,2028-03-17,63
SHP2971,PO1552,SUP005,PrimeSteel,MAT100,Steel Coil,MV Horizon,2028-03-07,2028-03-31,2028-03-28,62
SHP2972,PO1077,SUP002,BetaMetals,MAT102,Steel Plate,MV OceanStar,2023-02-02,2023-02-23,2023-02-23,82
SHP2973,PO2698,SUP001,AlphaSteel,MAT101,Steel Rod,MV Titan,2027-05-13,2027-05-31,2027-05-26,48
SHP2974,PO2026,SUP004,DeltaIron,MAT103,Steel Bar,MV OceanStar,2025-09-29,2025-10-23,2025-10-20,64
SHP2975,PO1475,SUP003,CoreSteel,MAT100,Steel Coil,MV Titan,2026-06-20,2026-07-03,2026-07-19,93
SHP2976,PO2051,SUP004,DeltaIron,MAT103,Steel Bar,MV Horizon,2024-01-15,2024-02-02,2024-02-11,62
SHP2977,PO1496,SUP003,CoreSteel,MAT104,Steel Sheet,MV Titan,2028-04-03,2028-04-13,2028-05-04,78
SHP2978,PO2619,SUP005,PrimeSteel,MAT100,Steel Coil,MV Titan,2023-02-26,2023-03-20,2023-03-26,87
SHP2979,PO1399,SUP003,CoreSteel,MAT104,Steel Sheet,MV OceanStar,2025-10-05,2025-10-21,2025-10-28,75
SHP2980,PO1898,SUP001,AlphaSteel,MAT103,Steel Bar,MV Titan,2024-12-22,2025-01-10,2025-01-12,60
SHP2981,PO2345,SUP005,PrimeSteel,MAT104,Steel Sheet,MV Horizon,2028-04-26,2028-05-19,2028-05-15,71
SHP2982,PO1912,SUP005,PrimeSteel,MAT103,Steel Bar,MV Horizon,2026-08-17,2026-08-30,2026-09-16,73
SHP2983,PO1233,SUP001,AlphaSteel,MAT103,Steel Bar,MV Titan,2023-09-05,2023-09-23,2023-09-27,54
SHP2984,PO1742,SUP002,BetaMetals,MAT101,Steel Rod,MV OceanStar,2024-09-29,2024-10-14,2024-10-27,68
SHP2985,PO1665,SUP003,CoreSteel,MAT101,Steel Rod,MV Horizon,2026-02-25,2026-03-09,2026-03-24,63
SHP2986,PO1940,SUP003,CoreSteel,MAT101,Steel Rod,MV Horizon,2025-12-05,2025-12-25,2025-12-29,71
SHP2987,PO2302,SUP003,CoreSteel,MAT100,Steel Coil,MV Titan,2026-09-27,2026-10-16,2026-10-22,84
SHP2988,PO2567,SUP002,BetaMetals,MAT102,Steel Plate,MV Horizon,2027-10-17,2027-11-01,2027-11-06,52
SHP2989,PO2320,SUP002,BetaMetals,MAT102,Steel Plate,MV Titan,2024-06-03,2024-06-21,2024-06-25,90
SHP2990,PO2499,SUP005,PrimeSteel,MAT104,Steel Sheet,MV OceanStar,2026-06-21,2026-07-14,2026-07-06,69
SHP2991,PO2433,SUP002,BetaMetals,MAT102,Steel Plate,MV Horizon,2023-03-31,2023-04-12,2023-04-28,76
SHP2992,PO1299,SUP004,DeltaIron,MAT102,Steel Plate,MV OceanStar,2025-10-14,2025-10-26,2025-10-29,60
SHP2993,PO1050,SUP005,PrimeSteel,MAT104,Steel Sheet,MV Horizon,2024-05-15,2024-05-31,2024-06-02,82
SHP2994,PO1997,SUP003,CoreSteel,MAT102,Steel Plate,MV OceanStar,2025-08-21,2025-09-02,2025-09-16,54
SHP2995,PO2664,SUP001,AlphaSteel,MAT101,Steel Rod,MV Horizon,2023-04-12,2023-05-04,2023-04-28,49
SHP2996,PO1679,SUP003,CoreSteel,MAT100,Steel Coil,MV Horizon,2024-02-11,2024-03-06,2024-03-10,80
SHP2997,PO2658,SUP003,CoreSteel,MAT104,Steel Sheet,MV Titan,2026-08-27,2026-09-13,2026-09-17,81
SHP2998,PO1530,SUP003,CoreSteel,MAT102,Steel Plate,MV OceanStar,2027-07-05,2027-07-29,2027-08-02,59
SHP2999,PO2138,SUP003,CoreSteel,MAT102,Steel Plate,MV Titan,2025-10-10,2025-11-01,2025-11-09,62
SHP3000,PO1970,SUP004,DeltaIron,MAT104,Steel Sheet,MV Titan,2025-09-06,2025-09-29,2025-09-24,65
SHP3001,PO2368,SUP001,AlphaSteel,MAT101,Steel Rod,MV OceanStar,2024-09-27,2024-10-17,2024-10-17,72
SHP3002,PO2879,SUP001,AlphaSteel,MAT103,Steel Bar,MV Horizon,2023-06-16,2023-06-26,2023-07-19,86
SHP3003,PO2990,SUP004,DeltaIron,MAT103,Steel Bar,MV Titan,2023-01-04,2023-01-17,2023-02-02,83
SHP3004,PO1741,SUP004,DeltaIron,MAT104,Steel Sheet,MV Titan,2026-12-20,2027-01-08,2027-01-01,63
SHP3005,PO2428,SUP003,CoreSteel,MAT101,Steel Rod,MV Horizon,2025-03-06,2025-03-25,2025-04-01,90
SHP3006,PO2831,SUP003,CoreSteel,MAT100,Steel Coil,MV OceanStar,2023-06-18,2023-07-07,2023-07-06,92
SHP3007,PO2069,SUP004,DeltaIron,MAT100,Steel Coil,MV Titan,2024-04-03,2024-04-23,2024-04-26,78
SHP3008,PO1525,SUP003,CoreSteel,MAT104,Steel Sheet,MV Titan,2027-08-21,2027-08-31,2027-09-08,52
SHP3009,PO2820,SUP001,AlphaSteel,MAT102,Steel Plate,MV OceanStar,2023-04-17,2023-04-27,2023-05-03,76
SHP3010,PO2542,SUP005,PrimeSteel,MAT101,Steel Rod,MV Horizon,2024-12-13,2024-12-30,2024-12-30,52
SHP3011,PO1215,SUP004,DeltaIron,MAT104,Steel Sheet,MV OceanStar,2025-03-18,2025-04-06,2025-04-16,61
SHP3012,PO1493,SUP003,CoreSteel,MAT101,Steel Rod,MV Horizon,2024-10-07,2024-10-20,2024-11-07,74
SHP3013,PO1658,SUP005,PrimeSteel,MAT102,Steel Plate,MV Horizon,2024-11-19,2024-11-29,2024-12-10,66
SHP3014,PO1026,SUP005,PrimeSteel,MAT103,Steel Bar,MV Titan,2026-10-29,2026-11-22,2026-11-24,86
SHP3015,PO1435,SUP005,PrimeSteel,MAT103,Steel Bar,MV OceanStar,2027-10-27,2027-11-09,2027-11-12,60
SHP3016,PO2974,SUP002,BetaMetals,MAT101,Steel Rod,MV OceanStar,2027-04-28,2027-05-20,2027-05-29,59
SHP3017,PO1138,SUP005,PrimeSteel,MAT101,Steel Rod,MV Titan,2026-04-23,2026-05-03,2026-05-23,65
SHP3018,PO2929,SUP004,DeltaIron,MAT104,Steel Sheet,MV OceanStar,2027-10-08,2027-10-26,2027-11-10,52
SHP3019,PO2581,SUP001,AlphaSteel,MAT102,Steel Plate,MV OceanStar,2023-03-29,2023-04-14,2023-04-28,64
SHP3020,PO1567,SUP003,CoreSteel,MAT104,Steel Sheet,MV Titan,2026-11-02,2026-11-24,2026-12-02,90
SHP3021,PO2746,SUP002,BetaMetals,MAT102,Steel Plate,MV OceanStar,2028-03-28,2028-04-17,2028-04-20,71
SHP3022,PO2013,SUP005,PrimeSteel,MAT104,Steel Sheet,MV Titan,2026-01-01,2026-01-11,2026-01-13,93
SHP3023,PO1705,SUP002,BetaMetals,MAT102,Steel Plate,MV OceanStar,2026-03-09,2026-04-02,2026-03-24,88
SHP3024,PO1595,SUP002,BetaMetals,MAT102,Steel Plate,MV OceanStar,2023-08-30,2023-09-14,2023-09-17,78
SHP3025,PO1549,SUP001,AlphaSteel,MAT101,Steel Rod,MV Horizon,2025-07-16,2025-08-09,2025-08-06,75
SHP3026,PO2213,SUP002,BetaMetals,MAT103,Steel Bar,MV Titan,2025-12-04,2025-12-14,2025-12-18,65
SHP3027,PO2362,SUP003,CoreSteel,MAT101,Steel Rod,MV Horizon,2028-01-23,2028-02-11,2028-02-20,46
SHP3028,PO2882,SUP002,BetaMetals,MAT104,Steel Sheet,MV Horizon,2024-09-21,2024-10-03,2024-10-18,85
SHP3029,PO2766,SUP004,DeltaIron,MAT103,Steel Bar,MV Titan,2025-09-22,2025-10-15,2025-10-07,77
SHP3030,PO2433,SUP005,PrimeSteel,MAT102,Steel Plate,MV OceanStar,2027-09-04,2027-09-24,2027-09-23,49
SHP3031,PO1794,SUP004,DeltaIron,MAT101,Steel Rod,MV Titan,2025-12-01,2025-12-15,2025-12-15,61
SHP3032,PO2033,SUP005,PrimeSteel,MAT102,Steel Plate,MV Horizon,2024-05-30,2024-06-19,2024-07-01,62
SHP3033,PO2209,SUP001,AlphaSteel,MAT104,Steel Sheet,MV OceanStar,2024-10-08,2024-10-30,2024-10-29,56
SHP3034,PO1991,SUP005,PrimeSteel,MAT103,Steel Bar,MV Horizon,2026-07-29,2026-08-19,2026-08-29,91
SHP3035,PO1215,SUP001,AlphaSteel,MAT103,Steel Bar,MV Horizon,2025-04-06,2025-04-24,2025-04-20,60
SHP3036,PO2086,SUP004,DeltaIron,MAT100,Steel Coil,MV Titan,2023-11-12,2023-11-27,2023-12-16,72
SHP3037,PO2958,SUP004,DeltaIron,MAT104,Steel Sheet,MV OceanStar,2023-09-20,2023-10-08,2023-10-14,56
SHP3038,PO2669,SUP003,CoreSteel,MAT101,Steel Rod,MV Titan,2026-03-26,2026-04-15,2026-04-25,90
SHP3039,PO2375,SUP004,DeltaIron,MAT102,Steel Plate,MV OceanStar,2025-12-20,2025-12-31,2026-01-05,44
SHP3040,PO1688,SUP005,PrimeSteel,MAT101,Steel Rod,MV OceanStar,2025-06-17,2025-06-30,2025-07-12,66
SHP3041,PO2831,SUP005,PrimeSteel,MAT100,Steel Coil,MV Horizon,2026-09-17,2026-10-01,2026-10-16,56
SHP3042,PO1308,SUP001,AlphaSteel,MAT102,Steel Plate,MV OceanStar,2024-10-24,2024-11-17,2024-11-12,94
SHP3043,PO1579,SUP001,AlphaSteel,MAT100,Steel Coil,MV Horizon,2023-05-21,2023-06-05,2023-06-11,93
SHP3044,PO2312,SUP004,DeltaIron,MAT101,Steel Rod,MV Horizon,2024-12-05,2024-12-21,2025-01-04,55
SHP3045,PO1477,SUP002,BetaMetals,MAT103,Steel Bar,MV OceanStar,2023-02-28,2023-03-22,2023-03-28,55
SHP3046,PO1728,SUP005,PrimeSteel,MAT102,Steel Plate,MV Horizon,2023-09-23,2023-10-10,2023-10-11,65
SHP3047,PO1067,SUP002,BetaMetals,MAT104,Steel Sheet,MV Horizon,2026-06-10,2026-06-25,2026-07-06,65
SHP3048,PO1416,SUP001,AlphaSteel,MAT103,Steel Bar,MV Titan,2027-01-27,2027-02-08,2027-02-17,50
SHP3049,PO2163,SUP005,PrimeSteel,MAT102,Steel Plate,MV Titan,2023-08-28,2023-09-12,2023-09-26,59
SHP3050,PO2812,SUP004,DeltaIron,MAT103,Steel Bar,MV Horizon,2026-09-15,2026-09-27,2026-10-15,50
SHP3051,PO2359,SUP002,BetaMetals,MAT102,Steel Plate,MV Horizon,2023-12-31,2024-01-24,2024-01-17,93
SHP3052,PO1710,SUP002,BetaMetals,MAT103,Steel Bar,MV Horizon,2026-12-22,2027-01-10,2027-01-20,44
SHP3053,PO2775,SUP005,PrimeSteel,MAT102,Steel Plate,MV Horizon,2027-06-27,2027-07-21,2027-07-24,51
SHP3054,PO1292,SUP003,CoreSteel,MAT103,Steel Bar,MV Titan,2023-06-22,2023-07-05,2023-07-05,71
SHP3055,PO1719,SUP001,AlphaSteel,MAT101,Steel Rod,MV OceanStar,2028-03-06,2028-03-26,2028-04-05,47
SHP3056,PO1936,SUP001,AlphaSteel,MAT102,Steel Plate,MV Titan,2027-07-21,2027-08-08,2027-08-18,68
SHP3057,PO2982,SUP002,BetaMetals,MAT100,Steel Coil,MV Titan,2028-06-17,2028-07-05,2028-07-13,83
SHP3058,PO2097,SUP001,AlphaSteel,MAT102,Steel Plate,MV Titan,2026-10-28,2026-11-19,2026-11-11,93
SHP3059,PO2831,SUP001,AlphaSteel,MAT101,Steel Rod,MV Horizon,2025-08-22,2025-09-08,2025-09-18,40
SHP3060,PO1080,SUP005,PrimeSteel,MAT100,Steel Coil,MV Titan,2028-01-10,2028-01-25,2028-02-13,52
SHP3061,PO1478,SUP003,CoreSteel,MAT102,Steel Plate,MV Horizon,2023-03-20,2023-04-06,2023-04-23,71
SHP3062,PO1310,SUP003,CoreSteel,MAT100,Steel Coil,MV OceanStar,2027-12-10,2027-12-26,2028-01-04,53
SHP3063,PO1524,SUP005,PrimeSteel,MAT103,Steel Bar,MV Titan,2026-03-12,2026-04-02,2026-04-03,81
SHP3064,PO1396,SUP001,AlphaSteel,MAT103,Steel Bar,MV Titan,2025-04-12,2025-04-28,2025-04-25,48
SHP3065,PO1245,SUP001,AlphaSteel,MAT101,Steel Rod,MV OceanStar,2028-06-18,2028-07-10,2028-07-05,79
SHP3066,PO2614,SUP005,PrimeSteel,MAT103,Steel Bar,MV Horizon,2024-02-08,2024-02-27,2024-03-08,90
SHP3067,PO2275,SUP002,BetaMetals,MAT100,Steel Coil,MV Horizon,2026-04-12,2026-04-26,2026-05-03,41
SHP3068,PO1619,SUP004,DeltaIron,MAT102,Steel Plate,MV OceanStar,2027-08-23,2027-09-08,2027-09-24,90
SHP3069,PO2746,SUP004,DeltaIron,MAT103,Steel Bar,MV Horizon,2028-02-06,2028-02-25,2028-03-03,83
SHP3070,PO2732,SUP005,PrimeSteel,MAT102,Steel Plate,MV OceanStar,2023-10-10,2023-10-20,2023-10-30,60
SHP3071,PO2003,SUP001,AlphaSteel,MAT104,Steel Sheet,MV OceanStar,2028-02-15,2028-03-01,2028-03-04,70
SHP3072,PO1243,SUP003,CoreSteel,MAT104,Steel Sheet,MV Titan,2027-10-05,2027-10-20,2027-11-03,63
SHP3073,PO1433,SUP001,AlphaSteel,MAT101,Steel Rod,MV Titan,2026-06-12,2026-07-02,2026-07-12,64
SHP3074,PO2747,SUP003,CoreSteel,MAT102,Steel Plate,MV OceanStar,2023-10-22,2023-11-07,2023-11-12,88
SHP3075,PO2837,SUP005,PrimeSteel,MAT104,Steel Sheet,MV OceanStar,2025-12-21,2026-01-02,2026-01-24,87
SHP3076,PO1573,SUP001,AlphaSteel,MAT104,Steel Sheet,MV Horizon,2024-03-06,2024-03-25,2024-03-20,46
SHP3077,PO2609,SUP004,DeltaIron,MAT100,Steel Coil,MV Titan,2024-06-07,2024-06-22,2024-07-10,80
SHP3078,PO1212,SUP004,DeltaIron,MAT102,Steel Plate,MV OceanStar,2023-07-03,2023-07-18,2023-07-23,80
SHP3079,PO2064,SUP003,CoreSteel,MAT101,Steel Rod,MV Horizon,2025-04-22,2025-05-04,2025-05-17,78
SHP3080,PO1278,SUP003,CoreSteel,MAT104,Steel Sheet,MV Titan,2024-02-02,2024-02-24,2024-02-17,60
SHP3081,PO2747,SUP005,PrimeSteel,MAT100,Steel Coil,MV Horizon,2026-01-29,2026-02-21,2026-02-10,60
SHP3082,PO2236,SUP001,AlphaSteel,MAT100,Steel Coil,MV Horizon,2023-04-18,2023-05-04,2023-05-07,41
SHP3083,PO1106,SUP002,BetaMetals,MAT104,Steel Sheet,MV Horizon,2024-04-02,2024-04-17,2024-04-25,43
SHP3084,PO2468,SUP003,CoreSteel,MAT100,Steel Coil,MV Titan,2028-02-22,2028-03-13,2028-03-22,80
SHP3085,PO2024,SUP005,PrimeSteel,MAT102,Steel Plate,MV Titan,2028-01-20,2028-02-06,2028-02-18,78
SHP3086,PO1858,SUP004,DeltaIron,MAT100,Steel Coil,MV Horizon,2025-04-05,2025-04-20,2025-05-04,41
SHP3087,PO2433,SUP005,PrimeSteel,MAT103,Steel Bar,MV Titan,2024-09-03,2024-09-25,2024-10-06,87
SHP3088,PO2930,SUP005,PrimeSteel,MAT101,Steel Rod,MV OceanStar,2028-02-08,2028-02-21,2028-03-05,68
SHP3089,PO2116,SUP005,PrimeSteel,MAT103,Steel Bar,MV OceanStar,2026-02-10,2026-03-05,2026-03-09,40
SHP3090,PO2210,SUP003,CoreSteel,MAT104,Steel Sheet,MV Horizon,2026-05-31,2026-06-14,2026-07-01,92
SHP3091,PO2228,SUP002,BetaMetals,MAT101,Steel Rod,MV Horizon,2026-10-14,2026-10-27,2026-11-04,64
SHP3092,PO1126,SUP004,DeltaIron,MAT101,Steel Rod,MV OceanStar,2023-02-06,2023-02-22,2023-02-27,49
SHP3093,PO2791,SUP001,AlphaSteel,MAT100,Steel Coil,MV OceanStar,2025-03-28,2025-04-13,2025-04-19,68
SHP3094,PO2848,SUP001,AlphaSteel,MAT101,Steel Rod,MV Horizon,2027-03-02,2027-03-21,2027-03-29,40
SHP3095,PO2023,SUP001,AlphaSteel,MAT100,Steel Coil,MV Horizon,2027-04-25,2027-05-16,2027-05-21,62
SHP3096,PO1533,SUP004,DeltaIron,MAT101,Steel Rod,MV Titan,2023-04-29,2023-05-14,2023-06-01,80
SHP3097,PO1060,SUP003,CoreSteel,MAT104,Steel Sheet,MV Horizon,2024-06-24,2024-07-18,2024-07-13,53
SHP3098,PO2076,SUP004,DeltaIron,MAT103,Steel Bar,MV Horizon,2025-12-10,2025-12-28,2026-01-05,67
SHP3099,PO2146,SUP004,DeltaIron,MAT102,Steel Plate,MV OceanStar,2024-03-02,2024-03-12,2024-03-27,50
SHP3100,PO1025,SUP004,DeltaIron,MAT102,Steel Plate,MV Horizon,2025-02-01,2025-02-19,2025-03-03,56
SHP3101,PO1584,SUP005,PrimeSteel,MAT100,Steel Coil,MV OceanStar,2026-06-06,2026-06-23,2026-06-29,85
SHP3102,PO1595,SUP003,CoreSteel,MAT104,Steel Sheet,MV Titan,2027-04-11,2027-04-27,2027-04-26,69
SHP3103,PO2742,SUP002,BetaMetals,MAT104,Steel Sheet,MV Horizon,2023-11-07,2023-11-21,2023-11-19,63
SHP3104,PO2877,SUP005,PrimeSteel,MAT104,Steel Sheet,MV Titan,2023-07-16,2023-08-08,2023-07-31,92
SHP3105,PO1595,SUP004,DeltaIron,MAT103,Steel Bar,MV Horizon,2025-08-09,2025-08-20,2025-09-06,54
SHP3106,PO1852,SUP005,PrimeSteel,MAT102,Steel Plate,MV Titan,2024-05-14,2024-06-05,2024-06-11,83
SHP3107,PO2524,SUP004,DeltaIron,MAT102,Steel Plate,MV OceanStar,2025-10-21,2025-11-02,2025-11-19,57
SHP3108,PO2684,SUP003,CoreSteel,MAT100,Steel Coil,MV Titan,2025-03-04,2025-03-17,2025-03-19,81
SHP3109,PO2262,SUP004,DeltaIron,MAT102,Steel Plate,MV OceanStar,2026-03-31,2026-04-23,2026-05-03,94
SHP3110,PO1900,SUP004,DeltaIron,MAT102,Steel Plate,MV Horizon,2024-01-09,2024-01-21,2024-02-04,40
SHP3111,PO2800,SUP004,DeltaIron,MAT103,Steel Bar,MV OceanStar,2025-11-17,2025-12-03,2025-12-01,71
SHP3112,PO2368,SUP002,BetaMetals,MAT102,Steel Plate,MV OceanStar,2028-01-06,2028-01-25,2028-01-20,48
SHP3113,PO2925,SUP005,PrimeSteel,MAT104,Steel Sheet,MV OceanStar,2028-02-13,2028-03-07,2028-03-05,72
SHP3114,PO2540,SUP003,CoreSteel,MAT100,Steel Coil,MV OceanStar,2026-01-02,2026-01-19,2026-01-14,43
SHP3115,PO1262,SUP002,BetaMetals,MAT100,Steel Coil,MV OceanStar,2023-04-25,2023-05-10,2023-05-23,60
SHP3116,PO1977,SUP005,PrimeSteel,MAT102,Steel Plate,MV Titan,2023-04-22,2023-05-06,2023-05-21,42
SHP3117,PO1428,SUP003,CoreSteel,MAT104,Steel Sheet,MV OceanStar,2026-01-03,2026-01-23,2026-02-02,82
SHP3118,PO1885,SUP005,PrimeSteel,MAT100,Steel Coil,MV Titan,2024-04-23,2024-05-11,2024-05-22,88
SHP3119,PO1233,SUP005,PrimeSteel,MAT100,Steel Coil,MV OceanStar,2025-09-16,2025-09-28,2025-10-02,62
SHP3120,PO1476,SUP003,CoreSteel,MAT104,Steel Sheet,MV Titan,2026-09-21,2026-10-14,2026-10-11,89
SHP3121,PO1339,SUP005,PrimeSteel,MAT104,Steel Sheet,MV Horizon,2027-05-22,2027-06-09,2027-06-06,83
SHP3122,PO1998,SUP005,PrimeSteel,MAT102,Steel Plate,MV Titan,2025-08-12,2025-08-26,2025-09-14,89
SHP3123,PO2095,SUP005,PrimeSteel,MAT102,Steel Plate,MV OceanStar,2026-11-30,2026-12-16,2026-12-21,92
SHP3124,PO1980,SUP001,AlphaSteel,MAT101,Steel Rod,MV Titan,2023-05-05,2023-05-24,2023-05-26,94
SHP3125,PO1211,SUP001,AlphaSteel,MAT103,Steel Bar,MV Horizon,2024-06-30,2024-07-22,2024-07-29,60
SHP3126,PO2414,SUP001,AlphaSteel,MAT103,Steel Bar,MV Horizon,2026-12-25,2027-01-08,2027-01-10,74
SHP3127,PO1282,SUP003,CoreSteel,MAT101,Steel Rod,MV Titan,2027-11-08,2027-11-21,2027-11-29,53
SHP3128,PO1782,SUP004,DeltaIron,MAT101,Steel Rod,MV OceanStar,2023-05-19,2023-06-11,2023-06-06,48
SHP3129,PO1178,SUP002,BetaMetals,MAT104,Steel Sheet,MV OceanStar,2027-04-19,2027-05-13,2027-05-04,83
SHP3130,PO1334,SUP001,AlphaSteel,MAT103,Steel Bar,MV Titan,2028-06-14,2028-06-26,2028-07-10,61
SHP3131,PO2050,SUP001,AlphaSteel,MAT101,Steel Rod,MV OceanStar,2028-04-10,2028-05-04,2028-04-23,74
SHP3132,PO2423,SUP004,DeltaIron,MAT104,Steel Sheet,MV Horizon,2027-04-14,2027-05-01,2027-05-14,82
SHP3133,PO1870,SUP003,CoreSteel,MAT104,Steel Sheet,MV Horizon,2027-06-21,2027-07-05,2027-07-20,82
SHP3134,PO2987,SUP003,CoreSteel,MAT102,Steel Plate,MV Horizon,2025-02-15,2025-03-06,2025-03-20,91
SHP3135,PO2504,SUP002,BetaMetals,MAT101,Steel Rod,MV Titan,2027-08-10,2027-08-28,2027-08-25,48
SHP3136,PO2885,SUP003,CoreSteel,MAT100,Steel Coil,MV Horizon,2024-04-08,2024-04-27,2024-05-05,42
SHP3137,PO1300,SUP005,PrimeSteel,MAT101,Steel Rod,MV OceanStar,2026-05-02,2026-05-21,2026-05-16,67
SHP3138,PO1644,SUP001,AlphaSteel,MAT100,Steel Coil,MV Horizon,2026-05-20,2026-06-01,2026-06-06,76
SHP3139,PO2378,SUP003,CoreSteel,MAT101,Steel Rod,MV OceanStar,2028-05-26,2028-06-17,2028-06-16,82
SHP3140,PO2354,SUP005,PrimeSteel,MAT102,Steel Plate,MV Horizon,2026-06-26,2026-07-14,2026-07-27,62
SHP3141,PO2624,SUP005,PrimeSteel,MAT102,Steel Plate,MV Titan,2024-10-26,2024-11-16,2024-11-17,91
SHP3142,PO2767,SUP002,BetaMetals,MAT104,Steel Sheet,MV Horizon,2023-06-21,2023-07-13,2023-07-15,70
SHP3143,PO1991,SUP001,AlphaSteel,MAT100,Steel Coil,MV OceanStar,2025-05-17,2025-06-05,2025-06-11,69
SHP3144,PO2115,SUP001,AlphaSteel,MAT103,Steel Bar,MV Titan,2025-04-26,2025-05-16,2025-05-11,47
SHP3145,PO2424,SUP005,PrimeSteel,MAT101,Steel Rod,MV Titan,2024-05-02,2024-05-24,2024-05-26,63
SHP3146,PO1981,SUP005,PrimeSteel,MAT104,Steel Sheet,MV Titan,2025-05-14,2025-06-04,2025-06-07,47
SHP3147,PO1655,SUP002,BetaMetals,MAT101,Steel Rod,MV Horizon,2023-10-28,2023-11-15,2023-11-22,89
SHP3148,PO1994,SUP002,BetaMetals,MAT104,Steel Sheet,MV OceanStar,2024-09-10,2024-10-02,2024-10-13,86
SHP3149,PO2480,SUP001,AlphaSteel,MAT101,Steel Rod,MV Titan,2024-11-18,2024-12-04,2024-12-10,40
SHP3150,PO2910,SUP005,PrimeSteel,MAT103,Steel Bar,MV OceanStar,2026-03-10,2026-03-30,2026-03-26,66
SHP3151,PO2816,SUP005,PrimeSteel,MAT104,Steel Sheet,MV Horizon,2024-11-07,2024-11-27,2024-11-23,70
SHP3152,PO1738,SUP004,DeltaIron,MAT100,Steel Coil,MV Horizon,2027-03-11,2027-03-29,2027-03-26,68
SHP3153,PO2341,SUP004,DeltaIron,MAT100,Steel Coil,MV Titan,2023-08-26,2023-09-13,2023-09-24,90
SHP3154,PO1060,SUP001,AlphaSteel,MAT103,Steel Bar,MV Horizon,2023-06-09,2023-06-19,2023-07-05,94
SHP3155,PO2936,SUP003,CoreSteel,MAT101,Steel Rod,MV Titan,2027-06-15,2027-06-28,2027-07-02,92
SHP3156,PO2091,SUP004,DeltaIron,MAT102,Steel Plate,MV Titan,2025-09-08,2025-09-21,2025-09-25,90
SHP3157,PO1443,SUP001,AlphaSteel,MAT102,Steel Plate,MV Titan,2027-10-09,2027-11-02,2027-11-10,49
SHP3158,PO2114,SUP003,CoreSteel,MAT101,Steel Rod,MV Horizon,2024-06-26,2024-07-10,2024-07-21,84
SHP3159,PO1820,SUP004,DeltaIron,MAT100,Steel Coil,MV OceanStar,2026-11-25,2026-12-08,2026-12-27,62
SHP3160,PO1084,SUP001,AlphaSteel,MAT101,Steel Rod,MV OceanStar,2028-06-15,2028-07-01,2028-07-08,73
SHP3161,PO2437,SUP002,BetaMetals,MAT100,Steel Coil,MV Horizon,2025-03-19,2025-04-07,2025-04-04,84
SHP3162,PO2937,SUP003,CoreSteel,MAT101,Steel Rod,MV Horizon,2027-04-30,2027-05-22,2027-05-27,44
SHP3163,PO1189,SUP005,PrimeSteel,MAT100,Steel Coil,MV Horizon,2025-11-24,2025-12-08,2025-12-26,78
SHP3164,PO2275,SUP005,PrimeSteel,MAT100,Steel Coil,MV OceanStar,2027-08-11,2027-08-31,2027-09-13,56
SHP3165,PO1974,SUP004,DeltaIron,MAT102,Steel Plate,MV Horizon,2023-11-01,2023-11-16,2023-11-13,56
SHP3166,PO1469,SUP002,BetaMetals,MAT103,Steel Bar,MV Titan,2024-12-12,2024-12-27,2025-01-11,94
SHP3167,PO2106,SUP002,BetaMetals,MAT102,Steel Plate,MV OceanStar,2023-01-16,2023-01-28,2023-02-18,94
SHP3168,PO1213,SUP004,DeltaIron,MAT101,Steel Rod,MV Titan,2027-03-06,2027-03-19,2027-03-29,41
SHP3169,PO2438,SUP002,BetaMetals,MAT100,Steel Coil,MV OceanStar,2028-01-16,2028-02-04,2028-02-01,71
SHP3170,PO1062,SUP004,DeltaIron,MAT104,Steel Sheet,MV OceanStar,2025-08-31,2025-09-14,2025-09-20,67
SHP3171,PO2174,SUP001,AlphaSteel,MAT102,Steel Plate,MV OceanStar,2027-07-14,2027-08-07,2027-07-28,50
SHP3172,PO2415,SUP002,BetaMetals,MAT100,Steel Coil,MV OceanStar,2024-04-24,2024-05-11,2024-05-17,77
SHP3173,PO1954,SUP004,DeltaIron,MAT101,Steel Rod,MV Horizon,2023-01-26,2023-02-11,2023-02-07,84
SHP3174,PO1551,SUP001,AlphaSteel,MAT104,Steel Sheet,MV Titan,2025-11-11,2025-12-05,2025-11-23,69
SHP3175,PO1621,SUP004,DeltaIron,MAT102,Steel Plate,MV OceanStar,2025-06-14,2025-07-08,2025-06-28,76
SHP3176,PO2708,SUP003,CoreSteel,MAT102,Steel Plate,MV OceanStar,2027-11-09,2027-12-02,2027-11-29,69
SHP3177,PO1263,SUP001,AlphaSteel,MAT103,Steel Bar,MV Titan,2023-11-06,2023-11-27,2023-12-06,93
SHP3178,PO2745,SUP001,AlphaSteel,MAT103,Steel Bar,MV Horizon,2025-04-30,2025-05-22,2025-06-03,54
SHP3179,PO1970,SUP001,AlphaSteel,MAT102,Steel Plate,MV OceanStar,2024-04-04,2024-04-21,2024-05-02,46
SHP3180,PO1738,SUP005,PrimeSteel,MAT102,Steel Plate,MV Horizon,2023-02-17,2023-03-03,2023-03-17,62
SHP3181,PO2840,SUP003,CoreSteel,MAT100,Steel Coil,MV Titan,2025-08-29,2025-09-17,2025-09-22,79
SHP3182,PO1879,SUP001,AlphaSteel,MAT102,Steel Plate,MV OceanStar,2025-06-19,2025-07-05,2025-07-22,93
SHP3183,PO2203,SUP004,DeltaIron,MAT101,Steel Rod,MV Horizon,2024-04-15,2024-05-03,2024-05-01,64
SHP3184,PO2815,SUP005,PrimeSteel,MAT102,Steel Plate,MV Titan,2024-08-16,2024-09-05,2024-09-06,65
SHP3185,PO1492,SUP001,AlphaSteel,MAT100,Steel Coil,MV Titan,2023-06-03,2023-06-20,2023-06-20,87
SHP3186,PO2122,SUP002,BetaMetals,MAT102,Steel Plate,MV Horizon,2026-08-20,2026-09-13,2026-09-14,69
SHP3187,PO2725,SUP002,BetaMetals,MAT104,Steel Sheet,MV OceanStar,2027-03-19,2027-03-29,2027-04-13,79
SHP3188,PO2639,SUP002,BetaMetals,MAT102,Steel Plate,MV Titan,2027-02-14,2027-03-03,2027-02-28,91
SHP3189,PO1044,SUP002,BetaMetals,MAT100,Steel Coil,MV OceanStar,2025-08-08,2025-08-21,2025-09-06,91
SHP3190,PO2719,SUP001,AlphaSteel,MAT102,Steel Plate,MV Titan,2024-05-11,2024-05-28,2024-05-23,41
SHP3191,PO2912,SUP005,PrimeSteel,MAT100,Steel Coil,MV Horizon,2026-04-08,2026-04-22,2026-04-30,56
SHP3192,PO2487,SUP001,AlphaSteel,MAT100,Steel Coil,MV Horizon,2023-05-03,2023-05-21,2023-06-03,74
SHP3193,PO1784,SUP003,CoreSteel,MAT100,Steel Coil,MV OceanStar,2023-02-19,2023-03-12,2023-03-17,70
SHP3194,PO1603,SUP002,BetaMetals,MAT100,Steel Coil,MV OceanStar,2027-06-11,2027-06-30,2027-06-28,87
SHP3195,PO2185,SUP001,AlphaSteel,MAT101,Steel Rod,MV Titan,2026-09-19,2026-10-13,2026-10-18,89
SHP3196,PO2651,SUP002,BetaMetals,MAT103,Steel Bar,MV Titan,2024-02-04,2024-02-26,2024-02-20,41
SHP3197,PO1115,SUP001,AlphaSteel,MAT104,Steel Sheet,MV Titan,2023-05-12,2023-05-23,2023-05-27,57
SHP3198,PO2588,SUP005,PrimeSteel,MAT102,Steel Plate,MV OceanStar,2027-03-17,2027-04-05,2027-04-07,50
SHP3199,PO1846,SUP001,AlphaSteel,MAT102,Steel Plate,MV Titan,2024-05-31,2024-06-23,2024-06-13,60
SHP3200,PO1473,SUP001,AlphaSteel,MAT103,Steel Bar,MV Horizon,2024-04-22,2024-05-08,2024-05-24,75
SHP3201,PO2920,SUP005,PrimeSteel,MAT104,Steel Sheet,MV OceanStar,2027-08-03,2027-08-21,2027-09-04,66
SHP3202,PO1878,SUP005,PrimeSteel,MAT104,Steel Sheet,MV Horizon,2023-01-28,2023-02-20,2023-03-01,75
SHP3203,PO1668,SUP002,BetaMetals,MAT103,Steel Bar,MV Titan,2026-03-24,2026-04-07,2026-04-18,74
SHP3204,PO2361,SUP004,DeltaIron,MAT101,Steel Rod,MV OceanStar,2023-06-23,2023-07-09,2023-07-13,52
SHP3205,PO1555,SUP002,BetaMetals,MAT100,Steel Coil,MV Titan,2025-03-17,2025-04-06,2025-04-17,56
SHP3206,PO2292,SUP003,CoreSteel,MAT100,Steel Coil,MV Titan,2027-12-20,2028-01-05,2028-01-05,71
SHP3207,PO1116,SUP002,BetaMetals,MAT103,Steel Bar,MV OceanStar,2023-07-26,2023-08-08,2023-08-17,82
SHP3208,PO2340,SUP004,DeltaIron,MAT102,Steel Plate,MV Horizon,2027-05-28,2027-06-12,2027-06-26,87
SHP3209,PO1405,SUP004,DeltaIron,MAT101,Steel Rod,MV OceanStar,2025-04-18,2025-04-30,2025-05-06,60
SHP3210,PO2021,SUP002,BetaMetals,MAT103,Steel Bar,MV Titan,2028-01-01,2028-01-12,2028-01-25,77
SHP3211,PO2108,SUP003,CoreSteel,MAT100,Steel Coil,MV Titan,2027-05-14,2027-05-31,2027-06-14,53
SHP3212,PO1658,SUP004,DeltaIron,MAT102,Steel Plate,MV OceanStar,2023-04-16,2023-05-10,2023-05-10,47
SHP3213,PO2646,SUP001,AlphaSteel,MAT104,Steel Sheet,MV OceanStar,2027-02-02,2027-02-20,2027-02-14,72
SHP3214,PO1670,SUP003,CoreSteel,MAT103,Steel Bar,MV Horizon,2027-03-12,2027-03-31,2027-03-28,81
SHP3215,PO2140,SUP005,PrimeSteel,MAT103,Steel Bar,MV Titan,2026-09-28,2026-10-08,2026-10-21,65
SHP3216,PO1961,SUP005,PrimeSteel,MAT103,Steel Bar,MV OceanStar,2025-04-07,2025-04-23,2025-04-23,78
SHP3217,PO2653,SUP002,BetaMetals,MAT103,Steel Bar,MV Titan,2026-08-12,2026-09-04,2026-08-26,61
SHP3218,PO1554,SUP003,CoreSteel,MAT104,Steel Sheet,MV OceanStar,2025-07-10,2025-07-21,2025-07-24,89
SHP3219,PO1971,SUP003,CoreSteel,MAT100,Steel Coil,MV OceanStar,2025-03-24,2025-04-15,2025-04-12,59
SHP3220,PO2901,SUP003,CoreSteel,MAT102,Steel Plate,MV OceanStar,2026-04-15,2026-05-06,2026-05-07,78
SHP3221,PO2642,SUP005,PrimeSteel,MAT103,Steel Bar,MV OceanStar,2024-11-28,2024-12-11,2024-12-16,67
SHP3222,PO2403,SUP002,BetaMetals,MAT104,Steel Sheet,MV Horizon,2024-12-08,2024-12-28,2025-01-07,80
SHP3223,PO1911,SUP003,CoreSteel,MAT101,Steel Rod,MV OceanStar,2026-11-01,2026-11-13,2026-11-18,48
SHP3224,PO1564,SUP005,PrimeSteel,MAT101,Steel Rod,MV OceanStar,2023-10-11,2023-11-02,2023-11-11,54
SHP3225,PO1415,SUP005,PrimeSteel,MAT104,Steel Sheet,MV OceanStar,2027-09-30,2027-10-10,2027-10-16,47
SHP3226,PO2048,SUP001,AlphaSteel,MAT100,Steel Coil,MV Horizon,2026-01-26,2026-02-08,2026-02-08,77
SHP3227,PO1339,SUP005,PrimeSteel,MAT100,Steel Coil,MV Titan,2025-03-09,2025-03-28,2025-03-27,65
SHP3228,PO1153,SUP003,CoreSteel,MAT100,Steel Coil,MV Titan,2027-02-16,2027-03-07,2027-03-03,44
SHP3229,PO1620,SUP005,PrimeSteel,MAT104,Steel Sheet,MV Titan,2023-05-17,2023-06-04,2023-06-15,58
SHP3230,PO1173,SUP001,AlphaSteel,MAT100,Steel Coil,MV Horizon,2026-12-24,2027-01-06,2027-01-10,91
SHP3231,PO2146,SUP005,PrimeSteel,MAT101,Steel Rod,MV Titan,2025-01-02,2025-01-24,2025-01-17,88
SHP3232,PO2832,SUP004,DeltaIron,MAT104,Steel Sheet,MV Titan,2026-07-11,2026-07-21,2026-07-27,74
SHP3233,PO1251,SUP005,PrimeSteel,MAT104,Steel Sheet,MV OceanStar,2026-05-10,2026-05-20,2026-06-11,56
SHP3234,PO2839,SUP004,DeltaIron,MAT103,Steel Bar,MV OceanStar,2028-02-03,2028-02-20,2028-03-07,53
SHP3235,PO2723,SUP001,AlphaSteel,MAT103,Steel Bar,MV Horizon,2024-04-14,2024-04-27,2024-05-05,43
SHP3236,PO1010,SUP001,AlphaSteel,MAT104,Steel Sheet,MV Titan,2026-05-28,2026-06-17,2026-06-23,87
SHP3237,PO2499,SUP002,BetaMetals,MAT102,Steel Plate,MV Horizon,2024-07-02,2024-07-20,2024-07-20,57
SHP3238,PO2256,SUP003,CoreSteel,MAT101,Steel Rod,MV OceanStar,2023-05-10,2023-05-24,2023-06-03,83
SHP3239,PO2358,SUP003,CoreSteel,MAT103,Steel Bar,MV Titan,2024-12-11,2025-01-02,2025-01-06,60
SHP3240,PO2257,SUP003,CoreSteel,MAT101,Steel Rod,MV Titan,2027-11-11,2027-11-23,2027-11-26,82
SHP3241,PO1922,SUP003,CoreSteel,MAT102,Steel Plate,MV Horizon,2023-10-24,2023-11-13,2023-11-22,74
SHP3242,PO2378,SUP004,DeltaIron,MAT101,Steel Rod,MV OceanStar,2024-10-16,2024-10-31,2024-10-30,81
SHP3243,PO2104,SUP004,DeltaIron,MAT101,Steel Rod,MV OceanStar,2027-07-15,2027-07-31,2027-08-14,55
SHP3244,PO1097,SUP005,PrimeSteel,MAT102,Steel Plate,MV OceanStar,2026-11-28,2026-12-18,2026-12-11,67
SHP3245,PO1560,SUP003,CoreSteel,MAT102,Steel Plate,MV Horizon,2027-02-15,2027-02-27,2027-03-14,59
SHP3246,PO2059,SUP005,PrimeSteel,MAT101,Steel Rod,MV Titan,2027-07-29,2027-08-08,2027-08-27,88
SHP3247,PO2358,SUP004,DeltaIron,MAT100,Steel Coil,MV Titan,2026-02-19,2026-03-02,2026-03-07,94
SHP3248,PO2585,SUP001,AlphaSteel,MAT100,Steel Coil,MV Horizon,2027-10-22,2027-11-14,2027-11-11,93
SHP3249,PO1612,SUP002,BetaMetals,MAT102,Steel Plate,MV OceanStar,2023-05-27,2023-06-20,2023-06-23,72
SHP3250,PO1271,SUP002,BetaMetals,MAT100,Steel Coil,MV Horizon,2025-09-25,2025-10-11,2025-10-10,54
SHP3251,PO1778,SUP003,CoreSteel,MAT100,Steel Coil,MV Titan,2024-09-01,2024-09-12,2024-10-04,57
SHP3252,PO1242,SUP004,DeltaIron,MAT100,Steel Coil,MV OceanStar,2028-04-07,2028-04-22,2028-05-06,60
SHP3253,PO2924,SUP003,CoreSteel,MAT104,Steel Sheet,MV Titan,2023-06-25,2023-07-16,2023-07-16,58
SHP3254,PO2872,SUP003,CoreSteel,MAT103,Steel Bar,MV Horizon,2026-11-10,2026-11-22,2026-12-07,61
SHP3255,PO1934,SUP003,CoreSteel,MAT102,Steel Plate,MV Titan,2027-06-07,2027-06-29,2027-06-28,65
SHP3256,PO1921,SUP002,BetaMetals,MAT100,Steel Coil,MV OceanStar,2025-02-26,2025-03-22,2025-04-01,43
SHP3257,PO2395,SUP001,AlphaSteel,MAT103,Steel Bar,MV Horizon,2027-09-05,2027-09-20,2027-10-01,94
SHP3258,PO1542,SUP003,CoreSteel,MAT103,Steel Bar,MV OceanStar,2025-08-30,2025-09-21,2025-10-01,66
SHP3259,PO1764,SUP001,AlphaSteel,MAT100,Steel Coil,MV Titan,2023-05-15,2023-06-02,2023-06-06,82
SHP3260,PO1683,SUP004,DeltaIron,MAT102,Steel Plate,MV Horizon,2027-10-20,2027-11-12,2027-11-06,68
SHP3261,PO2800,SUP005,PrimeSteel,MAT101,Steel Rod,MV Titan,2023-02-08,2023-03-04,2023-02-20,75
SHP3262,PO2886,SUP005,PrimeSteel,MAT101,Steel Rod,MV Titan,2024-12-01,2024-12-23,2025-01-03,71
SHP3263,PO1917,SUP005,PrimeSteel,MAT104,Steel Sheet,MV Titan,2028-05-04,2028-05-25,2028-05-27,60
SHP3264,PO1109,SUP004,DeltaIron,MAT103,Steel Bar,MV Titan,2028-05-18,2028-05-30,2028-06-20,46
SHP3265,PO1522,SUP002,BetaMetals,MAT104,Steel Sheet,MV Titan,2024-02-26,2024-03-15,2024-03-29,48
SHP3266,PO1708,SUP004,DeltaIron,MAT102,Steel Plate,MV Titan,2023-10-15,2023-11-05,2023-11-09,64
SHP3267,PO2865,SUP001,AlphaSteel,MAT101,Steel Rod,MV Horizon,2025-04-01,2025-04-14,2025-04-26,75
SHP3268,PO2479,SUP003,CoreSteel,MAT101,Steel Rod,MV OceanStar,2027-06-26,2027-07-17,2027-07-18,46
SHP3269,PO2747,SUP001,AlphaSteel,MAT104,Steel Sheet,MV OceanStar,2027-09-09,2027-09-25,2027-09-28,90
SHP3270,PO2751,SUP004,DeltaIron,MAT104,Steel Sheet,MV OceanStar,2023-07-31,2023-08-18,2023-08-12,62
SHP3271,PO1306,SUP002,BetaMetals,MAT104,Steel Sheet,MV Titan,2024-09-15,2024-10-04,2024-10-08,91
SHP3272,PO1873,SUP003,CoreSteel,MAT100,Steel Coil,MV Titan,2028-04-24,2028-05-05,2028-05-08,40
SHP3273,PO2084,SUP005,PrimeSteel,MAT101,Steel Rod,MV Horizon,2027-01-25,2027-02-17,2027-02-09,68
SHP3274,PO2475,SUP003,CoreSteel,MAT104,Steel Sheet,MV Horizon,2027-09-07,2027-09-21,2027-10-03,93
SHP3275,PO2285,SUP001,AlphaSteel,MAT100,Steel Coil,MV OceanStar,2025-03-23,2025-04-16,2025-04-24,64
SHP3276,PO1737,SUP005,PrimeSteel,MAT101,Steel Rod,MV Titan,2027-02-03,2027-02-17,2027-03-05,44
SHP3277,PO1110,SUP002,BetaMetals,MAT103,Steel Bar,MV Titan,2024-10-21,2024-11-03,2024-11-02,67
SHP3278,PO2653,SUP001,AlphaSteel,MAT102,Steel Plate,MV Horizon,2028-06-08,2028-07-01,2028-06-28,67
SHP3279,PO2810,SUP001,AlphaSteel,MAT103,Steel Bar,MV OceanStar,2026-12-27,2027-01-07,2027-01-11,81
SHP3280,PO2974,SUP005,PrimeSteel,MAT102,Steel Plate,MV OceanStar,2024-04-26,2024-05-13,2024-05-18,52
SHP3281,PO1495,SUP002,BetaMetals,MAT102,Steel Plate,MV Titan,2026-03-29,2026-04-22,2026-04-29,89
SHP3282,PO1091,SUP005,PrimeSteel,MAT103,Steel Bar,MV OceanStar,2025-03-14,2025-03-27,2025-04-01,68
SHP3283,PO1643,SUP003,CoreSteel,MAT101,Steel Rod,MV OceanStar,2026-05-15,2026-05-29,2026-05-27,82
SHP3284,PO1444,SUP004,DeltaIron,MAT102,Steel Plate,MV OceanStar,2026-04-13,2026-04-28,2026-04-28,44
SHP3285,PO2019,SUP003,CoreSteel,MAT101,Steel Rod,MV Titan,2023-08-11,2023-09-01,2023-08-23,50
SHP3286,PO1740,SUP005,PrimeSteel,MAT101,Steel Rod,MV Titan,2024-07-11,2024-07-25,2024-07-23,84
SHP3287,PO1229,SUP005,PrimeSteel,MAT100,Steel Coil,MV OceanStar,2025-11-01,2025-11-17,2025-12-03,47
SHP3288,PO2401,SUP004,DeltaIron,MAT102,Steel Plate,MV OceanStar,2023-10-06,2023-10-23,2023-11-07,61
SHP3289,PO2460,SUP001,AlphaSteel,MAT104,Steel Sheet,MV Titan,2023-12-27,2024-01-20,2024-01-12,53
SHP3290,PO1957,SUP005,PrimeSteel,MAT101,Steel Rod,MV OceanStar,2028-03-19,2028-04-12,2028-04-09,80
SHP3291,PO1595,SUP004,DeltaIron,MAT100,Steel Coil,MV Horizon,2024-06-18,2024-07-08,2024-07-04,74
SHP3292,PO2085,SUP003,CoreSteel,MAT101,Steel Rod,MV Horizon,2023-07-19,2023-08-12,2023-08-18,64
SHP3293,PO1355,SUP002,BetaMetals,MAT101,Steel Rod,MV Titan,2024-04-16,2024-04-26,2024-05-12,49
SHP3294,PO1891,SUP003,CoreSteel,MAT102,Steel Plate,MV OceanStar,2025-01-30,2025-02-14,2025-02-26,78
SHP3295,PO1640,SUP002,BetaMetals,MAT102,Steel Plate,MV OceanStar,2023-02-22,2023-03-16,2023-03-26,65
SHP3296,PO2155,SUP005,PrimeSteel,MAT104,Steel Sheet,MV OceanStar,2025-02-13,2025-03-02,2025-03-19,81
SHP3297,PO1226,SUP001,AlphaSteel,MAT104,Steel Sheet,MV Titan,2026-07-06,2026-07-21,2026-08-08,51
SHP3298,PO2284,SUP001,AlphaSteel,MAT104,Steel Sheet,MV Titan,2027-01-31,2027-02-13,2027-02-13,66
SHP3299,PO1703,SUP002,BetaMetals,MAT100,Steel Coil,MV Titan,2025-06-07,2025-07-01,2025-07-11,64
SHP3300,PO2643,SUP001,AlphaSteel,MAT104,Steel Sheet,MV Titan,2025-02-02,2025-02-13,2025-02-19,66
SHP3301,PO1423,SUP003,CoreSteel,MAT104,Steel Sheet,MV OceanStar,2027-03-23,2027-04-08,2027-04-12,49
SHP3302,PO1579,SUP003,CoreSteel,MAT101,Steel Rod,MV Titan,2027-12-24,2028-01-17,2028-01-15,65
SHP3303,PO2841,SUP004,DeltaIron,MAT100,Steel Coil,MV OceanStar,2026-05-01,2026-05-20,2026-06-01,53
SHP3304,PO2664,SUP002,BetaMetals,MAT102,Steel Plate,MV Titan,2024-11-23,2024-12-08,2024-12-07,51
SHP3305,PO1301,SUP004,DeltaIron,MAT104,Steel Sheet,MV Titan,2027-04-17,2027-05-05,2027-05-01,62
SHP3306,PO2068,SUP002,BetaMetals,MAT104,Steel Sheet,MV OceanStar,2023-02-09,2023-02-21,2023-02-23,86
SHP3307,PO1909,SUP004,DeltaIron,MAT101,Steel Rod,MV OceanStar,2026-10-30,2026-11-22,2026-11-13,81
SHP3308,PO2024,SUP004,DeltaIron,MAT102,Steel Plate,MV Titan,2023-12-01,2023-12-19,2023-12-21,80
SHP3309,PO1204,SUP004,DeltaIron,MAT100,Steel Coil,MV Titan,2024-08-28,2024-09-11,2024-09-30,41
SHP3310,PO1319,SUP003,CoreSteel,MAT103,Steel Bar,MV OceanStar,2027-01-23,2027-02-16,2027-02-22,61
SHP3311,PO1150,SUP004,DeltaIron,MAT102,Steel Plate,MV OceanStar,2027-09-06,2027-09-22,2027-09-30,92
SHP3312,PO2665,SUP002,BetaMetals,MAT100,Steel Coil,MV Titan,2026-06-09,2026-06-19,2026-06-26,58
SHP3313,PO1251,SUP005,PrimeSteel,MAT103,Steel Bar,MV Horizon,2027-09-16,2027-10-05,2027-10-18,41
SHP3314,PO1016,SUP004,DeltaIron,MAT103,Steel Bar,MV Horizon,2023-10-04,2023-10-22,2023-10-25,49
SHP3315,PO1881,SUP005,PrimeSteel,MAT100,Steel Coil,MV OceanStar,2025-08-13,2025-08-31,2025-09-01,84
SHP3316,PO1490,SUP005,PrimeSteel,MAT104,Steel Sheet,MV OceanStar,2025-06-18,2025-07-04,2025-07-08,77
SHP3317,PO2569,SUP002,BetaMetals,MAT102,Steel Plate,MV OceanStar,2026-06-11,2026-06-25,2026-07-01,71
SHP3318,PO1953,SUP005,PrimeSteel,MAT104,Steel Sheet,MV OceanStar,2026-04-30,2026-05-12,2026-05-17,76
SHP3319,PO1012,SUP005,PrimeSteel,MAT102,Steel Plate,MV Titan,2026-07-28,2026-08-21,2026-08-28,93
SHP3320,PO1373,SUP003,CoreSteel,MAT102,Steel Plate,MV Horizon,2028-03-17,2028-04-07,2028-04-04,93
SHP3321,PO2418,SUP002,BetaMetals,MAT103,Steel Bar,MV Horizon,2028-05-15,2028-06-08,2028-05-29,54
SHP3322,PO2165,SUP005,PrimeSteel,MAT103,Steel Bar,MV Titan,2026-02-11,2026-02-22,2026-03-15,72
SHP3323,PO2552,SUP005,PrimeSteel,MAT102,Steel Plate,MV OceanStar,2028-05-05,2028-05-19,2028-05-29,60
SHP3324,PO1243,SUP004,DeltaIron,MAT103,Steel Bar,MV Titan,2027-12-16,2028-01-02,2027-12-30,73
SHP3325,PO1162,SUP001,AlphaSteel,MAT104,Steel Sheet,MV Titan,2027-06-04,2027-06-15,2027-07-03,48
SHP3326,PO1316,SUP001,AlphaSteel,MAT101,Steel Rod,MV Titan,2026-09-03,2026-09-20,2026-09-21,60
SHP3327,PO2348,SUP003,CoreSteel,MAT102,Steel Plate,MV Horizon,2027-03-22,2027-04-13,2027-04-06,50
SHP3328,PO2642,SUP001,AlphaSteel,MAT100,Steel Coil,MV Titan,2026-10-13,2026-10-27,2026-11-03,67
SHP3329,PO1854,SUP001,AlphaSteel,MAT104,Steel Sheet,MV Horizon,2027-08-22,2027-09-11,2027-09-22,61
SHP3330,PO1307,SUP003,CoreSteel,MAT101,Steel Rod,MV Titan,2027-01-16,2027-02-04,2027-01-29,82
SHP3331,PO2873,SUP004,DeltaIron,MAT100,Steel Coil,MV Horizon,2027-05-10,2027-05-28,2027-05-29,82
SHP3332,PO2587,SUP002,BetaMetals,MAT103,Steel Bar,MV OceanStar,2025-09-23,2025-10-17,2025-10-10,89
SHP3333,PO1328,SUP005,PrimeSteel,MAT101,Steel Rod,MV Horizon,2025-01-08,2025-01-26,2025-02-09,41
SHP3334,PO2021,SUP003,CoreSteel,MAT100,Steel Coil,MV Horizon,2027-11-25,2027-12-18,2027-12-22,62
SHP3335,PO2053,SUP001,AlphaSteel,MAT101,Steel Rod,MV Titan,2026-06-19,2026-07-07,2026-07-18,82
SHP3336,PO2347,SUP003,CoreSteel,MAT101,Steel Rod,MV OceanStar,2027-01-19,2027-02-05,2027-02-04,90
SHP3337,PO1117,SUP003,CoreSteel,MAT102,Steel Plate,MV Titan,2023-03-11,2023-03-25,2023-03-23,41
SHP3338,PO1554,SUP005,PrimeSteel,MAT100,Steel Coil,MV Titan,2027-10-04,2027-10-27,2027-10-21,73
SHP3339,PO2731,SUP004,DeltaIron,MAT100,Steel Coil,MV OceanStar,2028-06-06,2028-06-18,2028-06-22,81
SHP3340,PO1328,SUP003,CoreSteel,MAT102,Steel Plate,MV Titan,2025-09-24,2025-10-08,2025-10-19,51
SHP3341,PO1934,SUP004,DeltaIron,MAT100,Steel Coil,MV Horizon,2027-05-12,2027-05-25,2027-06-07,65
SHP3342,PO2490,SUP004,DeltaIron,MAT100,Steel Coil,MV Horizon,2023-08-22,2023-09-01,2023-09-19,58
SHP3343,PO1339,SUP004,DeltaIron,MAT103,Steel Bar,MV Titan,2025-04-27,2025-05-10,2025-05-30,49
SHP3344,PO1369,SUP001,AlphaSteel,MAT100,Steel Coil,MV Titan,2026-07-12,2026-07-31,2026-08-02,41
SHP3345,PO2354,SUP002,BetaMetals,MAT104,Steel Sheet,MV Horizon,2024-08-03,2024-08-22,2024-09-01,43
SHP3346,PO1780,SUP004,DeltaIron,MAT104,Steel Sheet,MV OceanStar,2025-09-09,2025-09-26,2025-09-26,59
SHP3347,PO2490,SUP001,AlphaSteel,MAT103,Steel Bar,MV Horizon,2023-05-08,2023-05-26,2023-05-22,84
SHP3348,PO2562,SUP002,BetaMetals,MAT100,Steel Coil,MV Titan,2025-07-25,2025-08-06,2025-08-26,62
SHP3349,PO2770,SUP003,CoreSteel,MAT100,Steel Coil,MV Titan,2024-11-30,2024-12-10,2025-01-01,85
SHP3350,PO2565,SUP002,BetaMetals,MAT104,Steel Sheet,MV Horizon,2024-07-23,2024-08-02,2024-08-06,51
SHP3351,PO1342,SUP004,DeltaIron,MAT100,Steel Coil,MV OceanStar,2026-08-21,2026-09-08,2026-09-11,74
SHP3352,PO1236,SUP005,PrimeSteel,MAT103,Steel Bar,MV OceanStar,2024-09-04,2024-09-24,2024-09-24,81
SHP3353,PO2454,SUP005,PrimeSteel,MAT101,Steel Rod,MV OceanStar,2023-11-14,2023-11-26,2023-12-10,42
SHP3354,PO1972,SUP004,DeltaIron,MAT101,Steel Rod,MV OceanStar,2026-11-04,2026-11-14,2026-12-07,69
SHP3355,PO2517,SUP003,CoreSteel,MAT104,Steel Sheet,MV Titan,2025-09-03,2025-09-20,2025-09-15,79
SHP3356,PO2900,SUP004,DeltaIron,MAT101,Steel Rod,MV Titan,2023-07-14,2023-07-25,2023-08-12,56
SHP3357,PO1127,SUP003,CoreSteel,MAT103,Steel Bar,MV OceanStar,2023-11-15,2023-11-25,2023-12-04,90
SHP3358,PO2987,SUP002,BetaMetals,MAT100,Steel Coil,MV OceanStar,2024-05-21,2024-06-13,2024-06-19,56
SHP3359,PO1089,SUP004,DeltaIron,MAT102,Steel Plate,MV Titan,2024-02-07,2024-02-23,2024-03-01,79
SHP3360,PO2012,SUP001,AlphaSteel,MAT102,Steel Plate,MV Titan,2026-07-31,2026-08-14,2026-08-28,53
SHP3361,PO2029,SUP002,BetaMetals,MAT103,Steel Bar,MV Horizon,2024-03-31,2024-04-12,2024-04-18,86
SHP3362,PO2341,SUP003,CoreSteel,MAT103,Steel Bar,MV OceanStar,2027-02-08,2027-03-01,2027-02-26,80
SHP3363,PO2205,SUP005,PrimeSteel,MAT102,Steel Plate,MV Horizon,2026-04-28,2026-05-20,2026-05-12,80
SHP3364,PO1069,SUP002,BetaMetals,MAT100,Steel Coil,MV Horizon,2024-03-12,2024-03-27,2024-04-07,69
SHP3365,PO1824,SUP003,CoreSteel,MAT104,Steel Sheet,MV Titan,2027-11-16,2027-12-09,2027-12-13,52
SHP3366,PO2655,SUP003,CoreSteel,MAT102,Steel Plate,MV Horizon,2027-12-12,2027-12-22,2027-12-31,45
SHP3367,PO1348,SUP004,DeltaIron,MAT103,Steel Bar,MV OceanStar,2024-07-05,2024-07-20,2024-07-19,64
SHP3368,PO1695,SUP004,DeltaIron,MAT101,Steel Rod,MV OceanStar,2025-12-26,2026-01-15,2026-01-16,65
SHP3369,PO2264,SUP001,AlphaSteel,MAT103,Steel Bar,MV OceanStar,2024-06-21,2024-07-03,2024-07-07,89
SHP3370,PO2360,SUP004,DeltaIron,MAT102,Steel Plate,MV Titan,2024-07-07,2024-07-20,2024-07-20,42
SHP3371,PO2159,SUP002,BetaMetals,MAT101,Steel Rod,MV Horizon,2028-06-05,2028-06-29,2028-07-08,58
SHP3372,PO2092,SUP001,AlphaSteel,MAT103,Steel Bar,MV Horizon,2026-05-23,2026-06-11,2026-06-20,69
SHP3373,PO1273,SUP004,DeltaIron,MAT103,Steel Bar,MV Horizon,2026-12-19,2027-01-06,2027-01-01,61
SHP3374,PO2243,SUP003,CoreSteel,MAT100,Steel Coil,MV OceanStar,2027-12-03,2027-12-18,2028-01-05,87
SHP3375,PO2420,SUP003,CoreSteel,MAT101,Steel Rod,MV OceanStar,2025-08-20,2025-09-05,2025-09-17,81
SHP3376,PO2999,SUP002,BetaMetals,MAT103,Steel Bar,MV Titan,2025-07-02,2025-07-25,2025-08-01,55
SHP3377,PO2505,SUP004,DeltaIron,MAT102,Steel Plate,MV Horizon,2027-04-16,2027-05-10,2027-05-10,48
SHP3378,PO2236,SUP003,CoreSteel,MAT102,Steel Plate,MV Titan,2028-03-14,2028-03-27,2028-04-03,58
SHP3379,PO1064,SUP004,DeltaIron,MAT101,Steel Rod,MV OceanStar,2027-12-22,2028-01-13,2028-01-18,41
SHP3380,PO1272,SUP002,BetaMetals,MAT104,Steel Sheet,MV OceanStar,2024-10-13,2024-11-02,2024-11-05,82
SHP3381,PO1753,SUP001,AlphaSteel,MAT104,Steel Sheet,MV OceanStar,2028-05-27,2028-06-17,2028-06-08,77
SHP3382,PO1123,SUP003,CoreSteel,MAT100,Steel Coil,MV Horizon,2024-04-07,2024-04-22,2024-05-01,46
SHP3383,PO2630,SUP005,PrimeSteel,MAT103,Steel Bar,MV OceanStar,2025-03-12,2025-03-28,2025-03-28,56
SHP3384,PO2104,SUP001,AlphaSteel,MAT101,Steel Rod,MV Titan,2025-07-14,2025-08-04,2025-08-13,68
SHP3385,PO2158,SUP002,BetaMetals,MAT104,Steel Sheet,MV Titan,2027-08-16,2027-09-06,2027-09-12,40
SHP3386,PO1763,SUP003,CoreSteel,MAT103,Steel Bar,MV OceanStar,2026-12-07,2026-12-27,2026-12-24,90
SHP3387,PO2116,SUP005,PrimeSteel,MAT103,Steel Bar,MV Horizon,2024-05-20,2024-06-12,2024-06-14,64
SHP3388,PO1996,SUP002,BetaMetals,MAT100,Steel Coil,MV Horizon,2023-05-29,2023-06-11,2023-06-11,50
SHP3389,PO1091,SUP002,BetaMetals,MAT100,Steel Coil,MV Horizon,2023-12-08,2023-12-18,2024-01-02,60
SHP3390,PO1972,SUP002,BetaMetals,MAT100,Steel Coil,MV Horizon,2028-06-16,2028-06-26,2028-07-04,46
SHP3391,PO2661,SUP004,DeltaIron,MAT102,Steel Plate,MV Horizon,2028-04-04,2028-04-22,2028-05-01,64
SHP3392,PO2692,SUP005,PrimeSteel,MAT104,Steel Sheet,MV OceanStar,2026-12-15,2026-12-29,2027-01-06,81
SHP3393,PO1534,SUP005,PrimeSteel,MAT103,Steel Bar,MV OceanStar,2028-03-24,2028-04-03,2028-04-25,60
SHP3394,PO2606,SUP004,DeltaIron,MAT103,Steel Bar,MV Titan,2024-01-14,2024-02-03,2024-02-11,47
SHP3395,PO1990,SUP003,CoreSteel,MAT102,Steel Plate,MV Horizon,2024-03-19,2024-04-01,2024-04-13,94
SHP3396,PO1157,SUP002,BetaMetals,MAT101,Steel Rod,MV Titan,2026-02-28,2026-03-18,2026-03-21,52
SHP3397,PO2264,SUP001,AlphaSteel,MAT104,Steel Sheet,MV Horizon,2023-10-12,2023-10-23,2023-11-04,88
SHP3398,PO1552,SUP002,BetaMetals,MAT103,Steel Bar,MV OceanStar,2025-09-20,2025-10-02,2025-10-07,58
SHP3399,PO1386,SUP005,PrimeSteel,MAT102,Steel Plate,MV Horizon,2027-07-18,2027-07-28,2027-08-16,66
SHP3400,PO2190,SUP004,DeltaIron,MAT104,Steel Sheet,MV OceanStar,2026-09-26,2026-10-20,2026-10-26,55
SHP3401,PO1866,SUP002,BetaMetals,MAT102,Steel Plate,MV OceanStar,2026-01-08,2026-01-23,2026-02-08,61
SHP3402,PO1092,SUP005,PrimeSteel,MAT102,Steel Plate,MV Titan,2027-03-28,2027-04-18,2027-04-29,57
SHP3403,PO1101,SUP002,BetaMetals,MAT101,Steel Rod,MV Titan,2024-06-01,2024-06-21,2024-06-14,61
SHP3404,PO2368,SUP004,DeltaIron,MAT102,Steel Plate,MV Horizon,2025-07-27,2025-08-20,2025-08-12,51
SHP3405,PO2126,SUP004,DeltaIron,MAT100,Steel Coil,MV OceanStar,2026-09-20,2026-10-04,2026-10-24,58
SHP3406,PO1654,SUP003,CoreSteel,MAT101,Steel Rod,MV OceanStar,2026-01-22,2026-02-11,2026-02-20,85
SHP3407,PO1903,SUP004,DeltaIron,MAT103,Steel Bar,MV Titan,2024-09-20,2024-09-30,2024-10-05,89
SHP3408,PO2233,SUP005,PrimeSteel,MAT103,Steel Bar,MV Titan,2025-10-08,2025-10-19,2025-11-07,78
SHP3409,PO2345,SUP005,PrimeSteel,MAT104,Steel Sheet,MV OceanStar,2023-04-01,2023-04-24,2023-04-25,42
SHP3410,PO2444,SUP004,DeltaIron,MAT101,Steel Rod,MV OceanStar,2027-05-30,2027-06-10,2027-06-29,60
SHP3411,PO1992,SUP001,AlphaSteel,MAT103,Steel Bar,MV OceanStar,2026-12-08,2026-12-22,2026-12-26,83
SHP3412,PO2464,SUP003,CoreSteel,MAT100,Steel Coil,MV OceanStar,2026-06-03,2026-06-16,2026-06-19,51
SHP3413,PO2267,SUP004,DeltaIron,MAT102,Steel Plate,MV Titan,2024-01-12,2024-02-02,2024-02-01,58
SHP3414,PO1776,SUP005,PrimeSteel,MAT104,Steel Sheet,MV OceanStar,2028-01-08,2028-01-30,2028-02-01,89
SHP3415,PO2697,SUP004,DeltaIron,MAT101,Steel Rod,MV Titan,2023-05-07,2023-05-17,2023-06-06,42
SHP3416,PO2796,SUP004,DeltaIron,MAT101,Steel Rod,MV Horizon,2023-09-01,2023-09-16,2023-09-26,69
SHP3417,PO2195,SUP004,DeltaIron,MAT104,Steel Sheet,MV OceanStar,2026-02-01,2026-02-19,2026-03-07,46
SHP3418,PO2475,SUP004,DeltaIron,MAT103,Steel Bar,MV Titan,2024-07-28,2024-08-19,2024-08-26,79
SHP3419,PO2066,SUP004,DeltaIron,MAT100,Steel Coil,MV Horizon,2024-07-31,2024-08-22,2024-08-25,76
SHP3420,PO2500,SUP002,BetaMetals,MAT103,Steel Bar,MV OceanStar,2027-11-03,2027-11-15,2027-11-20,58
SHP3421,PO1688,SUP004,DeltaIron,MAT100,Steel Coil,MV OceanStar,2025-08-11,2025-08-30,2025-09-09,57
SHP3422,PO2184,SUP001,AlphaSteel,MAT101,Steel Rod,MV Horizon,2027-01-26,2027-02-11,2027-02-20,79
SHP3423,PO1157,SUP004,DeltaIron,MAT100,Steel Coil,MV Titan,2023-01-30,2023-02-22,2023-02-26,65
SHP3424,PO2038,SUP005,PrimeSteel,MAT100,Steel Coil,MV OceanStar,2027-06-08,2027-06-28,2027-07-07,84
SHP3425,PO1447,SUP002,BetaMetals,MAT102,Steel Plate,MV OceanStar,2026-03-21,2026-04-14,2026-04-04,55
SHP3426,PO1043,SUP005,PrimeSteel,MAT103,Steel Bar,MV Titan,2028-02-17,2028-03-05,2028-03-10,76
SHP3427,PO1418,SUP003,CoreSteel,MAT101,Steel Rod,MV OceanStar,2027-06-09,2027-06-23,2027-07-13,45
SHP3428,PO1921,SUP002,BetaMetals,MAT101,Steel Rod,MV OceanStar,2023-09-29,2023-10-10,2023-10-15,66
SHP3429,PO1462,SUP004,DeltaIron,MAT100,Steel Coil,MV Horizon,2026-08-31,2026-09-19,2026-09-12,66
SHP3430,PO1796,SUP003,CoreSteel,MAT102,Steel Plate,MV Horizon,2024-08-20,2024-09-03,2024-09-21,71
SHP3431,PO1590,SUP004,DeltaIron,MAT103,Steel Bar,MV Titan,2023-08-23,2023-09-14,2023-09-17,41
SHP3432,PO1255,SUP001,AlphaSteel,MAT101,Steel Rod,MV OceanStar,2026-10-05,2026-10-19,2026-10-23,67
SHP3433,PO2088,SUP002,BetaMetals,MAT102,Steel Plate,MV Titan,2025-05-24,2025-06-10,2025-06-17,77
SHP3434,PO2110,SUP002,BetaMetals,MAT104,Steel Sheet,MV Titan,2024-11-26,2024-12-08,2024-12-23,73
SHP3435,PO1924,SUP002,BetaMetals,MAT102,Steel Plate,MV OceanStar,2027-11-21,2027-12-01,2027-12-04,88
SHP3436,PO2658,SUP002,BetaMetals,MAT103,Steel Bar,MV OceanStar,2027-07-24,2027-08-16,2027-08-10,55
SHP3437,PO2277,SUP001,AlphaSteel,MAT101,Steel Rod,MV Titan,2026-06-28,2026-07-20,2026-07-24,46
SHP3438,PO2955,SUP005,PrimeSteel,MAT103,Steel Bar,MV OceanStar,2023-05-11,2023-05-25,2023-06-09,50
SHP3439,PO1071,SUP003,CoreSteel,MAT100,Steel Coil,MV Horizon,2027-02-22,2027-03-04,2027-03-07,83
SHP3440,PO2404,SUP003,CoreSteel,MAT100,Steel Coil,MV OceanStar,2025-07-18,2025-08-05,2025-08-21,66
SHP3441,PO1510,SUP005,PrimeSteel,MAT104,Steel Sheet,MV Horizon,2026-01-09,2026-01-26,2026-02-05,58
SHP3442,PO2394,SUP002,BetaMetals,MAT101,Steel Rod,MV Titan,2024-09-30,2024-10-12,2024-10-26,68
SHP3443,PO1711,SUP004,DeltaIron,MAT101,Steel Rod,MV Titan,2024-01-31,2024-02-21,2024-02-23,62
SHP3444,PO2087,SUP005,PrimeSteel,MAT102,Steel Plate,MV Titan,2023-11-20,2023-12-03,2023-12-20,46
SHP3445,PO2619,SUP001,AlphaSteel,MAT104,Steel Sheet,MV Horizon,2024-12-21,2025-01-02,2025-01-05,67
SHP3446,PO2092,SUP001,AlphaSteel,MAT100,Steel Coil,MV OceanStar,2026-10-11,2026-10-28,2026-10-26,54
SHP3447,PO2852,SUP001,AlphaSteel,MAT100,Steel Coil,MV Titan,2028-04-28,2028-05-18,2028-05-23,87
SHP3448,PO1190,SUP001,AlphaSteel,MAT101,Steel Rod,MV Titan,2025-11-18,2025-12-08,2025-12-11,71
SHP3449,PO1164,SUP001,AlphaSteel,MAT104,Steel Sheet,MV Horizon,2026-11-16,2026-12-06,2026-12-18,94
SHP3450,PO1118,SUP005,PrimeSteel,MAT100,Steel Coil,MV Titan,2027-05-31,2027-06-24,2027-06-19,59
SHP3451,PO1435,SUP002,BetaMetals,MAT100,Steel Coil,MV Horizon,2027-08-01,2027-08-16,2027-09-04,81
SHP3452,PO2117,SUP004,DeltaIron,MAT104,Steel Sheet,MV Horizon,2023-01-09,2023-01-21,2023-02-02,53
SHP3453,PO1040,SUP002,BetaMetals,MAT100,Steel Coil,MV Horizon,2023-02-05,2023-02-17,2023-03-01,55
SHP3454,PO2729,SUP005,PrimeSteel,MAT104,Steel Sheet,MV Titan,2023-04-13,2023-05-02,2023-04-28,90
SHP3455,PO1400,SUP005,PrimeSteel,MAT100,Steel Coil,MV Titan,2026-02-02,2026-02-19,2026-03-01,81
SHP3456,PO2038,SUP002,BetaMetals,MAT101,Steel Rod,MV Horizon,2023-11-16,2023-11-27,2023-12-17,55
SHP3457,PO1790,SUP005,PrimeSteel,MAT103,Steel Bar,MV OceanStar,2026-11-05,2026-11-18,2026-12-03,68
SHP3458,PO2311,SUP003,CoreSteel,MAT104,Steel Sheet,MV Titan,2024-05-06,2024-05-20,2024-05-23,71
SHP3459,PO1343,SUP004,DeltaIron,MAT104,Steel Sheet,MV OceanStar,2025-01-28,2025-02-20,2025-03-03,77
SHP3460,PO1210,SUP002,BetaMetals,MAT104,Steel Sheet,MV OceanStar,2027-05-04,2027-05-26,2027-06-04,86
SHP3461,PO1651,SUP005,PrimeSteel,MAT103,Steel Bar,MV Titan,2026-07-03,2026-07-21,2026-07-28,79
SHP3462,PO1222,SUP005,PrimeSteel,MAT103,Steel Bar,MV Horizon,2023-02-04,2023-02-22,2023-02-26,89
SHP3463,PO2626,SUP001,AlphaSteel,MAT100,Steel Coil,MV Horizon,2023-01-08,2023-01-22,2023-02-10,66
SHP3464,PO2805,SUP001,AlphaSteel,MAT103,Steel Bar,MV Horizon,2023-08-03,2023-08-19,2023-09-05,81
SHP3465,PO1216,SUP001,AlphaSteel,MAT100,Steel Coil,MV Horizon,2024-08-02,2024-08-22,2024-08-18,69
SHP3466,PO2562,SUP004,DeltaIron,MAT102,Steel Plate,MV Titan,2025-10-26,2025-11-10,2025-11-15,94
SHP3467,PO2787,SUP001,AlphaSteel,MAT104,Steel Sheet,MV Titan,2023-07-23,2023-08-09,2023-08-19,90
SHP3468,PO1695,SUP002,BetaMetals,MAT100,Steel Coil,MV Titan,2025-11-04,2025-11-25,2025-11-26,50
SHP3469,PO1093,SUP001,AlphaSteel,MAT102,Steel Plate,MV Horizon,2023-03-08,2023-03-20,2023-03-29,73
SHP3470,PO2454,SUP002,BetaMetals,MAT102,Steel Plate,MV OceanStar,2026-12-03,2026-12-14,2027-01-05,59
SHP3471,PO1580,SUP005,PrimeSteel,MAT101,Steel Rod,MV Horizon,2026-04-01,2026-04-11,2026-04-14,64
SHP3472,PO2001,SUP003,CoreSteel,MAT100,Steel Coil,MV Horizon,2023-08-08,2023-08-18,2023-09-10,92
SHP3473,PO2020,SUP002,BetaMetals,MAT104,Steel Sheet,MV Titan,2025-12-13,2026-01-03,2026-01-05,64
SHP3474,PO1402,SUP001,AlphaSteel,MAT102,Steel Plate,MV Titan,2024-03-15,2024-03-27,2024-04-04,87
SHP3475,PO2525,SUP005,PrimeSteel,MAT104,Steel Sheet,MV OceanStar,2025-11-10,2025-11-30,2025-12-08,50
SHP3476,PO2450,SUP003,CoreSteel,MAT104,Steel Sheet,MV Titan,2028-02-21,2028-03-08,2028-03-07,90
SHP3477,PO1047,SUP004,DeltaIron,MAT104,Steel Sheet,MV Titan,2028-04-17,2028-05-06,2028-05-14,46
SHP3478,PO1137,SUP003,CoreSteel,MAT100,Steel Coil,MV OceanStar,2026-10-31,2026-11-16,2026-12-03,92
SHP3479,PO2043,SUP002,BetaMetals,MAT101,Steel Rod,MV Horizon,2026-11-11,2026-11-28,2026-12-14,51
SHP3480,PO1182,SUP005,PrimeSteel,MAT101,Steel Rod,MV Horizon,2028-02-20,2028-03-05,2028-03-13,79
SHP3481,PO1730,SUP005,PrimeSteel,MAT102,Steel Plate,MV OceanStar,2024-06-22,2024-07-10,2024-07-11,44
SHP3482,PO2149,SUP002,BetaMetals,MAT104,Steel Sheet,MV OceanStar,2023-12-18,2023-12-29,2024-01-13,94
SHP3483,PO1556,SUP005,PrimeSteel,MAT104,Steel Sheet,MV Titan,2025-08-14,2025-09-03,2025-09-02,58
SHP3484,PO2625,SUP001,AlphaSteel,MAT104,Steel Sheet,MV Horizon,2026-12-28,2027-01-16,2027-01-10,43
SHP3485,PO2009,SUP003,CoreSteel,MAT101,Steel Rod,MV Horizon,2026-01-30,2026-02-21,2026-02-20,94
SHP3486,PO2183,SUP003,CoreSteel,MAT100,Steel Coil,MV OceanStar,2027-05-17,2027-06-03,2027-05-30,48
SHP3487,PO2778,SUP004,DeltaIron,MAT100,Steel Coil,MV OceanStar,2024-10-28,2024-11-13,2024-11-15,50
SHP3488,PO1677,SUP005,PrimeSteel,MAT102,Steel Plate,MV Titan,2027-02-18,2027-03-03,2027-03-24,51
SHP3489,PO1823,SUP002,BetaMetals,MAT103,Steel Bar,MV Titan,2028-05-20,2028-06-07,2028-06-09,58
SHP3490,PO1577,SUP003,CoreSteel,MAT103,Steel Bar,MV OceanStar,2025-10-17,2025-11-08,2025-10-29,67
SHP3491,PO1725,SUP001,AlphaSteel,MAT101,Steel Rod,MV Horizon,2023-01-15,2023-02-07,2023-02-08,41
SHP3492,PO1043,SUP001,AlphaSteel,MAT100,Steel Coil,MV Titan,2025-09-14,2025-09-27,2025-09-29,63
SHP3493,PO2314,SUP005,PrimeSteel,MAT103,Steel Bar,MV OceanStar,2027-12-05,2027-12-17,2028-01-08,42
SHP3494,PO2164,SUP001,AlphaSteel,MAT104,Steel Sheet,MV Titan,2024-09-11,2024-09-23,2024-10-10,78
SHP3495,PO1770,SUP002,BetaMetals,MAT102,Steel Plate,MV OceanStar,2026-11-17,2026-12-10,2026-11-30,69
SHP3496,PO2290,SUP001,AlphaSteel,MAT101,Steel Rod,MV Titan,2024-09-13,2024-10-05,2024-10-02,93
SHP3497,PO2937,SUP005,PrimeSteel,MAT102,Steel Plate,MV Titan,2023-10-20,2023-11-12,2023-11-12,57
SHP3498,PO1215,SUP002,BetaMetals,MAT101,Steel Rod,MV Titan,2025-08-25,2025-09-10,2025-09-28,54
SHP3499,PO1641,SUP001,AlphaSteel,MAT101,Steel Rod,MV OceanStar,2026-07-20,2026-08-12,2026-08-15,93
