supplier_name,avg_delay,max_delay,total_pos,reliability_score
AlphaSteel,4.754521963824289,17,387,95.24547803617571
BetaMetals,5.194513715710723,19,401,94.80548628428927
CoreSteel,4.426799007444169,18,403,95.57320099255583
DeltaIron,5.079601990049751,19,402,94.92039800995025
PrimeSteel,5.926289926289926,19,407,94.07371007371007
