po_id,supplier_id,supplier_name,po_date,promised_date,actual_delivery_date,quantity,status,material_id,material_name
PO1000,SUP003,CoreSteel,2023-01-01,2023-01-11,2023-01-13,150,On-Time,MAT100,Steel Coil
PO1001,SUP001,AlphaSteel,2023-01-02,2023-01-21,2023-01-23,193,On-Time,MAT102,Steel Plate
PO1002,SUP004,DeltaIron,2023-01-03,2023-01-19,2023-01-20,46,On-Time,MAT104,Steel Sheet
PO1003,SUP005,PrimeSteel,2023-01-04,2023-01-17,2023-01-19,28,On-Time,MAT101,Steel Rod
PO1004,SUP005,PrimeSteel,2023-01-05,2023-01-21,2023-01-28,10,Delayed,MAT104,Steel Sheet
PO1005,SUP003,CoreSteel,2023-01-06,2023-01-21,2023-01-25,156,On-Time,MAT103,Steel Bar
PO1006,SUP005,PrimeSteel,2023-01-07,2023-01-21,2023-01-21,144,On-Time,MAT101,Steel Rod
PO1007,SUP004,DeltaIron,2023-01-08,2023-01-18,2023-01-23,36,Delayed,MAT100,Steel Coil
PO1008,SUP005,PrimeSteel,2023-01-09,2023-01-23,2023-01-28,70,On-Time,MAT104,Steel Sheet
PO1009,SUP001,AlphaSteel,2023-01-10,2023-01-27,2023-01-21,189,Delayed,MAT103,Steel Bar
PO1010,SUP003,CoreSteel,2023-01-11,2023-01-22,2023-01-25,85,Delayed,MAT101,Steel Rod
PO1011,SUP004,DeltaIron,2023-01-12,2023-01-23,2023-01-31,155,Delayed,MAT100,Steel Coil
PO1012,SUP005,PrimeSteel,2023-01-13,2023-02-01,2023-01-26,99,On-Time,MAT101,Steel Rod
PO1013,SUP001,AlphaSteel,2023-01-14,2023-01-31,2023-01-31,171,Delayed,MAT100,Steel Coil
PO1014,SUP002,BetaMetals,2023-01-15,2023-02-03,2023-02-04,43,On-Time,MAT102,Steel Plate
PO1015,SUP002,BetaMetals,2023-01-16,2023-01-27,2023-01-27,137,On-Time,MAT100,Steel Coil
PO1016,SUP001,AlphaSteel,2023-01-17,2023-01-31,2023-02-02,188,Delayed,MAT101,Steel Rod
PO1017,SUP005,PrimeSteel,2023-01-18,2023-01-30,2023-02-12,24,On-Time,MAT103,Steel Bar
PO1018,SUP001,AlphaSteel,2023-01-19,2023-02-02,2023-02-15,70,Delayed,MAT101,Steel Rod
PO1019,SUP001,AlphaSteel,2023-01-20,2023-02-08,2023-02-04,55,On-Time,MAT103,Steel Bar
PO1020,SUP003,CoreSteel,2023-01-21,2023-02-01,2023-02-10,184,On-Time,MAT101,Steel Rod
PO1021,SUP004,DeltaIron,2023-01-22,2023-02-06,2023-02-11,116,On-Time,MAT102,Steel Plate
PO1022,SUP001,AlphaSteel,2023-01-23,2023-02-10,2023-02-06,174,On-Time,MAT101,Steel Rod
PO1023,SUP001,AlphaSteel,2023-01-24,2023-02-12,2023-02-06,171,On-Time,MAT102,Steel Plate
PO1024,SUP002,BetaMetals,2023-01-25,2023-02-08,2023-02-04,48,On-Time,MAT100,Steel Coil
PO1025,SUP004,DeltaIron,2023-01-26,2023-02-09,2023-02-15,141,Delayed,MAT102,Steel Plate
PO1026,SUP003,CoreSteel,2023-01-27,2023-02-11,2023-02-13,152,On-Time,MAT101,Steel Rod
PO1027,SUP002,BetaMetals,2023-01-28,2023-02-07,2023-02-25,153,On-Time,MAT103,Steel Bar
PO1028,SUP001,AlphaSteel,2023-01-29,2023-02-15,2023-02-16,50,On-Time,MAT100,Steel Coil
PO1029,SUP005,PrimeSteel,2023-01-30,2023-02-16,2023-02-10,110,On-Time,MAT104,Steel Sheet
PO1030,SUP004,DeltaIron,2023-01-31,2023-02-11,2023-02-17,192,On-Time,MAT101,Steel Rod
PO1031,SUP004,DeltaIron,2023-02-01,2023-02-14,2023-02-16,35,On-Time,MAT103,Steel Bar
PO1032,SUP003,CoreSteel,2023-02-02,2023-02-20,2023-02-18,139,Delayed,MAT100,Steel Coil
PO1033,SUP001,AlphaSteel,2023-02-03,2023-02-22,2023-02-23,37,On-Time,MAT100,Steel Coil
PO1034,SUP005,PrimeSteel,2023-02-04,2023-02-14,2023-02-26,28,Delayed,MAT103,Steel Bar
PO1035,SUP002,BetaMetals,2023-02-05,2023-02-18,2023-03-02,46,Delayed,MAT101,Steel Rod
PO1036,SUP002,BetaMetals,2023-02-06,2023-02-25,2023-03-04,144,On-Time,MAT103,Steel Bar
PO1037,SUP003,CoreSteel,2023-02-07,2023-02-24,2023-03-04,100,Delayed,MAT100,Steel Coil
PO1038,SUP002,BetaMetals,2023-02-08,2023-02-22,2023-02-26,24,On-Time,MAT104,Steel Sheet
PO1039,SUP003,CoreSteel,2023-02-09,2023-02-28,2023-03-02,56,On-Time,MAT104,Steel Sheet
PO1040,SUP003,CoreSteel,2023-02-10,2023-02-20,2023-03-04,157,On-Time,MAT103,Steel Bar
PO1041,SUP004,DeltaIron,2023-02-11,2023-02-22,2023-03-03,119,On-Time,MAT104,Steel Sheet
PO1042,SUP002,BetaMetals,2023-02-12,2023-02-26,2023-03-01,89,On-Time,MAT102,Steel Plate
PO1043,SUP004,DeltaIron,2023-02-13,2023-03-02,2023-03-13,108,On-Time,MAT103,Steel Bar
PO1044,SUP004,DeltaIron,2023-02-14,2023-03-05,2023-03-09,153,Delayed,MAT102,Steel Plate
PO1045,SUP001,AlphaSteel,2023-02-15,2023-03-02,2023-02-27,30,On-Time,MAT103,Steel Bar
PO1046,SUP001,AlphaSteel,2023-02-16,2023-02-26,2023-03-05,190,On-Time,MAT104,Steel Sheet
PO1047,SUP002,BetaMetals,2023-02-17,2023-03-08,2023-03-07,83,Delayed,MAT100,Steel Coil
PO1048,SUP003,CoreSteel,2023-02-18,2023-03-04,2023-03-18,191,Delayed,MAT102,Steel Plate
PO1049,SUP005,PrimeSteel,2023-02-19,2023-03-03,2023-03-05,57,On-Time,MAT102,Steel Plate
PO1050,SUP003,CoreSteel,2023-02-20,2023-03-04,2023-03-04,104,Delayed,MAT102,Steel Plate
PO1051,SUP002,BetaMetals,2023-02-21,2023-03-12,2023-03-11,85,On-Time,MAT101,Steel Rod
PO1052,SUP002,BetaMetals,2023-02-22,2023-03-07,2023-03-20,112,Delayed,MAT103,Steel Bar
PO1053,SUP001,AlphaSteel,2023-02-23,2023-03-05,2023-03-22,112,On-Time,MAT102,Steel Plate
PO1054,SUP002,BetaMetals,2023-02-24,2023-03-14,2023-03-09,43,On-Time,MAT102,Steel Plate
PO1055,SUP002,BetaMetals,2023-02-25,2023-03-11,2023-03-18,23,Delayed,MAT102,Steel Plate
PO1056,SUP001,AlphaSteel,2023-02-26,2023-03-15,2023-03-11,146,On-Time,MAT103,Steel Bar
PO1057,SUP004,DeltaIron,2023-02-27,2023-03-12,2023-03-10,143,Delayed,MAT103,Steel Bar
PO1058,SUP005,PrimeSteel,2023-02-28,2023-03-18,2023-03-29,124,On-Time,MAT101,Steel Rod
PO1059,SUP003,CoreSteel,2023-03-01,2023-03-17,2023-03-15,87,On-Time,MAT104,Steel Sheet
PO1060,SUP003,CoreSteel,2023-03-02,2023-03-18,2023-03-20,171,Delayed,MAT103,Steel Bar
PO1061,SUP004,DeltaIron,2023-03-03,2023-03-18,2023-03-27,119,On-Time,MAT102,Steel Plate
PO1062,SUP001,AlphaSteel,2023-03-04,2023-03-21,2023-03-14,143,Delayed,MAT101,Steel Rod
PO1063,SUP001,AlphaSteel,2023-03-05,2023-03-20,2023-04-01,125,On-Time,MAT103,Steel Bar
PO1064,SUP004,DeltaIron,2023-03-06,2023-03-23,2023-03-16,124,Delayed,MAT102,Steel Plate
PO1065,SUP002,BetaMetals,2023-03-07,2023-03-25,2023-04-01,57,On-Time,MAT103,Steel Bar
PO1066,SUP003,CoreSteel,2023-03-08,2023-03-21,2023-03-27,10,On-Time,MAT102,Steel Plate
PO1067,SUP003,CoreSteel,2023-03-09,2023-03-27,2023-04-01,63,On-Time,MAT103,Steel Bar
PO1068,SUP001,AlphaSteel,2023-03-10,2023-03-22,2023-03-21,174,Delayed,MAT103,Steel Bar
PO1069,SUP003,CoreSteel,2023-03-11,2023-03-27,2023-04-02,87,On-Time,MAT101,Steel Rod
PO1070,SUP003,CoreSteel,2023-03-12,2023-03-29,2023-04-10,98,Delayed,MAT101,Steel Rod
PO1071,SUP001,AlphaSteel,2023-03-13,2023-03-24,2023-04-03,51,On-Time,MAT100,Steel Coil
PO1072,SUP004,DeltaIron,2023-03-14,2023-04-01,2023-04-02,126,On-Time,MAT101,Steel Rod
PO1073,SUP002,BetaMetals,2023-03-15,2023-03-27,2023-04-10,30,Delayed,MAT101,Steel Rod
PO1074,SUP001,AlphaSteel,2023-03-16,2023-04-04,2023-04-04,106,Delayed,MAT102,Steel Plate
PO1075,SUP002,BetaMetals,2023-03-17,2023-03-31,2023-03-27,187,On-Time,MAT103,Steel Bar
PO1076,SUP005,PrimeSteel,2023-03-18,2023-04-02,2023-04-04,136,On-Time,MAT102,Steel Plate
PO1077,SUP001,AlphaSteel,2023-03-19,2023-04-05,2023-04-17,112,Delayed,MAT100,Steel Coil
PO1078,SUP002,BetaMetals,2023-03-20,2023-04-07,2023-04-12,104,On-Time,MAT102,Steel Plate
PO1079,SUP003,CoreSteel,2023-03-21,2023-04-04,2023-04-19,173,On-Time,MAT102,Steel Plate
PO1080,SUP001,AlphaSteel,2023-03-22,2023-04-07,2023-04-02,152,On-Time,MAT102,Steel Plate
PO1081,SUP005,PrimeSteel,2023-03-23,2023-04-06,2023-04-13,151,On-Time,MAT100,Steel Coil
PO1082,SUP001,AlphaSteel,2023-03-24,2023-04-08,2023-04-19,45,On-Time,MAT100,Steel Coil
PO1083,SUP003,CoreSteel,2023-03-25,2023-04-12,2023-04-16,65,On-Time,MAT101,Steel Rod
PO1084,SUP004,DeltaIron,2023-03-26,2023-04-14,2023-04-05,70,On-Time,MAT103,Steel Bar
PO1085,SUP002,BetaMetals,2023-03-27,2023-04-08,2023-04-23,186,On-Time,MAT100,Steel Coil
PO1086,SUP003,CoreSteel,2023-03-28,2023-04-08,2023-04-10,198,On-Time,MAT104,Steel Sheet
PO1087,SUP001,AlphaSteel,2023-03-29,2023-04-15,2023-04-20,156,Delayed,MAT101,Steel Rod
PO1088,SUP002,BetaMetals,2023-03-30,2023-04-17,2023-04-27,198,Delayed,MAT100,Steel Coil
PO1089,SUP005,PrimeSteel,2023-03-31,2023-04-18,2023-04-22,30,Delayed,MAT102,Steel Plate
PO1090,SUP005,PrimeSteel,2023-04-01,2023-04-16,2023-04-11,123,On-Time,MAT103,Steel Bar
PO1091,SUP001,AlphaSteel,2023-04-02,2023-04-18,2023-04-24,150,On-Time,MAT100,Steel Coil
PO1092,SUP001,AlphaSteel,2023-04-03,2023-04-14,2023-04-14,102,On-Time,MAT101,Steel Rod
PO1093,SUP003,CoreSteel,2023-04-04,2023-04-23,2023-04-20,120,Delayed,MAT102,Steel Plate
PO1094,SUP004,DeltaIron,2023-04-05,2023-04-16,2023-04-24,117,Delayed,MAT103,Steel Bar
PO1095,SUP003,CoreSteel,2023-04-06,2023-04-17,2023-04-19,132,Delayed,MAT104,Steel Sheet
PO1096,SUP005,PrimeSteel,2023-04-07,2023-04-23,2023-04-23,164,On-Time,MAT102,Steel Plate
PO1097,SUP001,AlphaSteel,2023-04-08,2023-04-18,2023-05-03,76,On-Time,MAT103,Steel Bar
PO1098,SUP005,PrimeSteel,2023-04-09,2023-04-19,2023-05-01,53,On-Time,MAT102,Steel Plate
PO1099,SUP004,DeltaIron,2023-04-10,2023-04-27,2023-05-01,158,On-Time,MAT100,Steel Coil
PO1100,SUP002,BetaMetals,2023-04-11,2023-04-22,2023-04-24,17,On-Time,MAT100,Steel Coil
PO1101,SUP005,PrimeSteel,2023-04-12,2023-04-27,2023-05-05,53,On-Time,MAT102,Steel Plate
PO1102,SUP002,BetaMetals,2023-04-13,2023-04-27,2023-05-06,52,On-Time,MAT102,Steel Plate
PO1103,SUP001,AlphaSteel,2023-04-14,2023-04-29,2023-04-26,177,On-Time,MAT103,Steel Bar
PO1104,SUP004,DeltaIron,2023-04-15,2023-04-26,2023-04-28,29,On-Time,MAT100,Steel Coil
PO1105,SUP001,AlphaSteel,2023-04-16,2023-04-29,2023-05-06,77,Delayed,MAT101,Steel Rod
PO1106,SUP005,PrimeSteel,2023-04-17,2023-04-27,2023-05-10,160,On-Time,MAT101,Steel Rod
PO1107,SUP002,BetaMetals,2023-04-18,2023-05-04,2023-05-17,95,Delayed,MAT100,Steel Coil
PO1108,SUP005,PrimeSteel,2023-04-19,2023-05-08,2023-05-01,31,Delayed,MAT104,Steel Sheet
PO1109,SUP002,BetaMetals,2023-04-20,2023-05-09,2023-05-17,185,On-Time,MAT104,Steel Sheet
PO1110,SUP005,PrimeSteel,2023-04-21,2023-05-05,2023-05-03,93,On-Time,MAT101,Steel Rod
PO1111,SUP004,DeltaIron,2023-04-22,2023-05-02,2023-05-11,33,On-Time,MAT101,Steel Rod
PO1112,SUP005,PrimeSteel,2023-04-23,2023-05-06,2023-05-13,154,On-Time,MAT101,Steel Rod
PO1113,SUP005,PrimeSteel,2023-04-24,2023-05-11,2023-05-16,145,On-Time,MAT102,Steel Plate
PO1114,SUP004,DeltaIron,2023-04-25,2023-05-14,2023-05-15,43,On-Time,MAT104,Steel Sheet
PO1115,SUP005,PrimeSteel,2023-04-26,2023-05-06,2023-05-15,146,Delayed,MAT100,Steel Coil
PO1116,SUP005,PrimeSteel,2023-04-27,2023-05-12,2023-05-18,22,On-Time,MAT102,Steel Plate
PO1117,SUP002,BetaMetals,2023-04-28,2023-05-16,2023-05-19,144,On-Time,MAT100,Steel Coil
PO1118,SUP002,BetaMetals,2023-04-29,2023-05-13,2023-05-28,168,On-Time,MAT101,Steel Rod
PO1119,SUP002,BetaMetals,2023-04-30,2023-05-15,2023-05-12,66,On-Time,MAT100,Steel Coil
PO1120,SUP005,PrimeSteel,2023-05-01,2023-05-17,2023-05-20,139,On-Time,MAT100,Steel Coil
PO1121,SUP004,DeltaIron,2023-05-02,2023-05-21,2023-05-12,22,On-Time,MAT103,Steel Bar
PO1122,SUP002,BetaMetals,2023-05-03,2023-05-16,2023-05-29,27,Delayed,MAT101,Steel Rod
PO1123,SUP002,BetaMetals,2023-05-04,2023-05-17,2023-05-30,83,On-Time,MAT102,Steel Plate
PO1124,SUP001,AlphaSteel,2023-05-05,2023-05-20,2023-05-25,43,On-Time,MAT104,Steel Sheet
PO1125,SUP003,CoreSteel,2023-05-06,2023-05-17,2023-05-31,36,Delayed,MAT103,Steel Bar
PO1126,SUP001,AlphaSteel,2023-05-07,2023-05-25,2023-06-05,181,On-Time,MAT101,Steel Rod
PO1127,SUP004,DeltaIron,2023-05-08,2023-05-22,2023-06-06,26,On-Time,MAT103,Steel Bar
PO1128,SUP001,AlphaSteel,2023-05-09,2023-05-21,2023-05-24,171,On-Time,MAT103,Steel Bar
PO1129,SUP001,AlphaSteel,2023-05-10,2023-05-28,2023-06-01,20,Delayed,MAT102,Steel Plate
PO1130,SUP003,CoreSteel,2023-05-11,2023-05-22,2023-05-25,154,Delayed,MAT103,Steel Bar
PO1131,SUP005,PrimeSteel,2023-05-12,2023-05-23,2023-06-04,33,On-Time,MAT103,Steel Bar
PO1132,SUP005,PrimeSteel,2023-05-13,2023-05-25,2023-05-29,135,Delayed,MAT103,Steel Bar
PO1133,SUP001,AlphaSteel,2023-05-14,2023-05-26,2023-05-24,199,On-Time,MAT100,Steel Coil
PO1134,SUP005,PrimeSteel,2023-05-15,2023-05-30,2023-06-06,150,On-Time,MAT100,Steel Coil
PO1135,SUP002,BetaMetals,2023-05-16,2023-06-03,2023-06-07,152,On-Time,MAT100,Steel Coil
PO1136,SUP002,BetaMetals,2023-05-17,2023-06-02,2023-06-01,135,On-Time,MAT100,Steel Coil
PO1137,SUP003,CoreSteel,2023-05-18,2023-06-01,2023-06-06,134,Delayed,MAT103,Steel Bar
PO1138,SUP002,BetaMetals,2023-05-19,2023-06-03,2023-06-05,32,Delayed,MAT104,Steel Sheet
PO1139,SUP003,CoreSteel,2023-05-20,2023-06-02,2023-06-10,11,Delayed,MAT103,Steel Bar
PO1140,SUP004,DeltaIron,2023-05-21,2023-06-05,2023-06-16,185,On-Time,MAT104,Steel Sheet
PO1141,SUP005,PrimeSteel,2023-05-22,2023-06-06,2023-06-12,183,On-Time,MAT101,Steel Rod
PO1142,SUP002,BetaMetals,2023-05-23,2023-06-10,2023-06-05,191,On-Time,MAT102,Steel Plate
PO1143,SUP002,BetaMetals,2023-05-24,2023-06-11,2023-06-04,22,On-Time,MAT100,Steel Coil
PO1144,SUP004,DeltaIron,2023-05-25,2023-06-07,2023-06-04,116,On-Time,MAT103,Steel Bar
PO1145,SUP004,DeltaIron,2023-05-26,2023-06-09,2023-06-13,53,Delayed,MAT101,Steel Rod
PO1146,SUP001,AlphaSteel,2023-05-27,2023-06-14,2023-06-06,187,Delayed,MAT100,Steel Coil
PO1147,SUP004,DeltaIron,2023-05-28,2023-06-07,2023-06-21,65,Delayed,MAT104,Steel Sheet
PO1148,SUP002,BetaMetals,2023-05-29,2023-06-11,2023-06-24,33,Delayed,MAT100,Steel Coil
PO1149,SUP005,PrimeSteel,2023-05-30,2023-06-10,2023-06-28,197,Delayed,MAT103,Steel Bar
PO1150,SUP005,PrimeSteel,2023-05-31,2023-06-15,2023-06-12,93,On-Time,MAT100,Steel Coil
PO1151,SUP002,BetaMetals,2023-06-01,2023-06-18,2023-06-23,91,Delayed,MAT100,Steel Coil
PO1152,SUP003,CoreSteel,2023-06-02,2023-06-17,2023-06-30,125,On-Time,MAT104,Steel Sheet
PO1153,SUP005,PrimeSteel,2023-06-03,2023-06-13,2023-06-23,183,On-Time,MAT101,Steel Rod
PO1154,SUP004,DeltaIron,2023-06-04,2023-06-23,2023-06-21,30,On-Time,MAT100,Steel Coil
PO1155,SUP005,PrimeSteel,2023-06-05,2023-06-24,2023-06-22,106,Delayed,MAT100,Steel Coil
PO1156,SUP003,CoreSteel,2023-06-06,2023-06-17,2023-06-21,10,On-Time,MAT104,Steel Sheet
PO1157,SUP003,CoreSteel,2023-06-07,2023-06-25,2023-06-23,163,On-Time,MAT104,Steel Sheet
PO1158,SUP003,CoreSteel,2023-06-08,2023-06-18,2023-06-25,132,On-Time,MAT102,Steel Plate
PO1159,SUP002,BetaMetals,2023-06-09,2023-06-23,2023-06-30,49,On-Time,MAT103,Steel Bar
PO1160,SUP003,CoreSteel,2023-06-10,2023-06-28,2023-07-03,132,On-Time,MAT103,Steel Bar
PO1161,SUP004,DeltaIron,2023-06-11,2023-06-30,2023-07-02,66,On-Time,MAT104,Steel Sheet
PO1162,SUP001,AlphaSteel,2023-06-12,2023-07-01,2023-07-03,86,On-Time,MAT103,Steel Bar
PO1163,SUP005,PrimeSteel,2023-06-13,2023-07-01,2023-06-28,86,On-Time,MAT104,Steel Sheet
PO1164,SUP001,AlphaSteel,2023-06-14,2023-06-25,2023-07-03,14,On-Time,MAT101,Steel Rod
PO1165,SUP004,DeltaIron,2023-06-15,2023-06-27,2023-06-30,181,On-Time,MAT100,Steel Coil
PO1166,SUP004,DeltaIron,2023-06-16,2023-07-01,2023-07-05,13,On-Time,MAT104,Steel Sheet
PO1167,SUP004,DeltaIron,2023-06-17,2023-06-29,2023-07-16,48,On-Time,MAT102,Steel Plate
PO1168,SUP004,DeltaIron,2023-06-18,2023-07-03,2023-07-15,24,On-Time,MAT100,Steel Coil
PO1169,SUP003,CoreSteel,2023-06-19,2023-07-08,2023-07-16,132,On-Time,MAT102,Steel Plate
PO1170,SUP002,BetaMetals,2023-06-20,2023-07-08,2023-07-17,20,On-Time,MAT102,Steel Plate
PO1171,SUP003,CoreSteel,2023-06-21,2023-07-04,2023-07-09,178,Delayed,MAT100,Steel Coil
PO1172,SUP001,AlphaSteel,2023-06-22,2023-07-06,2023-07-10,49,Delayed,MAT102,Steel Plate
PO1173,SUP001,AlphaSteel,2023-06-23,2023-07-11,2023-07-19,17,On-Time,MAT100,Steel Coil
PO1174,SUP003,CoreSteel,2023-06-24,2023-07-06,2023-07-08,125,On-Time,MAT102,Steel Plate
PO1175,SUP002,BetaMetals,2023-06-25,2023-07-08,2023-07-15,94,On-Time,MAT100,Steel Coil
PO1176,SUP005,PrimeSteel,2023-06-26,2023-07-14,2023-07-25,165,On-Time,MAT104,Steel Sheet
PO1177,SUP003,CoreSteel,2023-06-27,2023-07-11,2023-07-11,106,On-Time,MAT103,Steel Bar
PO1178,SUP005,PrimeSteel,2023-06-28,2023-07-16,2023-07-11,57,On-Time,MAT103,Steel Bar
PO1179,SUP002,BetaMetals,2023-06-29,2023-07-14,2023-07-14,31,On-Time,MAT103,Steel Bar
PO1180,SUP004,DeltaIron,2023-06-30,2023-07-14,2023-07-10,130,On-Time,MAT104,Steel Sheet
PO1181,SUP002,BetaMetals,2023-07-01,2023-07-17,2023-07-21,150,On-Time,MAT100,Steel Coil
PO1182,SUP004,DeltaIron,2023-07-02,2023-07-15,2023-07-31,125,On-Time,MAT104,Steel Sheet
PO1183,SUP001,AlphaSteel,2023-07-03,2023-07-15,2023-08-01,152,Delayed,MAT102,Steel Plate
PO1184,SUP001,AlphaSteel,2023-07-04,2023-07-20,2023-07-29,142,On-Time,MAT102,Steel Plate
PO1185,SUP004,DeltaIron,2023-07-05,2023-07-21,2023-07-22,128,On-Time,MAT102,Steel Plate
PO1186,SUP004,DeltaIron,2023-07-06,2023-07-18,2023-07-25,17,On-Time,MAT102,Steel Plate
PO1187,SUP004,DeltaIron,2023-07-07,2023-07-18,2023-07-20,11,On-Time,MAT104,Steel Sheet
PO1188,SUP005,PrimeSteel,2023-07-08,2023-07-23,2023-07-24,103,Delayed,MAT101,Steel Rod
PO1189,SUP002,BetaMetals,2023-07-09,2023-07-27,2023-07-20,84,Delayed,MAT102,Steel Plate
PO1190,SUP005,PrimeSteel,2023-07-10,2023-07-21,2023-07-22,123,On-Time,MAT102,Steel Plate
PO1191,SUP004,DeltaIron,2023-07-11,2023-07-24,2023-07-23,122,On-Time,MAT101,Steel Rod
PO1192,SUP005,PrimeSteel,2023-07-12,2023-07-25,2023-07-27,156,On-Time,MAT100,Steel Coil
PO1193,SUP005,PrimeSteel,2023-07-13,2023-07-29,2023-07-29,198,Delayed,MAT100,Steel Coil
PO1194,SUP005,PrimeSteel,2023-07-14,2023-07-24,2023-08-06,107,Delayed,MAT102,Steel Plate
PO1195,SUP003,CoreSteel,2023-07-15,2023-07-30,2023-07-29,130,On-Time,MAT101,Steel Rod
PO1196,SUP001,AlphaSteel,2023-07-16,2023-08-03,2023-08-04,184,On-Time,MAT101,Steel Rod
PO1197,SUP005,PrimeSteel,2023-07-17,2023-07-30,2023-08-13,148,On-Time,MAT100,Steel Coil
PO1198,SUP004,DeltaIron,2023-07-18,2023-08-02,2023-07-28,73,On-Time,MAT103,Steel Bar
PO1199,SUP002,BetaMetals,2023-07-19,2023-08-01,2023-08-01,73,On-Time,MAT104,Steel Sheet
PO1200,SUP005,PrimeSteel,2023-07-20,2023-07-31,2023-07-30,150,On-Time,MAT104,Steel Sheet
PO1201,SUP002,BetaMetals,2023-07-21,2023-07-31,2023-08-09,111,Delayed,MAT101,Steel Rod
PO1202,SUP002,BetaMetals,2023-07-22,2023-08-04,2023-08-09,23,Delayed,MAT104,Steel Sheet
PO1203,SUP004,DeltaIron,2023-07-23,2023-08-08,2023-08-06,58,On-Time,MAT104,Steel Sheet
PO1204,SUP005,PrimeSteel,2023-07-24,2023-08-03,2023-08-12,12,On-Time,MAT104,Steel Sheet
PO1205,SUP004,DeltaIron,2023-07-25,2023-08-06,2023-08-12,25,On-Time,MAT101,Steel Rod
PO1206,SUP005,PrimeSteel,2023-07-26,2023-08-05,2023-08-08,188,On-Time,MAT100,Steel Coil
PO1207,SUP003,CoreSteel,2023-07-27,2023-08-06,2023-08-14,148,On-Time,MAT104,Steel Sheet
PO1208,SUP005,PrimeSteel,2023-07-28,2023-08-12,2023-08-21,102,Delayed,MAT100,Steel Coil
PO1209,SUP005,PrimeSteel,2023-07-29,2023-08-16,2023-08-19,35,Delayed,MAT101,Steel Rod
PO1210,SUP002,BetaMetals,2023-07-30,2023-08-10,2023-08-18,49,On-Time,MAT104,Steel Sheet
PO1211,SUP002,BetaMetals,2023-07-31,2023-08-15,2023-08-29,91,Delayed,MAT103,Steel Bar
PO1212,SUP001,AlphaSteel,2023-08-01,2023-08-20,2023-08-26,193,On-Time,MAT101,Steel Rod
PO1213,SUP005,PrimeSteel,2023-08-02,2023-08-16,2023-08-18,93,On-Time,MAT102,Steel Plate
PO1214,SUP005,PrimeSteel,2023-08-03,2023-08-20,2023-08-21,198,On-Time,MAT101,Steel Rod
PO1215,SUP004,DeltaIron,2023-08-04,2023-08-22,2023-08-29,24,On-Time,MAT103,Steel Bar
PO1216,SUP004,DeltaIron,2023-08-05,2023-08-18,2023-08-20,152,On-Time,MAT101,Steel Rod
PO1217,SUP001,AlphaSteel,2023-08-06,2023-08-23,2023-08-30,111,On-Time,MAT100,Steel Coil
PO1218,SUP004,DeltaIron,2023-08-07,2023-08-17,2023-08-21,10,Delayed,MAT101,Steel Rod
PO1219,SUP004,DeltaIron,2023-08-08,2023-08-27,2023-09-04,63,Delayed,MAT103,Steel Bar
PO1220,SUP005,PrimeSteel,2023-08-09,2023-08-19,2023-08-21,109,Delayed,MAT104,Steel Sheet
PO1221,SUP005,PrimeSteel,2023-08-10,2023-08-28,2023-09-01,36,On-Time,MAT103,Steel Bar
PO1222,SUP001,AlphaSteel,2023-08-11,2023-08-28,2023-09-06,104,On-Time,MAT102,Steel Plate
PO1223,SUP001,AlphaSteel,2023-08-12,2023-08-22,2023-08-25,38,On-Time,MAT103,Steel Bar
PO1224,SUP003,CoreSteel,2023-08-13,2023-08-24,2023-08-25,27,On-Time,MAT100,Steel Coil
PO1225,SUP004,DeltaIron,2023-08-14,2023-08-31,2023-09-11,78,On-Time,MAT101,Steel Rod
PO1226,SUP002,BetaMetals,2023-08-15,2023-08-28,2023-09-08,34,On-Time,MAT103,Steel Bar
PO1227,SUP003,CoreSteel,2023-08-16,2023-08-26,2023-08-29,81,On-Time,MAT104,Steel Sheet
PO1228,SUP003,CoreSteel,2023-08-17,2023-09-05,2023-09-13,194,On-Time,MAT100,Steel Coil
PO1229,SUP004,DeltaIron,2023-08-18,2023-09-03,2023-09-05,46,On-Time,MAT103,Steel Bar
PO1230,SUP003,CoreSteel,2023-08-19,2023-08-31,2023-09-01,109,On-Time,MAT103,Steel Bar
PO1231,SUP001,AlphaSteel,2023-08-20,2023-09-05,2023-09-14,14,On-Time,MAT104,Steel Sheet
PO1232,SUP001,AlphaSteel,2023-08-21,2023-09-07,2023-09-03,50,On-Time,MAT103,Steel Bar
PO1233,SUP001,AlphaSteel,2023-08-22,2023-09-01,2023-09-07,108,On-Time,MAT100,Steel Coil
PO1234,SUP005,PrimeSteel,2023-08-23,2023-09-08,2023-09-16,137,Delayed,MAT104,Steel Sheet
PO1235,SUP001,AlphaSteel,2023-08-24,2023-09-07,2023-09-16,17,On-Time,MAT101,Steel Rod
PO1236,SUP005,PrimeSteel,2023-08-25,2023-09-07,2023-09-13,20,On-Time,MAT101,Steel Rod
PO1237,SUP001,AlphaSteel,2023-08-26,2023-09-05,2023-09-15,88,On-Time,MAT100,Steel Coil
PO1238,SUP002,BetaMetals,2023-08-27,2023-09-10,2023-09-19,35,On-Time,MAT101,Steel Rod
PO1239,SUP004,DeltaIron,2023-08-28,2023-09-07,2023-09-16,157,Delayed,MAT101,Steel Rod
PO1240,SUP004,DeltaIron,2023-08-29,2023-09-14,2023-09-19,110,Delayed,MAT103,Steel Bar
PO1241,SUP002,BetaMetals,2023-08-30,2023-09-14,2023-09-28,55,Delayed,MAT103,Steel Bar
PO1242,SUP003,CoreSteel,2023-08-31,2023-09-13,2023-09-14,127,On-Time,MAT101,Steel Rod
PO1243,SUP001,AlphaSteel,2023-09-01,2023-09-12,2023-09-29,171,On-Time,MAT104,Steel Sheet
PO1244,SUP004,DeltaIron,2023-09-02,2023-09-21,2023-09-26,106,On-Time,MAT100,Steel Coil
PO1245,SUP001,AlphaSteel,2023-09-03,2023-09-20,2023-09-27,186,Delayed,MAT104,Steel Sheet
PO1246,SUP004,DeltaIron,2023-09-04,2023-09-16,2023-10-02,149,On-Time,MAT101,Steel Rod
PO1247,SUP002,BetaMetals,2023-09-05,2023-09-23,2023-09-29,118,On-Time,MAT102,Steel Plate
PO1248,SUP003,CoreSteel,2023-09-06,2023-09-17,2023-10-05,41,On-Time,MAT104,Steel Sheet
PO1249,SUP005,PrimeSteel,2023-09-07,2023-09-21,2023-10-03,55,On-Time,MAT104,Steel Sheet
PO1250,SUP003,CoreSteel,2023-09-08,2023-09-21,2023-09-18,76,On-Time,MAT103,Steel Bar
PO1251,SUP003,CoreSteel,2023-09-09,2023-09-21,2023-09-28,132,On-Time,MAT104,Steel Sheet
PO1252,SUP002,BetaMetals,2023-09-10,2023-09-20,2023-10-04,51,On-Time,MAT100,Steel Coil
PO1253,SUP003,CoreSteel,2023-09-11,2023-09-26,2023-10-07,41,Delayed,MAT102,Steel Plate
PO1254,SUP001,AlphaSteel,2023-09-12,2023-09-26,2023-09-28,25,On-Time,MAT100,Steel Coil
PO1255,SUP001,AlphaSteel,2023-09-13,2023-09-25,2023-10-08,51,On-Time,MAT102,Steel Plate
PO1256,SUP001,AlphaSteel,2023-09-14,2023-09-28,2023-09-30,168,Delayed,MAT100,Steel Coil
PO1257,SUP004,DeltaIron,2023-09-15,2023-09-29,2023-10-02,158,Delayed,MAT104,Steel Sheet
PO1258,SUP005,PrimeSteel,2023-09-16,2023-10-01,2023-09-29,141,On-Time,MAT100,Steel Coil
PO1259,SUP004,DeltaIron,2023-09-17,2023-09-29,2023-09-27,71,On-Time,MAT101,Steel Rod
PO1260,SUP003,CoreSteel,2023-09-18,2023-10-03,2023-10-08,90,On-Time,MAT103,Steel Bar
PO1261,SUP002,BetaMetals,2023-09-19,2023-09-29,2023-10-01,118,On-Time,MAT102,Steel Plate
PO1262,SUP002,BetaMetals,2023-09-20,2023-09-30,2023-10-05,69,On-Time,MAT104,Steel Sheet
PO1263,SUP001,AlphaSteel,2023-09-21,2023-10-01,2023-10-20,117,On-Time,MAT103,Steel Bar
PO1264,SUP002,BetaMetals,2023-09-22,2023-10-08,2023-10-16,14,Delayed,MAT102,Steel Plate
PO1265,SUP005,PrimeSteel,2023-09-23,2023-10-07,2023-10-13,105,On-Time,MAT104,Steel Sheet
PO1266,SUP005,PrimeSteel,2023-09-24,2023-10-11,2023-10-13,108,On-Time,MAT104,Steel Sheet
PO1267,SUP004,DeltaIron,2023-09-25,2023-10-10,2023-10-15,100,On-Time,MAT100,Steel Coil
PO1268,SUP001,AlphaSteel,2023-09-26,2023-10-13,2023-10-17,118,On-Time,MAT100,Steel Coil
PO1269,SUP003,CoreSteel,2023-09-27,2023-10-16,2023-10-16,117,On-Time,MAT104,Steel Sheet
PO1270,SUP002,BetaMetals,2023-09-28,2023-10-12,2023-10-18,152,Delayed,MAT102,Steel Plate
PO1271,SUP002,BetaMetals,2023-09-29,2023-10-13,2023-10-27,188,On-Time,MAT100,Steel Coil
PO1272,SUP004,DeltaIron,2023-09-30,2023-10-12,2023-10-10,35,On-Time,MAT100,Steel Coil
PO1273,SUP002,BetaMetals,2023-10-01,2023-10-11,2023-10-16,154,On-Time,MAT102,Steel Plate
PO1274,SUP004,DeltaIron,2023-10-02,2023-10-20,2023-10-23,54,Delayed,MAT104,Steel Sheet
PO1275,SUP004,DeltaIron,2023-10-03,2023-10-16,2023-10-18,171,On-Time,MAT103,Steel Bar
PO1276,SUP005,PrimeSteel,2023-10-04,2023-10-21,2023-10-17,171,On-Time,MAT104,Steel Sheet
PO1277,SUP005,PrimeSteel,2023-10-05,2023-10-16,2023-10-17,194,On-Time,MAT102,Steel Plate
PO1278,SUP004,DeltaIron,2023-10-06,2023-10-22,2023-10-20,177,On-Time,MAT101,Steel Rod
PO1279,SUP002,BetaMetals,2023-10-07,2023-10-26,2023-11-01,148,Delayed,MAT104,Steel Sheet
PO1280,SUP002,BetaMetals,2023-10-08,2023-10-27,2023-10-22,158,Delayed,MAT100,Steel Coil
PO1281,SUP001,AlphaSteel,2023-10-09,2023-10-21,2023-11-04,100,On-Time,MAT104,Steel Sheet
PO1282,SUP002,BetaMetals,2023-10-10,2023-10-26,2023-11-04,66,On-Time,MAT101,Steel Rod
PO1283,SUP002,BetaMetals,2023-10-11,2023-10-26,2023-11-08,153,Delayed,MAT104,Steel Sheet
PO1284,SUP002,BetaMetals,2023-10-12,2023-10-23,2023-11-05,46,Delayed,MAT102,Steel Plate
PO1285,SUP005,PrimeSteel,2023-10-13,2023-10-23,2023-11-10,126,Delayed,MAT102,Steel Plate
PO1286,SUP002,BetaMetals,2023-10-14,2023-11-01,2023-11-01,179,Delayed,MAT100,Steel Coil
PO1287,SUP002,BetaMetals,2023-10-15,2023-10-25,2023-10-26,163,On-Time,MAT101,Steel Rod
PO1288,SUP001,AlphaSteel,2023-10-16,2023-11-02,2023-11-05,113,On-Time,MAT100,Steel Coil
PO1289,SUP005,PrimeSteel,2023-10-17,2023-10-29,2023-11-12,88,On-Time,MAT103,Steel Bar
PO1290,SUP002,BetaMetals,2023-10-18,2023-10-31,2023-10-28,61,Delayed,MAT101,Steel Rod
PO1291,SUP005,PrimeSteel,2023-10-19,2023-11-05,2023-10-31,90,On-Time,MAT102,Steel Plate
PO1292,SUP003,CoreSteel,2023-10-20,2023-11-08,2023-10-30,115,Delayed,MAT101,Steel Rod
PO1293,SUP003,CoreSteel,2023-10-21,2023-11-08,2023-11-15,91,On-Time,MAT101,Steel Rod
PO1294,SUP003,CoreSteel,2023-10-22,2023-11-03,2023-11-18,163,Delayed,MAT100,Steel Coil
PO1295,SUP004,DeltaIron,2023-10-23,2023-11-07,2023-11-16,98,On-Time,MAT100,Steel Coil
PO1296,SUP004,DeltaIron,2023-10-24,2023-11-06,2023-11-15,161,On-Time,MAT103,Steel Bar
PO1297,SUP001,AlphaSteel,2023-10-25,2023-11-08,2023-11-09,47,On-Time,MAT103,Steel Bar
PO1298,SUP002,BetaMetals,2023-10-26,2023-11-07,2023-11-24,183,On-Time,MAT100,Steel Coil
PO1299,SUP003,CoreSteel,2023-10-27,2023-11-15,2023-11-25,111,On-Time,MAT104,Steel Sheet
PO1300,SUP003,CoreSteel,2023-10-28,2023-11-14,2023-11-08,126,On-Time,MAT103,Steel Bar
PO1301,SUP002,BetaMetals,2023-10-29,2023-11-10,2023-11-11,128,On-Time,MAT104,Steel Sheet
PO1302,SUP002,BetaMetals,2023-10-30,2023-11-14,2023-11-10,167,Delayed,MAT103,Steel Bar
PO1303,SUP003,CoreSteel,2023-10-31,2023-11-19,2023-11-20,122,On-Time,MAT102,Steel Plate
PO1304,SUP001,AlphaSteel,2023-11-01,2023-11-13,2023-11-30,72,On-Time,MAT100,Steel Coil
PO1305,SUP003,CoreSteel,2023-11-02,2023-11-18,2023-11-24,98,On-Time,MAT103,Steel Bar
PO1306,SUP004,DeltaIron,2023-11-03,2023-11-19,2023-11-29,12,On-Time,MAT104,Steel Sheet
PO1307,SUP003,CoreSteel,2023-11-04,2023-11-14,2023-12-03,148,On-Time,MAT100,Steel Coil
PO1308,SUP001,AlphaSteel,2023-11-05,2023-11-21,2023-11-26,25,On-Time,MAT100,Steel Coil
PO1309,SUP004,DeltaIron,2023-11-06,2023-11-16,2023-11-27,135,Delayed,MAT103,Steel Bar
PO1310,SUP003,CoreSteel,2023-11-07,2023-11-18,2023-11-29,184,On-Time,MAT100,Steel Coil
PO1311,SUP001,AlphaSteel,2023-11-08,2023-11-22,2023-12-04,131,Delayed,MAT103,Steel Bar
PO1312,SUP002,BetaMetals,2023-11-09,2023-11-21,2023-11-28,173,On-Time,MAT102,Steel Plate
PO1313,SUP004,DeltaIron,2023-11-10,2023-11-24,2023-12-09,56,On-Time,MAT100,Steel Coil
PO1314,SUP003,CoreSteel,2023-11-11,2023-11-23,2023-12-06,66,Delayed,MAT104,Steel Sheet
PO1315,SUP002,BetaMetals,2023-11-12,2023-11-26,2023-12-02,52,On-Time,MAT104,Steel Sheet
PO1316,SUP004,DeltaIron,2023-11-13,2023-11-26,2023-11-29,55,Delayed,MAT103,Steel Bar
PO1317,SUP004,DeltaIron,2023-11-14,2023-12-01,2023-12-13,150,On-Time,MAT103,Steel Bar
PO1318,SUP001,AlphaSteel,2023-11-15,2023-11-29,2023-11-28,181,Delayed,MAT101,Steel Rod
PO1319,SUP003,CoreSteel,2023-11-16,2023-12-01,2023-12-08,25,On-Time,MAT101,Steel Rod
PO1320,SUP005,PrimeSteel,2023-11-17,2023-12-03,2023-12-16,58,On-Time,MAT103,Steel Bar
PO1321,SUP004,DeltaIron,2023-11-18,2023-11-28,2023-12-09,126,On-Time,MAT100,Steel Coil
PO1322,SUP004,DeltaIron,2023-11-19,2023-11-30,2023-12-07,80,Delayed,MAT104,Steel Sheet
PO1323,SUP001,AlphaSteel,2023-11-20,2023-11-30,2023-12-01,129,Delayed,MAT104,Steel Sheet
PO1324,SUP003,CoreSteel,2023-11-21,2023-12-09,2023-12-12,51,On-Time,MAT100,Steel Coil
PO1325,SUP003,CoreSteel,2023-11-22,2023-12-11,2023-12-02,83,On-Time,MAT102,Steel Plate
PO1326,SUP003,CoreSteel,2023-11-23,2023-12-07,2023-12-19,61,On-Time,MAT100,Steel Coil
PO1327,SUP004,DeltaIron,2023-11-24,2023-12-07,2023-12-04,49,On-Time,MAT104,Steel Sheet
PO1328,SUP002,BetaMetals,2023-11-25,2023-12-11,2023-12-20,144,On-Time,MAT103,Steel Bar
PO1329,SUP002,BetaMetals,2023-11-26,2023-12-10,2023-12-23,57,Delayed,MAT100,Steel Coil
PO1330,SUP002,BetaMetals,2023-11-27,2023-12-11,2023-12-24,18,Delayed,MAT104,Steel Sheet
PO1331,SUP003,CoreSteel,2023-11-28,2023-12-12,2023-12-24,78,Delayed,MAT104,Steel Sheet
PO1332,SUP005,PrimeSteel,2023-11-29,2023-12-18,2023-12-13,14,On-Time,MAT103,Steel Bar
PO1333,SUP005,PrimeSteel,2023-11-30,2023-12-13,2023-12-21,188,Delayed,MAT101,Steel Rod
PO1334,SUP004,DeltaIron,2023-12-01,2023-12-12,2023-12-23,37,On-Time,MAT104,Steel Sheet
PO1335,SUP001,AlphaSteel,2023-12-02,2023-12-13,2023-12-29,142,Delayed,MAT104,Steel Sheet
PO1336,SUP001,AlphaSteel,2023-12-03,2023-12-20,2023-12-26,85,On-Time,MAT103,Steel Bar
PO1337,SUP004,DeltaIron,2023-12-04,2023-12-16,2023-12-27,128,Delayed,MAT101,Steel Rod
PO1338,SUP005,PrimeSteel,2023-12-05,2023-12-17,2023-12-16,168,On-Time,MAT104,Steel Sheet
PO1339,SUP001,AlphaSteel,2023-12-06,2023-12-18,2023-12-29,94,On-Time,MAT102,Steel Plate
PO1340,SUP002,BetaMetals,2023-12-07,2023-12-23,2023-12-18,196,On-Time,MAT101,Steel Rod
PO1341,SUP004,DeltaIron,2023-12-08,2023-12-23,2023-12-26,175,On-Time,MAT100,Steel Coil
PO1342,SUP005,PrimeSteel,2023-12-09,2023-12-26,2024-01-07,73,On-Time,MAT104,Steel Sheet
PO1343,SUP004,DeltaIron,2023-12-10,2023-12-21,2024-01-06,58,On-Time,MAT101,Steel Rod
PO1344,SUP003,CoreSteel,2023-12-11,2023-12-28,2023-12-31,168,On-Time,MAT101,Steel Rod
PO1345,SUP003,CoreSteel,2023-12-12,2023-12-22,2023-12-30,87,Delayed,MAT103,Steel Bar
PO1346,SUP003,CoreSteel,2023-12-13,2023-12-23,2023-12-24,32,On-Time,MAT104,Steel Sheet
PO1347,SUP005,PrimeSteel,2023-12-14,2023-12-25,2024-01-08,97,Delayed,MAT101,Steel Rod
PO1348,SUP005,PrimeSteel,2023-12-15,2023-12-27,2024-01-02,21,On-Time,MAT104,Steel Sheet
PO1349,SUP001,AlphaSteel,2023-12-16,2024-01-04,2024-01-12,194,On-Time,MAT104,Steel Sheet
PO1350,SUP002,BetaMetals,2023-12-17,2023-12-30,2023-12-28,16,On-Time,MAT101,Steel Rod
PO1351,SUP005,PrimeSteel,2023-12-18,2023-12-30,2024-01-04,53,On-Time,MAT101,Steel Rod
PO1352,SUP004,DeltaIron,2023-12-19,2023-12-30,2024-01-05,150,On-Time,MAT102,Steel Plate
PO1353,SUP005,PrimeSteel,2023-12-20,2024-01-02,2024-01-01,48,On-Time,MAT100,Steel Coil
PO1354,SUP001,AlphaSteel,2023-12-21,2024-01-04,2024-01-14,104,On-Time,MAT101,Steel Rod
PO1355,SUP003,CoreSteel,2023-12-22,2024-01-07,2024-01-16,56,Delayed,MAT104,Steel Sheet
PO1356,SUP003,CoreSteel,2023-12-23,2024-01-03,2024-01-21,85,On-Time,MAT102,Steel Plate
PO1357,SUP005,PrimeSteel,2023-12-24,2024-01-11,2024-01-21,112,On-Time,MAT101,Steel Rod
PO1358,SUP001,AlphaSteel,2023-12-25,2024-01-07,2024-01-14,103,Delayed,MAT102,Steel Plate
PO1359,SUP002,BetaMetals,2023-12-26,2024-01-13,2024-01-21,81,On-Time,MAT101,Steel Rod
PO1360,SUP002,BetaMetals,2023-12-27,2024-01-06,2024-01-10,65,On-Time,MAT100,Steel Coil
PO1361,SUP003,CoreSteel,2023-12-28,2024-01-16,2024-01-15,34,On-Time,MAT101,Steel Rod
PO1362,SUP005,PrimeSteel,2023-12-29,2024-01-14,2024-01-12,185,On-Time,MAT101,Steel Rod
PO1363,SUP002,BetaMetals,2023-12-30,2024-01-12,2024-01-17,197,On-Time,MAT103,Steel Bar
PO1364,SUP001,AlphaSteel,2023-12-31,2024-01-10,2024-01-13,194,Delayed,MAT104,Steel Sheet
PO1365,SUP003,CoreSteel,2024-01-01,2024-01-17,2024-01-25,80,On-Time,MAT104,Steel Sheet
PO1366,SUP002,BetaMetals,2024-01-02,2024-01-21,2024-01-19,15,On-Time,MAT104,Steel Sheet
PO1367,SUP001,AlphaSteel,2024-01-03,2024-01-15,2024-01-13,23,On-Time,MAT100,Steel Coil
PO1368,SUP005,PrimeSteel,2024-01-04,2024-01-16,2024-01-18,76,On-Time,MAT103,Steel Bar
PO1369,SUP004,DeltaIron,2024-01-05,2024-01-22,2024-01-18,172,On-Time,MAT104,Steel Sheet
PO1370,SUP002,BetaMetals,2024-01-06,2024-01-22,2024-01-16,113,Delayed,MAT104,Steel Sheet
PO1371,SUP003,CoreSteel,2024-01-07,2024-01-20,2024-01-29,90,On-Time,MAT100,Steel Coil
PO1372,SUP001,AlphaSteel,2024-01-08,2024-01-22,2024-01-19,58,Delayed,MAT103,Steel Bar
PO1373,SUP002,BetaMetals,2024-01-09,2024-01-27,2024-02-03,19,Delayed,MAT104,Steel Sheet
PO1374,SUP004,DeltaIron,2024-01-10,2024-01-21,2024-02-04,43,Delayed,MAT100,Steel Coil
PO1375,SUP005,PrimeSteel,2024-01-11,2024-01-21,2024-02-02,158,Delayed,MAT104,Steel Sheet
PO1376,SUP005,PrimeSteel,2024-01-12,2024-01-26,2024-02-10,192,Delayed,MAT100,Steel Coil
PO1377,SUP004,DeltaIron,2024-01-13,2024-01-25,2024-01-23,165,On-Time,MAT102,Steel Plate
PO1378,SUP004,DeltaIron,2024-01-14,2024-01-25,2024-02-06,92,On-Time,MAT101,Steel Rod
PO1379,SUP005,PrimeSteel,2024-01-15,2024-02-02,2024-01-28,178,Delayed,MAT102,Steel Plate
PO1380,SUP004,DeltaIron,2024-01-16,2024-01-28,2024-02-03,46,Delayed,MAT102,Steel Plate
PO1381,SUP003,CoreSteel,2024-01-17,2024-02-05,2024-01-31,136,Delayed,MAT103,Steel Bar
PO1382,SUP002,BetaMetals,2024-01-18,2024-02-04,2024-02-14,145,On-Time,MAT103,Steel Bar
PO1383,SUP001,AlphaSteel,2024-01-19,2024-02-05,2024-02-15,100,On-Time,MAT104,Steel Sheet
PO1384,SUP004,DeltaIron,2024-01-20,2024-02-01,2024-02-12,66,On-Time,MAT100,Steel Coil
PO1385,SUP003,CoreSteel,2024-01-21,2024-02-05,2024-02-13,83,On-Time,MAT101,Steel Rod
PO1386,SUP002,BetaMetals,2024-01-22,2024-02-01,2024-02-12,122,On-Time,MAT101,Steel Rod
PO1387,SUP001,AlphaSteel,2024-01-23,2024-02-10,2024-02-04,196,On-Time,MAT100,Steel Coil
PO1388,SUP003,CoreSteel,2024-01-24,2024-02-10,2024-02-22,191,On-Time,MAT100,Steel Coil
PO1389,SUP001,AlphaSteel,2024-01-25,2024-02-13,2024-02-14,98,Delayed,MAT101,Steel Rod
PO1390,SUP001,AlphaSteel,2024-01-26,2024-02-05,2024-02-05,137,On-Time,MAT104,Steel Sheet
PO1391,SUP004,DeltaIron,2024-01-27,2024-02-15,2024-02-21,138,On-Time,MAT101,Steel Rod
PO1392,SUP003,CoreSteel,2024-01-28,2024-02-10,2024-02-11,100,Delayed,MAT103,Steel Bar
PO1393,SUP004,DeltaIron,2024-01-29,2024-02-08,2024-02-21,40,Delayed,MAT101,Steel Rod
PO1394,SUP001,AlphaSteel,2024-01-30,2024-02-13,2024-02-14,120,On-Time,MAT104,Steel Sheet
PO1395,SUP002,BetaMetals,2024-01-31,2024-02-11,2024-02-13,131,On-Time,MAT102,Steel Plate
PO1396,SUP004,DeltaIron,2024-02-01,2024-02-14,2024-02-26,148,Delayed,MAT100,Steel Coil
PO1397,SUP004,DeltaIron,2024-02-02,2024-02-16,2024-02-26,166,On-Time,MAT104,Steel Sheet
PO1398,SUP001,AlphaSteel,2024-02-03,2024-02-13,2024-03-02,114,On-Time,MAT101,Steel Rod
PO1399,SUP004,DeltaIron,2024-02-04,2024-02-23,2024-02-16,169,On-Time,MAT103,Steel Bar
PO1400,SUP004,DeltaIron,2024-02-05,2024-02-17,2024-02-18,84,Delayed,MAT100,Steel Coil
PO1401,SUP001,AlphaSteel,2024-02-06,2024-02-17,2024-03-03,191,On-Time,MAT103,Steel Bar
PO1402,SUP002,BetaMetals,2024-02-07,2024-02-25,2024-03-04,192,On-Time,MAT102,Steel Plate
PO1403,SUP005,PrimeSteel,2024-02-08,2024-02-18,2024-03-07,123,Delayed,MAT103,Steel Bar
PO1404,SUP004,DeltaIron,2024-02-09,2024-02-19,2024-03-01,180,On-Time,MAT101,Steel Rod
PO1405,SUP005,PrimeSteel,2024-02-10,2024-02-29,2024-02-23,125,On-Time,MAT104,Steel Sheet
PO1406,SUP004,DeltaIron,2024-02-11,2024-02-23,2024-03-08,172,On-Time,MAT103,Steel Bar
PO1407,SUP001,AlphaSteel,2024-02-12,2024-02-26,2024-03-07,113,On-Time,MAT102,Steel Plate
PO1408,SUP003,CoreSteel,2024-02-13,2024-02-29,2024-02-25,86,On-Time,MAT103,Steel Bar
PO1409,SUP002,BetaMetals,2024-02-14,2024-03-03,2024-02-29,137,On-Time,MAT102,Steel Plate
PO1410,SUP004,DeltaIron,2024-02-15,2024-03-05,2024-03-06,16,On-Time,MAT103,Steel Bar
PO1411,SUP002,BetaMetals,2024-02-16,2024-03-01,2024-03-02,171,On-Time,MAT104,Steel Sheet
PO1412,SUP005,PrimeSteel,2024-02-17,2024-03-05,2024-03-05,142,On-Time,MAT104,Steel Sheet
PO1413,SUP003,CoreSteel,2024-02-18,2024-03-05,2024-03-02,134,Delayed,MAT101,Steel Rod
PO1414,SUP001,AlphaSteel,2024-02-19,2024-03-09,2024-03-07,182,Delayed,MAT103,Steel Bar
PO1415,SUP002,BetaMetals,2024-02-20,2024-03-10,2024-03-16,196,On-Time,MAT104,Steel Sheet
PO1416,SUP003,CoreSteel,2024-02-21,2024-03-03,2024-03-06,86,On-Time,MAT100,Steel Coil
PO1417,SUP003,CoreSteel,2024-02-22,2024-03-04,2024-03-15,149,On-Time,MAT102,Steel Plate
PO1418,SUP004,DeltaIron,2024-02-23,2024-03-07,2024-03-23,95,Delayed,MAT100,Steel Coil
PO1419,SUP004,DeltaIron,2024-02-24,2024-03-06,2024-03-11,166,Delayed,MAT103,Steel Bar
PO1420,SUP002,BetaMetals,2024-02-25,2024-03-15,2024-03-06,63,On-Time,MAT101,Steel Rod
PO1421,SUP005,PrimeSteel,2024-02-26,2024-03-15,2024-03-11,156,Delayed,MAT100,Steel Coil
PO1422,SUP003,CoreSteel,2024-02-27,2024-03-12,2024-03-08,26,On-Time,MAT103,Steel Bar
PO1423,SUP002,BetaMetals,2024-02-28,2024-03-15,2024-03-24,129,Delayed,MAT101,Steel Rod
PO1424,SUP001,AlphaSteel,2024-02-29,2024-03-10,2024-03-29,165,On-Time,MAT102,Steel Plate
PO1425,SUP001,AlphaSteel,2024-03-01,2024-03-12,2024-03-23,178,Delayed,MAT101,Steel Rod
PO1426,SUP004,DeltaIron,2024-03-02,2024-03-12,2024-03-18,113,On-Time,MAT103,Steel Bar
PO1427,SUP004,DeltaIron,2024-03-03,2024-03-16,2024-03-21,42,On-Time,MAT100,Steel Coil
PO1428,SUP005,PrimeSteel,2024-03-04,2024-03-20,2024-03-26,107,On-Time,MAT102,Steel Plate
PO1429,SUP002,BetaMetals,2024-03-05,2024-03-20,2024-03-31,19,On-Time,MAT103,Steel Bar
PO1430,SUP002,BetaMetals,2024-03-06,2024-03-24,2024-03-29,195,On-Time,MAT104,Steel Sheet
PO1431,SUP003,CoreSteel,2024-03-07,2024-03-24,2024-03-30,106,On-Time,MAT103,Steel Bar
PO1432,SUP004,DeltaIron,2024-03-08,2024-03-18,2024-04-04,184,On-Time,MAT100,Steel Coil
PO1433,SUP004,DeltaIron,2024-03-09,2024-03-26,2024-04-06,145,On-Time,MAT103,Steel Bar
PO1434,SUP003,CoreSteel,2024-03-10,2024-03-25,2024-04-05,194,Delayed,MAT103,Steel Bar
PO1435,SUP003,CoreSteel,2024-03-11,2024-03-25,2024-03-24,110,On-Time,MAT100,Steel Coil
PO1436,SUP005,PrimeSteel,2024-03-12,2024-03-29,2024-03-30,86,On-Time,MAT104,Steel Sheet
PO1437,SUP002,BetaMetals,2024-03-13,2024-03-23,2024-04-09,182,Delayed,MAT104,Steel Sheet
PO1438,SUP002,BetaMetals,2024-03-14,2024-03-24,2024-03-25,79,On-Time,MAT104,Steel Sheet
PO1439,SUP002,BetaMetals,2024-03-15,2024-03-25,2024-03-31,147,On-Time,MAT100,Steel Coil
PO1440,SUP004,DeltaIron,2024-03-16,2024-03-30,2024-04-14,97,On-Time,MAT103,Steel Bar
PO1441,SUP002,BetaMetals,2024-03-17,2024-03-28,2024-04-01,198,On-Time,MAT100,Steel Coil
PO1442,SUP001,AlphaSteel,2024-03-18,2024-04-05,2024-04-01,133,On-Time,MAT103,Steel Bar
PO1443,SUP002,BetaMetals,2024-03-19,2024-04-05,2024-04-16,75,On-Time,MAT102,Steel Plate
PO1444,SUP003,CoreSteel,2024-03-20,2024-04-07,2024-03-30,104,Delayed,MAT103,Steel Bar
PO1445,SUP004,DeltaIron,2024-03-21,2024-04-01,2024-04-17,71,Delayed,MAT100,Steel Coil
PO1446,SUP004,DeltaIron,2024-03-22,2024-04-01,2024-04-10,74,On-Time,MAT103,Steel Bar
PO1447,SUP004,DeltaIron,2024-03-23,2024-04-11,2024-04-17,140,On-Time,MAT104,Steel Sheet
PO1448,SUP001,AlphaSteel,2024-03-24,2024-04-10,2024-04-18,172,On-Time,MAT101,Steel Rod
PO1449,SUP002,BetaMetals,2024-03-25,2024-04-08,2024-04-20,147,On-Time,MAT100,Steel Coil
PO1450,SUP005,PrimeSteel,2024-03-26,2024-04-08,2024-04-13,135,On-Time,MAT100,Steel Coil
PO1451,SUP003,CoreSteel,2024-03-27,2024-04-06,2024-04-19,63,On-Time,MAT100,Steel Coil
PO1452,SUP005,PrimeSteel,2024-03-28,2024-04-13,2024-04-22,131,Delayed,MAT100,Steel Coil
PO1453,SUP003,CoreSteel,2024-03-29,2024-04-09,2024-04-23,61,Delayed,MAT101,Steel Rod
PO1454,SUP002,BetaMetals,2024-03-30,2024-04-17,2024-04-15,182,Delayed,MAT102,Steel Plate
PO1455,SUP001,AlphaSteel,2024-03-31,2024-04-16,2024-04-18,126,On-Time,MAT100,Steel Coil
PO1456,SUP003,CoreSteel,2024-04-01,2024-04-18,2024-04-19,40,On-Time,MAT104,Steel Sheet
PO1457,SUP001,AlphaSteel,2024-04-02,2024-04-18,2024-04-19,186,On-Time,MAT100,Steel Coil
PO1458,SUP005,PrimeSteel,2024-04-03,2024-04-17,2024-04-26,87,Delayed,MAT101,Steel Rod
PO1459,SUP004,DeltaIron,2024-04-04,2024-04-15,2024-04-26,75,On-Time,MAT102,Steel Plate
PO1460,SUP002,BetaMetals,2024-04-05,2024-04-20,2024-04-27,49,Delayed,MAT102,Steel Plate
PO1461,SUP003,CoreSteel,2024-04-06,2024-04-18,2024-04-30,34,On-Time,MAT104,Steel Sheet
PO1462,SUP002,BetaMetals,2024-04-07,2024-04-17,2024-04-24,144,Delayed,MAT104,Steel Sheet
PO1463,SUP005,PrimeSteel,2024-04-08,2024-04-22,2024-05-05,34,On-Time,MAT100,Steel Coil
PO1464,SUP004,DeltaIron,2024-04-09,2024-04-20,2024-05-05,145,On-Time,MAT103,Steel Bar
PO1465,SUP004,DeltaIron,2024-04-10,2024-04-28,2024-05-09,165,Delayed,MAT100,Steel Coil
PO1466,SUP002,BetaMetals,2024-04-11,2024-04-29,2024-05-01,113,On-Time,MAT104,Steel Sheet
PO1467,SUP003,CoreSteel,2024-04-12,2024-05-01,2024-05-09,112,On-Time,MAT101,Steel Rod
PO1468,SUP003,CoreSteel,2024-04-13,2024-05-02,2024-05-03,170,Delayed,MAT100,Steel Coil
PO1469,SUP005,PrimeSteel,2024-04-14,2024-05-03,2024-05-10,30,Delayed,MAT101,Steel Rod
PO1470,SUP002,BetaMetals,2024-04-15,2024-04-25,2024-05-10,143,On-Time,MAT102,Steel Plate
PO1471,SUP005,PrimeSteel,2024-04-16,2024-05-02,2024-04-30,160,On-Time,MAT101,Steel Rod
PO1472,SUP003,CoreSteel,2024-04-17,2024-04-29,2024-05-14,190,On-Time,MAT102,Steel Plate
PO1473,SUP005,PrimeSteel,2024-04-18,2024-05-06,2024-05-17,154,On-Time,MAT104,Steel Sheet
PO1474,SUP005,PrimeSteel,2024-04-19,2024-05-07,2024-04-30,10,Delayed,MAT103,Steel Bar
PO1475,SUP002,BetaMetals,2024-04-20,2024-05-08,2024-05-19,22,Delayed,MAT104,Steel Sheet
PO1476,SUP004,DeltaIron,2024-04-21,2024-05-01,2024-05-03,91,On-Time,MAT102,Steel Plate
PO1477,SUP003,CoreSteel,2024-04-22,2024-05-05,2024-05-14,123,Delayed,MAT102,Steel Plate
PO1478,SUP003,CoreSteel,2024-04-23,2024-05-11,2024-05-07,97,On-Time,MAT101,Steel Rod
PO1479,SUP001,AlphaSteel,2024-04-24,2024-05-10,2024-05-09,123,On-Time,MAT102,Steel Plate
PO1480,SUP002,BetaMetals,2024-04-25,2024-05-12,2024-05-15,95,On-Time,MAT101,Steel Rod
PO1481,SUP002,BetaMetals,2024-04-26,2024-05-06,2024-05-24,172,On-Time,MAT104,Steel Sheet
PO1482,SUP005,PrimeSteel,2024-04-27,2024-05-10,2024-05-20,112,Delayed,MAT101,Steel Rod
PO1483,SUP001,AlphaSteel,2024-04-28,2024-05-16,2024-05-13,29,On-Time,MAT100,Steel Coil
PO1484,SUP001,AlphaSteel,2024-04-29,2024-05-15,2024-05-09,137,Delayed,MAT104,Steel Sheet
PO1485,SUP004,DeltaIron,2024-04-30,2024-05-12,2024-05-12,17,On-Time,MAT103,Steel Bar
PO1486,SUP003,CoreSteel,2024-05-01,2024-05-18,2024-05-17,130,On-Time,MAT100,Steel Coil
PO1487,SUP001,AlphaSteel,2024-05-02,2024-05-12,2024-05-24,125,Delayed,MAT103,Steel Bar
PO1488,SUP004,DeltaIron,2024-05-03,2024-05-15,2024-05-23,178,Delayed,MAT104,Steel Sheet
PO1489,SUP002,BetaMetals,2024-05-04,2024-05-19,2024-05-14,183,On-Time,MAT101,Steel Rod
PO1490,SUP004,DeltaIron,2024-05-05,2024-05-22,2024-05-24,164,On-Time,MAT100,Steel Coil
PO1491,SUP004,DeltaIron,2024-05-06,2024-05-23,2024-05-20,86,On-Time,MAT100,Steel Coil
PO1492,SUP004,DeltaIron,2024-05-07,2024-05-22,2024-05-17,168,On-Time,MAT104,Steel Sheet
PO1493,SUP002,BetaMetals,2024-05-08,2024-05-22,2024-05-26,138,Delayed,MAT102,Steel Plate
PO1494,SUP002,BetaMetals,2024-05-09,2024-05-23,2024-06-07,173,On-Time,MAT104,Steel Sheet
PO1495,SUP003,CoreSteel,2024-05-10,2024-05-27,2024-06-01,161,On-Time,MAT104,Steel Sheet
PO1496,SUP001,AlphaSteel,2024-05-11,2024-05-21,2024-06-04,41,On-Time,MAT103,Steel Bar
PO1497,SUP002,BetaMetals,2024-05-12,2024-05-29,2024-06-09,111,On-Time,MAT100,Steel Coil
PO1498,SUP001,AlphaSteel,2024-05-13,2024-05-23,2024-06-09,10,Delayed,MAT100,Steel Coil
PO1499,SUP002,BetaMetals,2024-05-14,2024-05-28,2024-05-31,45,On-Time,MAT102,Steel Plate
PO1500,SUP005,PrimeSteel,2024-05-15,2024-05-31,2024-06-12,114,Delayed,MAT101,Steel Rod
PO1501,SUP005,PrimeSteel,2024-05-16,2024-05-27,2024-05-28,147,On-Time,MAT102,Steel Plate
PO1502,SUP004,DeltaIron,2024-05-17,2024-05-29,2024-06-10,23,On-Time,MAT103,Steel Bar
PO1503,SUP001,AlphaSteel,2024-05-18,2024-06-04,2024-06-15,25,On-Time,MAT103,Steel Bar
PO1504,SUP005,PrimeSteel,2024-05-19,2024-06-02,2024-06-13,99,On-Time,MAT104,Steel Sheet
PO1505,SUP001,AlphaSteel,2024-05-20,2024-06-05,2024-06-05,45,On-Time,MAT101,Steel Rod
PO1506,SUP001,AlphaSteel,2024-05-21,2024-06-01,2024-06-02,93,On-Time,MAT101,Steel Rod
PO1507,SUP001,AlphaSteel,2024-05-22,2024-06-05,2024-06-10,113,On-Time,MAT104,Steel Sheet
PO1508,SUP005,PrimeSteel,2024-05-23,2024-06-11,2024-06-12,32,Delayed,MAT103,Steel Bar
PO1509,SUP005,PrimeSteel,2024-05-24,2024-06-07,2024-06-15,42,On-Time,MAT101,Steel Rod
PO1510,SUP005,PrimeSteel,2024-05-25,2024-06-04,2024-06-17,66,On-Time,MAT104,Steel Sheet
PO1511,SUP002,BetaMetals,2024-05-26,2024-06-08,2024-06-24,162,On-Time,MAT104,Steel Sheet
PO1512,SUP004,DeltaIron,2024-05-27,2024-06-11,2024-06-19,119,Delayed,MAT102,Steel Plate
PO1513,SUP002,BetaMetals,2024-05-28,2024-06-09,2024-06-15,123,On-Time,MAT100,Steel Coil
PO1514,SUP005,PrimeSteel,2024-05-29,2024-06-11,2024-06-09,187,On-Time,MAT101,Steel Rod
PO1515,SUP004,DeltaIron,2024-05-30,2024-06-09,2024-06-14,117,Delayed,MAT103,Steel Bar
PO1516,SUP001,AlphaSteel,2024-05-31,2024-06-13,2024-06-23,137,On-Time,MAT101,Steel Rod
PO1517,SUP001,AlphaSteel,2024-06-01,2024-06-15,2024-06-13,27,Delayed,MAT102,Steel Plate
PO1518,SUP003,CoreSteel,2024-06-02,2024-06-17,2024-06-26,177,Delayed,MAT100,Steel Coil
PO1519,SUP004,DeltaIron,2024-06-03,2024-06-20,2024-07-02,44,On-Time,MAT103,Steel Bar
PO1520,SUP003,CoreSteel,2024-06-04,2024-06-20,2024-06-25,171,Delayed,MAT100,Steel Coil
PO1521,SUP003,CoreSteel,2024-06-05,2024-06-15,2024-06-27,73,On-Time,MAT102,Steel Plate
PO1522,SUP002,BetaMetals,2024-06-06,2024-06-19,2024-06-28,118,On-Time,MAT102,Steel Plate
PO1523,SUP005,PrimeSteel,2024-06-07,2024-06-23,2024-06-25,78,Delayed,MAT104,Steel Sheet
PO1524,SUP005,PrimeSteel,2024-06-08,2024-06-22,2024-07-03,143,On-Time,MAT101,Steel Rod
PO1525,SUP005,PrimeSteel,2024-06-09,2024-06-22,2024-06-24,65,Delayed,MAT101,Steel Rod
PO1526,SUP001,AlphaSteel,2024-06-10,2024-06-22,2024-07-06,134,On-Time,MAT103,Steel Bar
PO1527,SUP001,AlphaSteel,2024-06-11,2024-06-28,2024-06-30,26,Delayed,MAT101,Steel Rod
PO1528,SUP005,PrimeSteel,2024-06-12,2024-06-24,2024-06-29,141,Delayed,MAT101,Steel Rod
PO1529,SUP002,BetaMetals,2024-06-13,2024-06-30,2024-06-26,17,Delayed,MAT103,Steel Bar
PO1530,SUP001,AlphaSteel,2024-06-14,2024-06-24,2024-06-28,183,Delayed,MAT101,Steel Rod
PO1531,SUP001,AlphaSteel,2024-06-15,2024-06-29,2024-07-09,84,On-Time,MAT100,Steel Coil
PO1532,SUP001,AlphaSteel,2024-06-16,2024-07-04,2024-07-08,47,On-Time,MAT100,Steel Coil
PO1533,SUP001,AlphaSteel,2024-06-17,2024-07-01,2024-06-28,69,On-Time,MAT104,Steel Sheet
PO1534,SUP001,AlphaSteel,2024-06-18,2024-06-30,2024-07-15,43,On-Time,MAT103,Steel Bar
PO1535,SUP005,PrimeSteel,2024-06-19,2024-07-08,2024-06-29,52,On-Time,MAT104,Steel Sheet
PO1536,SUP005,PrimeSteel,2024-06-20,2024-07-05,2024-07-18,97,On-Time,MAT102,Steel Plate
PO1537,SUP004,DeltaIron,2024-06-21,2024-07-01,2024-07-07,67,On-Time,MAT103,Steel Bar
PO1538,SUP004,DeltaIron,2024-06-22,2024-07-03,2024-07-06,14,On-Time,MAT101,Steel Rod
PO1539,SUP001,AlphaSteel,2024-06-23,2024-07-03,2024-07-14,142,Delayed,MAT101,Steel Rod
PO1540,SUP004,DeltaIron,2024-06-24,2024-07-12,2024-07-17,126,On-Time,MAT104,Steel Sheet
PO1541,SUP003,CoreSteel,2024-06-25,2024-07-12,2024-07-06,166,On-Time,MAT102,Steel Plate
PO1542,SUP003,CoreSteel,2024-06-26,2024-07-11,2024-07-16,153,Delayed,MAT104,Steel Sheet
PO1543,SUP004,DeltaIron,2024-06-27,2024-07-10,2024-07-13,109,On-Time,MAT101,Steel Rod
PO1544,SUP003,CoreSteel,2024-06-28,2024-07-08,2024-07-11,154,On-Time,MAT103,Steel Bar
PO1545,SUP004,DeltaIron,2024-06-29,2024-07-14,2024-07-15,92,Delayed,MAT101,Steel Rod
PO1546,SUP003,CoreSteel,2024-06-30,2024-07-15,2024-07-27,138,On-Time,MAT103,Steel Bar
PO1547,SUP002,BetaMetals,2024-07-01,2024-07-15,2024-07-24,81,On-Time,MAT103,Steel Bar
PO1548,SUP004,DeltaIron,2024-07-02,2024-07-17,2024-07-28,135,Delayed,MAT100,Steel Coil
PO1549,SUP004,DeltaIron,2024-07-03,2024-07-21,2024-07-13,135,On-Time,MAT102,Steel Plate
PO1550,SUP002,BetaMetals,2024-07-04,2024-07-23,2024-07-15,184,Delayed,MAT104,Steel Sheet
PO1551,SUP003,CoreSteel,2024-07-05,2024-07-21,2024-07-31,95,On-Time,MAT104,Steel Sheet
PO1552,SUP005,PrimeSteel,2024-07-06,2024-07-21,2024-07-26,151,On-Time,MAT101,Steel Rod
PO1553,SUP001,AlphaSteel,2024-07-07,2024-07-24,2024-08-01,23,On-Time,MAT103,Steel Bar
PO1554,SUP003,CoreSteel,2024-07-08,2024-07-19,2024-07-31,50,Delayed,MAT104,Steel Sheet
PO1555,SUP005,PrimeSteel,2024-07-09,2024-07-27,2024-08-06,55,On-Time,MAT103,Steel Bar
PO1556,SUP003,CoreSteel,2024-07-10,2024-07-23,2024-08-03,95,Delayed,MAT101,Steel Rod
PO1557,SUP003,CoreSteel,2024-07-11,2024-07-26,2024-08-05,135,On-Time,MAT102,Steel Plate
PO1558,SUP002,BetaMetals,2024-07-12,2024-07-26,2024-08-02,92,On-Time,MAT104,Steel Sheet
PO1559,SUP002,BetaMetals,2024-07-13,2024-08-01,2024-07-28,119,Delayed,MAT100,Steel Coil
PO1560,SUP001,AlphaSteel,2024-07-14,2024-07-27,2024-08-06,159,On-Time,MAT101,Steel Rod
PO1561,SUP001,AlphaSteel,2024-07-15,2024-08-01,2024-08-02,61,Delayed,MAT103,Steel Bar
PO1562,SUP002,BetaMetals,2024-07-16,2024-07-31,2024-07-27,101,On-Time,MAT102,Steel Plate
PO1563,SUP002,BetaMetals,2024-07-17,2024-07-29,2024-08-08,18,Delayed,MAT100,Steel Coil
PO1564,SUP002,BetaMetals,2024-07-18,2024-07-28,2024-08-03,199,Delayed,MAT102,Steel Plate
PO1565,SUP005,PrimeSteel,2024-07-19,2024-07-30,2024-08-14,133,On-Time,MAT102,Steel Plate
PO1566,SUP001,AlphaSteel,2024-07-20,2024-08-04,2024-08-16,60,Delayed,MAT102,Steel Plate
PO1567,SUP005,PrimeSteel,2024-07-21,2024-08-05,2024-08-11,148,On-Time,MAT100,Steel Coil
PO1568,SUP002,BetaMetals,2024-07-22,2024-08-06,2024-08-07,184,Delayed,MAT100,Steel Coil
PO1569,SUP002,BetaMetals,2024-07-23,2024-08-07,2024-08-03,179,On-Time,MAT104,Steel Sheet
PO1570,SUP003,CoreSteel,2024-07-24,2024-08-03,2024-08-22,97,On-Time,MAT103,Steel Bar
PO1571,SUP001,AlphaSteel,2024-07-25,2024-08-13,2024-08-04,36,On-Time,MAT103,Steel Bar
PO1572,SUP005,PrimeSteel,2024-07-26,2024-08-12,2024-08-22,38,On-Time,MAT104,Steel Sheet
PO1573,SUP004,DeltaIron,2024-07-27,2024-08-12,2024-08-23,98,On-Time,MAT104,Steel Sheet
PO1574,SUP003,CoreSteel,2024-07-28,2024-08-10,2024-08-08,46,Delayed,MAT101,Steel Rod
PO1575,SUP004,DeltaIron,2024-07-29,2024-08-14,2024-08-26,37,On-Time,MAT103,Steel Bar
PO1576,SUP003,CoreSteel,2024-07-30,2024-08-18,2024-08-15,141,On-Time,MAT104,Steel Sheet
PO1577,SUP003,CoreSteel,2024-07-31,2024-08-16,2024-08-12,41,On-Time,MAT103,Steel Bar
PO1578,SUP004,DeltaIron,2024-08-01,2024-08-14,2024-08-22,90,On-Time,MAT103,Steel Bar
PO1579,SUP005,PrimeSteel,2024-08-02,2024-08-18,2024-08-27,176,On-Time,MAT104,Steel Sheet
PO1580,SUP003,CoreSteel,2024-08-03,2024-08-18,2024-08-16,159,On-Time,MAT104,Steel Sheet
PO1581,SUP001,AlphaSteel,2024-08-04,2024-08-16,2024-08-14,189,Delayed,MAT102,Steel Plate
PO1582,SUP001,AlphaSteel,2024-08-05,2024-08-19,2024-08-22,92,Delayed,MAT102,Steel Plate
PO1583,SUP005,PrimeSteel,2024-08-06,2024-08-16,2024-08-18,155,Delayed,MAT101,Steel Rod
PO1584,SUP001,AlphaSteel,2024-08-07,2024-08-23,2024-08-26,44,On-Time,MAT103,Steel Bar
PO1585,SUP005,PrimeSteel,2024-08-08,2024-08-20,2024-08-27,99,On-Time,MAT104,Steel Sheet
PO1586,SUP003,CoreSteel,2024-08-09,2024-08-28,2024-08-28,81,On-Time,MAT100,Steel Coil
PO1587,SUP004,DeltaIron,2024-08-10,2024-08-26,2024-08-21,84,On-Time,MAT103,Steel Bar
PO1588,SUP001,AlphaSteel,2024-08-11,2024-08-27,2024-09-06,103,Delayed,MAT103,Steel Bar
PO1589,SUP001,AlphaSteel,2024-08-12,2024-08-29,2024-09-03,159,On-Time,MAT104,Steel Sheet
PO1590,SUP001,AlphaSteel,2024-08-13,2024-08-31,2024-08-27,186,Delayed,MAT100,Steel Coil
PO1591,SUP004,DeltaIron,2024-08-14,2024-08-31,2024-09-07,145,Delayed,MAT101,Steel Rod
PO1592,SUP001,AlphaSteel,2024-08-15,2024-09-03,2024-09-08,15,On-Time,MAT101,Steel Rod
PO1593,SUP005,PrimeSteel,2024-08-16,2024-09-04,2024-08-27,85,On-Time,MAT103,Steel Bar
PO1594,SUP005,PrimeSteel,2024-08-17,2024-08-27,2024-09-09,132,On-Time,MAT101,Steel Rod
PO1595,SUP002,BetaMetals,2024-08-18,2024-08-28,2024-09-03,24,On-Time,MAT100,Steel Coil
PO1596,SUP003,CoreSteel,2024-08-19,2024-09-04,2024-09-02,178,Delayed,MAT100,Steel Coil
PO1597,SUP003,CoreSteel,2024-08-20,2024-09-04,2024-08-30,24,Delayed,MAT101,Steel Rod
PO1598,SUP002,BetaMetals,2024-08-21,2024-09-04,2024-09-13,129,Delayed,MAT104,Steel Sheet
PO1599,SUP001,AlphaSteel,2024-08-22,2024-09-10,2024-09-11,117,Delayed,MAT104,Steel Sheet
PO1600,SUP001,AlphaSteel,2024-08-23,2024-09-06,2024-09-15,47,Delayed,MAT101,Steel Rod
PO1601,SUP004,DeltaIron,2024-08-24,2024-09-07,2024-09-16,10,On-Time,MAT102,Steel Plate
PO1602,SUP001,AlphaSteel,2024-08-25,2024-09-06,2024-09-20,119,On-Time,MAT101,Steel Rod
PO1603,SUP002,BetaMetals,2024-08-26,2024-09-08,2024-09-16,90,On-Time,MAT104,Steel Sheet
PO1604,SUP002,BetaMetals,2024-08-27,2024-09-07,2024-09-20,166,On-Time,MAT103,Steel Bar
PO1605,SUP003,CoreSteel,2024-08-28,2024-09-08,2024-09-14,30,On-Time,MAT103,Steel Bar
PO1606,SUP004,DeltaIron,2024-08-29,2024-09-16,2024-09-26,108,On-Time,MAT102,Steel Plate
PO1607,SUP005,PrimeSteel,2024-08-30,2024-09-09,2024-09-17,83,On-Time,MAT101,Steel Rod
PO1608,SUP005,PrimeSteel,2024-08-31,2024-09-14,2024-09-22,150,On-Time,MAT101,Steel Rod
PO1609,SUP003,CoreSteel,2024-09-01,2024-09-19,2024-09-18,71,On-Time,MAT104,Steel Sheet
PO1610,SUP002,BetaMetals,2024-09-02,2024-09-16,2024-09-13,21,On-Time,MAT104,Steel Sheet
PO1611,SUP004,DeltaIron,2024-09-03,2024-09-16,2024-10-02,135,On-Time,MAT103,Steel Bar
PO1612,SUP002,BetaMetals,2024-09-04,2024-09-17,2024-10-03,32,Delayed,MAT100,Steel Coil
PO1613,SUP005,PrimeSteel,2024-09-05,2024-09-24,2024-09-20,133,Delayed,MAT103,Steel Bar
PO1614,SUP002,BetaMetals,2024-09-06,2024-09-19,2024-09-23,149,On-Time,MAT104,Steel Sheet
PO1615,SUP002,BetaMetals,2024-09-07,2024-09-21,2024-09-19,146,Delayed,MAT103,Steel Bar
PO1616,SUP005,PrimeSteel,2024-09-08,2024-09-22,2024-09-22,110,On-Time,MAT103,Steel Bar
PO1617,SUP002,BetaMetals,2024-09-09,2024-09-19,2024-09-21,153,Delayed,MAT102,Steel Plate
PO1618,SUP002,BetaMetals,2024-09-10,2024-09-22,2024-09-20,101,On-Time,MAT101,Steel Rod
PO1619,SUP003,CoreSteel,2024-09-11,2024-09-30,2024-10-03,72,On-Time,MAT101,Steel Rod
PO1620,SUP005,PrimeSteel,2024-09-12,2024-09-22,2024-10-01,28,Delayed,MAT104,Steel Sheet
PO1621,SUP004,DeltaIron,2024-09-13,2024-09-23,2024-10-05,105,On-Time,MAT102,Steel Plate
PO1622,SUP001,AlphaSteel,2024-09-14,2024-09-28,2024-10-13,38,Delayed,MAT100,Steel Coil
PO1623,SUP003,CoreSteel,2024-09-15,2024-10-04,2024-10-11,187,On-Time,MAT101,Steel Rod
PO1624,SUP005,PrimeSteel,2024-09-16,2024-10-03,2024-10-05,184,On-Time,MAT101,Steel Rod
PO1625,SUP005,PrimeSteel,2024-09-17,2024-10-02,2024-10-15,188,On-Time,MAT100,Steel Coil
PO1626,SUP003,CoreSteel,2024-09-18,2024-10-04,2024-10-01,166,On-Time,MAT100,Steel Coil
PO1627,SUP002,BetaMetals,2024-09-19,2024-10-05,2024-10-11,77,On-Time,MAT102,Steel Plate
PO1628,SUP002,BetaMetals,2024-09-20,2024-09-30,2024-10-07,72,On-Time,MAT104,Steel Sheet
PO1629,SUP002,BetaMetals,2024-09-21,2024-10-08,2024-10-12,191,On-Time,MAT100,Steel Coil
PO1630,SUP003,CoreSteel,2024-09-22,2024-10-11,2024-10-18,15,Delayed,MAT100,Steel Coil
PO1631,SUP001,AlphaSteel,2024-09-23,2024-10-06,2024-10-18,91,Delayed,MAT100,Steel Coil
PO1632,SUP001,AlphaSteel,2024-09-24,2024-10-05,2024-10-22,43,On-Time,MAT103,Steel Bar
PO1633,SUP001,AlphaSteel,2024-09-25,2024-10-14,2024-10-17,40,On-Time,MAT101,Steel Rod
PO1634,SUP005,PrimeSteel,2024-09-26,2024-10-11,2024-10-21,101,Delayed,MAT103,Steel Bar
PO1635,SUP002,BetaMetals,2024-09-27,2024-10-08,2024-10-21,49,Delayed,MAT103,Steel Bar
PO1636,SUP003,CoreSteel,2024-09-28,2024-10-17,2024-10-18,90,On-Time,MAT101,Steel Rod
PO1637,SUP005,PrimeSteel,2024-09-29,2024-10-12,2024-10-18,11,On-Time,MAT104,Steel Sheet
PO1638,SUP003,CoreSteel,2024-09-30,2024-10-11,2024-10-12,70,On-Time,MAT103,Steel Bar
PO1639,SUP001,AlphaSteel,2024-10-01,2024-10-11,2024-10-28,117,Delayed,MAT100,Steel Coil
PO1640,SUP004,DeltaIron,2024-10-02,2024-10-14,2024-10-18,164,On-Time,MAT103,Steel Bar
PO1641,SUP002,BetaMetals,2024-10-03,2024-10-15,2024-10-18,63,On-Time,MAT104,Steel Sheet
PO1642,SUP003,CoreSteel,2024-10-04,2024-10-21,2024-10-29,95,On-Time,MAT103,Steel Bar
PO1643,SUP001,AlphaSteel,2024-10-05,2024-10-24,2024-10-29,135,On-Time,MAT104,Steel Sheet
PO1644,SUP004,DeltaIron,2024-10-06,2024-10-17,2024-10-22,161,Delayed,MAT101,Steel Rod
PO1645,SUP005,PrimeSteel,2024-10-07,2024-10-25,2024-10-22,190,On-Time,MAT102,Steel Plate
PO1646,SUP003,CoreSteel,2024-10-08,2024-10-27,2024-10-31,101,On-Time,MAT102,Steel Plate
PO1647,SUP002,BetaMetals,2024-10-09,2024-10-20,2024-11-02,76,On-Time,MAT104,Steel Sheet
PO1648,SUP003,CoreSteel,2024-10-10,2024-10-25,2024-10-23,113,On-Time,MAT100,Steel Coil
PO1649,SUP005,PrimeSteel,2024-10-11,2024-10-29,2024-11-05,169,On-Time,MAT103,Steel Bar
PO1650,SUP001,AlphaSteel,2024-10-12,2024-10-28,2024-11-09,59,On-Time,MAT104,Steel Sheet
PO1651,SUP002,BetaMetals,2024-10-13,2024-10-28,2024-11-03,85,On-Time,MAT104,Steel Sheet
PO1652,SUP002,BetaMetals,2024-10-14,2024-10-27,2024-11-03,48,On-Time,MAT103,Steel Bar
PO1653,SUP002,BetaMetals,2024-10-15,2024-10-31,2024-11-09,169,Delayed,MAT102,Steel Plate
PO1654,SUP004,DeltaIron,2024-10-16,2024-10-26,2024-11-07,101,On-Time,MAT101,Steel Rod
PO1655,SUP001,AlphaSteel,2024-10-17,2024-11-05,2024-11-07,120,On-Time,MAT104,Steel Sheet
PO1656,SUP001,AlphaSteel,2024-10-18,2024-11-03,2024-10-28,192,Delayed,MAT103,Steel Bar
PO1657,SUP001,AlphaSteel,2024-10-19,2024-10-30,2024-11-02,21,On-Time,MAT101,Steel Rod
PO1658,SUP004,DeltaIron,2024-10-20,2024-11-04,2024-11-04,197,On-Time,MAT103,Steel Bar
PO1659,SUP002,BetaMetals,2024-10-21,2024-11-09,2024-11-17,102,On-Time,MAT101,Steel Rod
PO1660,SUP005,PrimeSteel,2024-10-22,2024-11-02,2024-11-04,116,Delayed,MAT104,Steel Sheet
PO1661,SUP002,BetaMetals,2024-10-23,2024-11-03,2024-11-11,162,On-Time,MAT103,Steel Bar
PO1662,SUP005,PrimeSteel,2024-10-24,2024-11-05,2024-11-12,121,On-Time,MAT104,Steel Sheet
PO1663,SUP004,DeltaIron,2024-10-25,2024-11-10,2024-11-08,181,On-Time,MAT102,Steel Plate
PO1664,SUP005,PrimeSteel,2024-10-26,2024-11-12,2024-11-24,30,Delayed,MAT104,Steel Sheet
PO1665,SUP001,AlphaSteel,2024-10-27,2024-11-12,2024-11-20,175,On-Time,MAT101,Steel Rod
PO1666,SUP002,BetaMetals,2024-10-28,2024-11-14,2024-11-15,145,Delayed,MAT103,Steel Bar
PO1667,SUP003,CoreSteel,2024-10-29,2024-11-14,2024-11-20,95,Delayed,MAT100,Steel Coil
PO1668,SUP002,BetaMetals,2024-10-30,2024-11-18,2024-11-28,90,Delayed,MAT104,Steel Sheet
PO1669,SUP002,BetaMetals,2024-10-31,2024-11-18,2024-11-27,135,On-Time,MAT100,Steel Coil
PO1670,SUP002,BetaMetals,2024-11-01,2024-11-20,2024-11-17,112,Delayed,MAT101,Steel Rod
PO1671,SUP003,CoreSteel,2024-11-02,2024-11-18,2024-11-22,184,Delayed,MAT101,Steel Rod
PO1672,SUP003,CoreSteel,2024-11-03,2024-11-22,2024-11-29,126,On-Time,MAT101,Steel Rod
PO1673,SUP001,AlphaSteel,2024-11-04,2024-11-22,2024-11-27,156,On-Time,MAT102,Steel Plate
PO1674,SUP003,CoreSteel,2024-11-05,2024-11-17,2024-12-04,77,Delayed,MAT104,Steel Sheet
PO1675,SUP005,PrimeSteel,2024-11-06,2024-11-22,2024-12-02,20,On-Time,MAT101,Steel Rod
PO1676,SUP003,CoreSteel,2024-11-07,2024-11-25,2024-12-02,180,On-Time,MAT103,Steel Bar
PO1677,SUP002,BetaMetals,2024-11-08,2024-11-19,2024-11-27,124,On-Time,MAT101,Steel Rod
PO1678,SUP001,AlphaSteel,2024-11-09,2024-11-22,2024-11-22,196,On-Time,MAT104,Steel Sheet
PO1679,SUP003,CoreSteel,2024-11-10,2024-11-20,2024-11-23,75,On-Time,MAT104,Steel Sheet
PO1680,SUP003,CoreSteel,2024-11-11,2024-11-24,2024-11-29,188,On-Time,MAT103,Steel Bar
PO1681,SUP004,DeltaIron,2024-11-12,2024-11-27,2024-11-23,56,On-Time,MAT102,Steel Plate
PO1682,SUP003,CoreSteel,2024-11-13,2024-11-28,2024-12-12,40,Delayed,MAT103,Steel Bar
PO1683,SUP004,DeltaIron,2024-11-14,2024-12-01,2024-11-30,62,On-Time,MAT103,Steel Bar
PO1684,SUP002,BetaMetals,2024-11-15,2024-11-26,2024-12-02,61,Delayed,MAT100,Steel Coil
PO1685,SUP003,CoreSteel,2024-11-16,2024-11-29,2024-11-26,133,On-Time,MAT101,Steel Rod
PO1686,SUP005,PrimeSteel,2024-11-17,2024-12-01,2024-12-02,132,Delayed,MAT100,Steel Coil
PO1687,SUP003,CoreSteel,2024-11-18,2024-11-29,2024-12-13,142,On-Time,MAT104,Steel Sheet
PO1688,SUP005,PrimeSteel,2024-11-19,2024-12-01,2024-12-04,107,On-Time,MAT104,Steel Sheet
PO1689,SUP001,AlphaSteel,2024-11-20,2024-12-03,2024-12-11,178,Delayed,MAT100,Steel Coil
PO1690,SUP001,AlphaSteel,2024-11-21,2024-12-05,2024-12-09,151,On-Time,MAT103,Steel Bar
PO1691,SUP001,AlphaSteel,2024-11-22,2024-12-05,2024-12-12,44,Delayed,MAT104,Steel Sheet
PO1692,SUP003,CoreSteel,2024-11-23,2024-12-06,2024-12-08,73,Delayed,MAT103,Steel Bar
PO1693,SUP003,CoreSteel,2024-11-24,2024-12-05,2024-12-22,43,On-Time,MAT102,Steel Plate
PO1694,SUP002,BetaMetals,2024-11-25,2024-12-05,2024-12-11,116,Delayed,MAT101,Steel Rod
PO1695,SUP003,CoreSteel,2024-11-26,2024-12-07,2024-12-19,24,Delayed,MAT103,Steel Bar
PO1696,SUP003,CoreSteel,2024-11-27,2024-12-14,2024-12-20,134,Delayed,MAT104,Steel Sheet
PO1697,SUP001,AlphaSteel,2024-11-28,2024-12-13,2024-12-21,91,On-Time,MAT104,Steel Sheet
PO1698,SUP003,CoreSteel,2024-11-29,2024-12-18,2024-12-10,141,On-Time,MAT103,Steel Bar
PO1699,SUP004,DeltaIron,2024-11-30,2024-12-12,2024-12-26,113,On-Time,MAT100,Steel Coil
PO1700,SUP002,BetaMetals,2024-12-01,2024-12-16,2024-12-19,24,On-Time,MAT101,Steel Rod
PO1701,SUP003,CoreSteel,2024-12-02,2024-12-15,2024-12-12,152,On-Time,MAT104,Steel Sheet
PO1702,SUP001,AlphaSteel,2024-12-03,2024-12-19,2024-12-27,164,Delayed,MAT101,Steel Rod
PO1703,SUP001,AlphaSteel,2024-12-04,2024-12-14,2024-12-24,84,On-Time,MAT101,Steel Rod
PO1704,SUP005,PrimeSteel,2024-12-05,2024-12-23,2024-12-22,67,On-Time,MAT104,Steel Sheet
PO1705,SUP004,DeltaIron,2024-12-06,2024-12-22,2024-12-20,147,On-Time,MAT104,Steel Sheet
PO1706,SUP002,BetaMetals,2024-12-07,2024-12-22,2024-12-24,170,On-Time,MAT104,Steel Sheet
PO1707,SUP004,DeltaIron,2024-12-08,2024-12-27,2025-01-06,51,On-Time,MAT102,Steel Plate
PO1708,SUP001,AlphaSteel,2024-12-09,2024-12-25,2025-01-04,99,On-Time,MAT103,Steel Bar
PO1709,SUP001,AlphaSteel,2024-12-10,2024-12-29,2025-01-05,122,On-Time,MAT103,Steel Bar
PO1710,SUP002,BetaMetals,2024-12-11,2024-12-25,2024-12-26,39,Delayed,MAT101,Steel Rod
PO1711,SUP002,BetaMetals,2024-12-12,2024-12-22,2025-01-08,128,Delayed,MAT100,Steel Coil
PO1712,SUP004,DeltaIron,2024-12-13,2024-12-28,2024-12-27,121,On-Time,MAT104,Steel Sheet
PO1713,SUP002,BetaMetals,2024-12-14,2024-12-30,2025-01-05,161,Delayed,MAT100,Steel Coil
PO1714,SUP003,CoreSteel,2024-12-15,2024-12-31,2024-12-31,103,On-Time,MAT103,Steel Bar
PO1715,SUP002,BetaMetals,2024-12-16,2025-01-01,2024-12-30,195,Delayed,MAT100,Steel Coil
PO1716,SUP004,DeltaIron,2024-12-17,2024-12-31,2025-01-15,82,On-Time,MAT101,Steel Rod
PO1717,SUP001,AlphaSteel,2024-12-18,2025-01-06,2025-01-16,131,On-Time,MAT102,Steel Plate
PO1718,SUP002,BetaMetals,2024-12-19,2024-12-29,2025-01-14,75,Delayed,MAT103,Steel Bar
PO1719,SUP001,AlphaSteel,2024-12-20,2025-01-07,2025-01-02,160,On-Time,MAT104,Steel Sheet
PO1720,SUP002,BetaMetals,2024-12-21,2025-01-05,2025-01-05,172,On-Time,MAT101,Steel Rod
PO1721,SUP004,DeltaIron,2024-12-22,2025-01-09,2025-01-13,43,On-Time,MAT101,Steel Rod
PO1722,SUP001,AlphaSteel,2024-12-23,2025-01-08,2025-01-13,120,Delayed,MAT103,Steel Bar
PO1723,SUP005,PrimeSteel,2024-12-24,2025-01-06,2025-01-16,156,On-Time,MAT103,Steel Bar
PO1724,SUP002,BetaMetals,2024-12-25,2025-01-11,2025-01-17,162,On-Time,MAT101,Steel Rod
PO1725,SUP002,BetaMetals,2024-12-26,2025-01-07,2025-01-11,110,On-Time,MAT104,Steel Sheet
PO1726,SUP005,PrimeSteel,2024-12-27,2025-01-06,2025-01-11,133,On-Time,MAT100,Steel Coil
PO1727,SUP002,BetaMetals,2024-12-28,2025-01-09,2025-01-22,169,On-Time,MAT102,Steel Plate
PO1728,SUP005,PrimeSteel,2024-12-29,2025-01-15,2025-01-17,145,Delayed,MAT103,Steel Bar
PO1729,SUP004,DeltaIron,2024-12-30,2025-01-12,2025-01-21,129,On-Time,MAT103,Steel Bar
PO1730,SUP001,AlphaSteel,2024-12-31,2025-01-16,2025-01-17,131,On-Time,MAT102,Steel Plate
PO1731,SUP002,BetaMetals,2025-01-01,2025-01-17,2025-01-24,110,On-Time,MAT103,Steel Bar
PO1732,SUP001,AlphaSteel,2025-01-02,2025-01-19,2025-01-21,31,On-Time,MAT102,Steel Plate
PO1733,SUP005,PrimeSteel,2025-01-03,2025-01-18,2025-01-18,113,On-Time,MAT103,Steel Bar
PO1734,SUP004,DeltaIron,2025-01-04,2025-01-19,2025-01-15,71,Delayed,MAT102,Steel Plate
PO1735,SUP003,CoreSteel,2025-01-05,2025-01-21,2025-01-17,14,On-Time,MAT100,Steel Coil
PO1736,SUP003,CoreSteel,2025-01-06,2025-01-25,2025-01-23,77,On-Time,MAT103,Steel Bar
PO1737,SUP002,BetaMetals,2025-01-07,2025-01-22,2025-02-03,53,On-Time,MAT102,Steel Plate
PO1738,SUP004,DeltaIron,2025-01-08,2025-01-27,2025-01-23,62,Delayed,MAT103,Steel Bar
PO1739,SUP004,DeltaIron,2025-01-09,2025-01-19,2025-01-22,29,Delayed,MAT100,Steel Coil
PO1740,SUP003,CoreSteel,2025-01-10,2025-01-28,2025-02-06,169,Delayed,MAT100,Steel Coil
PO1741,SUP003,CoreSteel,2025-01-11,2025-01-24,2025-01-21,133,On-Time,MAT103,Steel Bar
PO1742,SUP005,PrimeSteel,2025-01-12,2025-01-28,2025-02-06,149,On-Time,MAT101,Steel Rod
PO1743,SUP003,CoreSteel,2025-01-13,2025-01-29,2025-02-07,198,On-Time,MAT101,Steel Rod
PO1744,SUP005,PrimeSteel,2025-01-14,2025-01-25,2025-01-31,47,On-Time,MAT103,Steel Bar
PO1745,SUP005,PrimeSteel,2025-01-15,2025-01-28,2025-01-31,66,On-Time,MAT100,Steel Coil
PO1746,SUP001,AlphaSteel,2025-01-16,2025-01-29,2025-02-14,74,On-Time,MAT100,Steel Coil
PO1747,SUP005,PrimeSteel,2025-01-17,2025-01-31,2025-02-10,40,Delayed,MAT102,Steel Plate
PO1748,SUP002,BetaMetals,2025-01-18,2025-01-28,2025-02-03,193,On-Time,MAT101,Steel Rod
PO1749,SUP003,CoreSteel,2025-01-19,2025-02-02,2025-02-05,177,On-Time,MAT101,Steel Rod
PO1750,SUP002,BetaMetals,2025-01-20,2025-01-31,2025-02-10,115,Delayed,MAT101,Steel Rod
PO1751,SUP003,CoreSteel,2025-01-21,2025-02-06,2025-02-11,113,Delayed,MAT101,Steel Rod
PO1752,SUP003,CoreSteel,2025-01-22,2025-02-04,2025-02-03,154,On-Time,MAT100,Steel Coil
PO1753,SUP002,BetaMetals,2025-01-23,2025-02-08,2025-02-15,168,Delayed,MAT103,Steel Bar
PO1754,SUP005,PrimeSteel,2025-01-24,2025-02-03,2025-02-20,148,On-Time,MAT103,Steel Bar
PO1755,SUP002,BetaMetals,2025-01-25,2025-02-12,2025-02-11,166,Delayed,MAT100,Steel Coil
PO1756,SUP003,CoreSteel,2025-01-26,2025-02-09,2025-02-08,115,On-Time,MAT102,Steel Plate
PO1757,SUP001,AlphaSteel,2025-01-27,2025-02-13,2025-02-12,155,On-Time,MAT101,Steel Rod
PO1758,SUP003,CoreSteel,2025-01-28,2025-02-15,2025-02-20,191,On-Time,MAT104,Steel Sheet
PO1759,SUP004,DeltaIron,2025-01-29,2025-02-16,2025-02-18,161,On-Time,MAT100,Steel Coil
PO1760,SUP003,CoreSteel,2025-01-30,2025-02-18,2025-02-18,116,On-Time,MAT101,Steel Rod
PO1761,SUP001,AlphaSteel,2025-01-31,2025-02-18,2025-02-20,14,On-Time,MAT100,Steel Coil
PO1762,SUP005,PrimeSteel,2025-02-01,2025-02-12,2025-02-17,109,On-Time,MAT103,Steel Bar
PO1763,SUP003,CoreSteel,2025-02-02,2025-02-12,2025-02-20,91,On-Time,MAT102,Steel Plate
PO1764,SUP002,BetaMetals,2025-02-03,2025-02-13,2025-03-02,79,On-Time,MAT100,Steel Coil
PO1765,SUP004,DeltaIron,2025-02-04,2025-02-21,2025-02-27,36,Delayed,MAT104,Steel Sheet
PO1766,SUP002,BetaMetals,2025-02-05,2025-02-20,2025-03-02,26,On-Time,MAT103,Steel Bar
PO1767,SUP002,BetaMetals,2025-02-06,2025-02-17,2025-02-22,98,Delayed,MAT103,Steel Bar
PO1768,SUP003,CoreSteel,2025-02-07,2025-02-19,2025-03-08,40,Delayed,MAT101,Steel Rod
PO1769,SUP005,PrimeSteel,2025-02-08,2025-02-26,2025-03-01,77,On-Time,MAT100,Steel Coil
PO1770,SUP003,CoreSteel,2025-02-09,2025-02-25,2025-02-19,43,On-Time,MAT100,Steel Coil
PO1771,SUP003,CoreSteel,2025-02-10,2025-02-23,2025-02-21,122,On-Time,MAT100,Steel Coil
PO1772,SUP004,DeltaIron,2025-02-11,2025-02-21,2025-03-12,175,On-Time,MAT101,Steel Rod
PO1773,SUP003,CoreSteel,2025-02-12,2025-03-02,2025-03-12,87,On-Time,MAT100,Steel Coil
PO1774,SUP001,AlphaSteel,2025-02-13,2025-02-27,2025-03-09,95,Delayed,MAT104,Steel Sheet
PO1775,SUP005,PrimeSteel,2025-02-14,2025-02-24,2025-03-11,32,On-Time,MAT100,Steel Coil
PO1776,SUP001,AlphaSteel,2025-02-15,2025-03-06,2025-03-12,119,On-Time,MAT103,Steel Bar
PO1777,SUP004,DeltaIron,2025-02-16,2025-03-04,2025-03-03,187,On-Time,MAT103,Steel Bar
PO1778,SUP001,AlphaSteel,2025-02-17,2025-02-27,2025-03-12,71,On-Time,MAT101,Steel Rod
PO1779,SUP005,PrimeSteel,2025-02-18,2025-03-07,2025-03-04,93,Delayed,MAT103,Steel Bar
PO1780,SUP003,CoreSteel,2025-02-19,2025-03-02,2025-03-15,82,On-Time,MAT100,Steel Coil
PO1781,SUP002,BetaMetals,2025-02-20,2025-03-07,2025-03-15,90,On-Time,MAT101,Steel Rod
PO1782,SUP003,CoreSteel,2025-02-21,2025-03-06,2025-03-05,16,Delayed,MAT103,Steel Bar
PO1783,SUP005,PrimeSteel,2025-02-22,2025-03-08,2025-03-22,41,On-Time,MAT104,Steel Sheet
PO1784,SUP002,BetaMetals,2025-02-23,2025-03-11,2025-03-13,74,On-Time,MAT101,Steel Rod
PO1785,SUP001,AlphaSteel,2025-02-24,2025-03-07,2025-03-16,51,On-Time,MAT103,Steel Bar
PO1786,SUP005,PrimeSteel,2025-02-25,2025-03-09,2025-03-17,160,On-Time,MAT100,Steel Coil
PO1787,SUP005,PrimeSteel,2025-02-26,2025-03-08,2025-03-11,107,On-Time,MAT102,Steel Plate
PO1788,SUP002,BetaMetals,2025-02-27,2025-03-17,2025-03-24,82,Delayed,MAT103,Steel Bar
PO1789,SUP004,DeltaIron,2025-02-28,2025-03-19,2025-03-23,76,Delayed,MAT101,Steel Rod
PO1790,SUP004,DeltaIron,2025-03-01,2025-03-19,2025-03-15,69,On-Time,MAT104,Steel Sheet
PO1791,SUP002,BetaMetals,2025-03-02,2025-03-13,2025-03-23,158,On-Time,MAT102,Steel Plate
PO1792,SUP003,CoreSteel,2025-03-03,2025-03-22,2025-03-14,87,On-Time,MAT102,Steel Plate
PO1793,SUP001,AlphaSteel,2025-03-04,2025-03-21,2025-03-20,53,On-Time,MAT102,Steel Plate
PO1794,SUP003,CoreSteel,2025-03-05,2025-03-15,2025-03-31,11,On-Time,MAT104,Steel Sheet
PO1795,SUP001,AlphaSteel,2025-03-06,2025-03-25,2025-03-19,151,On-Time,MAT101,Steel Rod
PO1796,SUP005,PrimeSteel,2025-03-07,2025-03-17,2025-03-25,146,Delayed,MAT102,Steel Plate
PO1797,SUP002,BetaMetals,2025-03-08,2025-03-26,2025-03-19,40,On-Time,MAT101,Steel Rod
PO1798,SUP004,DeltaIron,2025-03-09,2025-03-26,2025-04-05,165,On-Time,MAT102,Steel Plate
PO1799,SUP001,AlphaSteel,2025-03-10,2025-03-20,2025-04-02,165,On-Time,MAT102,Steel Plate
PO1800,SUP005,PrimeSteel,2025-03-11,2025-03-22,2025-04-05,141,On-Time,MAT102,Steel Plate
PO1801,SUP005,PrimeSteel,2025-03-12,2025-03-23,2025-03-30,159,On-Time,MAT100,Steel Coil
PO1802,SUP003,CoreSteel,2025-03-13,2025-03-26,2025-03-25,72,On-Time,MAT101,Steel Rod
PO1803,SUP003,CoreSteel,2025-03-14,2025-03-29,2025-04-01,173,Delayed,MAT102,Steel Plate
PO1804,SUP005,PrimeSteel,2025-03-15,2025-03-27,2025-03-25,51,On-Time,MAT100,Steel Coil
PO1805,SUP005,PrimeSteel,2025-03-16,2025-03-29,2025-04-11,127,Delayed,MAT101,Steel Rod
PO1806,SUP001,AlphaSteel,2025-03-17,2025-04-05,2025-04-10,159,On-Time,MAT103,Steel Bar
PO1807,SUP005,PrimeSteel,2025-03-18,2025-04-01,2025-04-13,88,On-Time,MAT104,Steel Sheet
PO1808,SUP004,DeltaIron,2025-03-19,2025-04-04,2025-04-10,96,On-Time,MAT104,Steel Sheet
PO1809,SUP003,CoreSteel,2025-03-20,2025-04-06,2025-04-16,168,Delayed,MAT100,Steel Coil
PO1810,SUP004,DeltaIron,2025-03-21,2025-04-02,2025-04-04,69,On-Time,MAT102,Steel Plate
PO1811,SUP003,CoreSteel,2025-03-22,2025-04-02,2025-04-03,57,On-Time,MAT102,Steel Plate
PO1812,SUP004,DeltaIron,2025-03-23,2025-04-06,2025-04-15,182,On-Time,MAT101,Steel Rod
PO1813,SUP001,AlphaSteel,2025-03-24,2025-04-05,2025-04-08,26,On-Time,MAT100,Steel Coil
PO1814,SUP002,BetaMetals,2025-03-25,2025-04-08,2025-04-12,129,Delayed,MAT101,Steel Rod
PO1815,SUP005,PrimeSteel,2025-03-26,2025-04-06,2025-04-10,157,On-Time,MAT103,Steel Bar
PO1816,SUP004,DeltaIron,2025-03-27,2025-04-12,2025-04-20,136,On-Time,MAT101,Steel Rod
PO1817,SUP004,DeltaIron,2025-03-28,2025-04-15,2025-04-20,10,On-Time,MAT101,Steel Rod
PO1818,SUP004,DeltaIron,2025-03-29,2025-04-10,2025-04-11,49,On-Time,MAT102,Steel Plate
PO1819,SUP001,AlphaSteel,2025-03-30,2025-04-10,2025-04-20,88,On-Time,MAT103,Steel Bar
PO1820,SUP005,PrimeSteel,2025-03-31,2025-04-18,2025-04-21,54,On-Time,MAT104,Steel Sheet
PO1821,SUP003,CoreSteel,2025-04-01,2025-04-17,2025-04-21,100,On-Time,MAT102,Steel Plate
PO1822,SUP005,PrimeSteel,2025-04-02,2025-04-13,2025-04-29,152,On-Time,MAT102,Steel Plate
PO1823,SUP003,CoreSteel,2025-04-03,2025-04-13,2025-04-19,65,On-Time,MAT101,Steel Rod
PO1824,SUP004,DeltaIron,2025-04-04,2025-04-18,2025-04-28,152,On-Time,MAT100,Steel Coil
PO1825,SUP004,DeltaIron,2025-04-05,2025-04-23,2025-04-26,185,Delayed,MAT100,Steel Coil
PO1826,SUP004,DeltaIron,2025-04-06,2025-04-18,2025-04-26,105,Delayed,MAT100,Steel Coil
PO1827,SUP002,BetaMetals,2025-04-07,2025-04-23,2025-04-25,146,On-Time,MAT101,Steel Rod
PO1828,SUP003,CoreSteel,2025-04-08,2025-04-23,2025-04-30,12,On-Time,MAT104,Steel Sheet
PO1829,SUP004,DeltaIron,2025-04-09,2025-04-26,2025-05-03,45,On-Time,MAT104,Steel Sheet
PO1830,SUP003,CoreSteel,2025-04-10,2025-04-28,2025-05-03,51,Delayed,MAT101,Steel Rod
PO1831,SUP002,BetaMetals,2025-04-11,2025-04-27,2025-04-26,57,On-Time,MAT102,Steel Plate
PO1832,SUP005,PrimeSteel,2025-04-12,2025-05-01,2025-04-26,147,Delayed,MAT102,Steel Plate
PO1833,SUP002,BetaMetals,2025-04-13,2025-04-23,2025-05-12,197,On-Time,MAT101,Steel Rod
PO1834,SUP004,DeltaIron,2025-04-14,2025-05-03,2025-04-27,182,On-Time,MAT101,Steel Rod
PO1835,SUP002,BetaMetals,2025-04-15,2025-04-30,2025-05-03,143,Delayed,MAT103,Steel Bar
PO1836,SUP001,AlphaSteel,2025-04-16,2025-05-03,2025-05-15,44,On-Time,MAT103,Steel Bar
PO1837,SUP002,BetaMetals,2025-04-17,2025-05-02,2025-05-07,185,On-Time,MAT103,Steel Bar
PO1838,SUP005,PrimeSteel,2025-04-18,2025-05-01,2025-05-01,123,On-Time,MAT104,Steel Sheet
PO1839,SUP002,BetaMetals,2025-04-19,2025-04-29,2025-05-01,117,On-Time,MAT100,Steel Coil
PO1840,SUP001,AlphaSteel,2025-04-20,2025-05-01,2025-05-06,165,On-Time,MAT102,Steel Plate
PO1841,SUP002,BetaMetals,2025-04-21,2025-05-03,2025-05-10,171,On-Time,MAT100,Steel Coil
PO1842,SUP005,PrimeSteel,2025-04-22,2025-05-02,2025-05-07,71,Delayed,MAT101,Steel Rod
PO1843,SUP002,BetaMetals,2025-04-23,2025-05-08,2025-05-13,94,On-Time,MAT103,Steel Bar
PO1844,SUP003,CoreSteel,2025-04-24,2025-05-11,2025-05-13,91,Delayed,MAT103,Steel Bar
PO1845,SUP001,AlphaSteel,2025-04-25,2025-05-05,2025-05-23,116,On-Time,MAT103,Steel Bar
PO1846,SUP004,DeltaIron,2025-04-26,2025-05-11,2025-05-20,53,On-Time,MAT101,Steel Rod
PO1847,SUP005,PrimeSteel,2025-04-27,2025-05-12,2025-05-24,153,On-Time,MAT100,Steel Coil
PO1848,SUP001,AlphaSteel,2025-04-28,2025-05-08,2025-05-12,176,On-Time,MAT104,Steel Sheet
PO1849,SUP002,BetaMetals,2025-04-29,2025-05-18,2025-05-25,118,Delayed,MAT103,Steel Bar
PO1850,SUP002,BetaMetals,2025-04-30,2025-05-17,2025-05-22,136,On-Time,MAT104,Steel Sheet
PO1851,SUP005,PrimeSteel,2025-05-01,2025-05-12,2025-05-30,180,Delayed,MAT104,Steel Sheet
PO1852,SUP005,PrimeSteel,2025-05-02,2025-05-20,2025-05-31,42,On-Time,MAT100,Steel Coil
PO1853,SUP004,DeltaIron,2025-05-03,2025-05-20,2025-06-01,80,On-Time,MAT104,Steel Sheet
PO1854,SUP001,AlphaSteel,2025-05-04,2025-05-16,2025-05-25,65,Delayed,MAT102,Steel Plate
PO1855,SUP005,PrimeSteel,2025-05-05,2025-05-24,2025-05-28,18,Delayed,MAT102,Steel Plate
PO1856,SUP003,CoreSteel,2025-05-06,2025-05-21,2025-05-28,169,Delayed,MAT103,Steel Bar
PO1857,SUP004,DeltaIron,2025-05-07,2025-05-23,2025-05-29,67,On-Time,MAT101,Steel Rod
PO1858,SUP003,CoreSteel,2025-05-08,2025-05-18,2025-05-27,115,On-Time,MAT102,Steel Plate
PO1859,SUP002,BetaMetals,2025-05-09,2025-05-25,2025-05-29,11,On-Time,MAT104,Steel Sheet
PO1860,SUP004,DeltaIron,2025-05-10,2025-05-27,2025-06-08,47,On-Time,MAT103,Steel Bar
PO1861,SUP002,BetaMetals,2025-05-11,2025-05-27,2025-05-28,179,Delayed,MAT102,Steel Plate
PO1862,SUP001,AlphaSteel,2025-05-12,2025-05-23,2025-06-10,41,On-Time,MAT103,Steel Bar
PO1863,SUP001,AlphaSteel,2025-05-13,2025-05-27,2025-05-23,60,On-Time,MAT101,Steel Rod
PO1864,SUP003,CoreSteel,2025-05-14,2025-06-01,2025-06-12,101,On-Time,MAT103,Steel Bar
PO1865,SUP001,AlphaSteel,2025-05-15,2025-05-31,2025-06-12,58,Delayed,MAT103,Steel Bar
PO1866,SUP002,BetaMetals,2025-05-16,2025-06-03,2025-06-02,172,On-Time,MAT102,Steel Plate
PO1867,SUP001,AlphaSteel,2025-05-17,2025-05-29,2025-06-11,28,On-Time,MAT103,Steel Bar
PO1868,SUP001,AlphaSteel,2025-05-18,2025-05-28,2025-05-31,13,On-Time,MAT101,Steel Rod
PO1869,SUP002,BetaMetals,2025-05-19,2025-05-30,2025-06-07,143,On-Time,MAT100,Steel Coil
PO1870,SUP004,DeltaIron,2025-05-20,2025-05-31,2025-06-12,45,Delayed,MAT101,Steel Rod
PO1871,SUP003,CoreSteel,2025-05-21,2025-06-07,2025-06-16,129,On-Time,MAT104,Steel Sheet
PO1872,SUP002,BetaMetals,2025-05-22,2025-06-05,2025-06-17,22,On-Time,MAT101,Steel Rod
PO1873,SUP004,DeltaIron,2025-05-23,2025-06-08,2025-06-13,34,On-Time,MAT103,Steel Bar
PO1874,SUP003,CoreSteel,2025-05-24,2025-06-04,2025-06-07,36,On-Time,MAT104,Steel Sheet
PO1875,SUP002,BetaMetals,2025-05-25,2025-06-06,2025-06-14,144,Delayed,MAT103,Steel Bar
PO1876,SUP005,PrimeSteel,2025-05-26,2025-06-07,2025-06-07,130,On-Time,MAT101,Steel Rod
PO1877,SUP005,PrimeSteel,2025-05-27,2025-06-13,2025-06-09,124,On-Time,MAT101,Steel Rod
PO1878,SUP001,AlphaSteel,2025-05-28,2025-06-15,2025-06-26,101,On-Time,MAT104,Steel Sheet
PO1879,SUP004,DeltaIron,2025-05-29,2025-06-13,2025-06-27,89,On-Time,MAT100,Steel Coil
PO1880,SUP003,CoreSteel,2025-05-30,2025-06-12,2025-06-25,99,On-Time,MAT101,Steel Rod
PO1881,SUP004,DeltaIron,2025-05-31,2025-06-16,2025-06-25,99,On-Time,MAT100,Steel Coil
PO1882,SUP005,PrimeSteel,2025-06-01,2025-06-14,2025-06-19,195,On-Time,MAT102,Steel Plate
PO1883,SUP001,AlphaSteel,2025-06-02,2025-06-19,2025-07-01,106,Delayed,MAT102,Steel Plate
PO1884,SUP002,BetaMetals,2025-06-03,2025-06-13,2025-06-17,100,On-Time,MAT103,Steel Bar
PO1885,SUP005,PrimeSteel,2025-06-04,2025-06-23,2025-06-25,41,On-Time,MAT101,Steel Rod
PO1886,SUP005,PrimeSteel,2025-06-05,2025-06-24,2025-06-29,179,On-Time,MAT102,Steel Plate
PO1887,SUP004,DeltaIron,2025-06-06,2025-06-20,2025-06-24,23,Delayed,MAT102,Steel Plate
PO1888,SUP004,DeltaIron,2025-06-07,2025-06-22,2025-07-06,57,Delayed,MAT103,Steel Bar
PO1889,SUP004,DeltaIron,2025-06-08,2025-06-27,2025-07-05,128,Delayed,MAT101,Steel Rod
PO1890,SUP001,AlphaSteel,2025-06-09,2025-06-22,2025-06-23,93,On-Time,MAT101,Steel Rod
PO1891,SUP002,BetaMetals,2025-06-10,2025-06-24,2025-06-29,142,Delayed,MAT104,Steel Sheet
PO1892,SUP001,AlphaSteel,2025-06-11,2025-06-26,2025-07-02,148,On-Time,MAT103,Steel Bar
PO1893,SUP005,PrimeSteel,2025-06-12,2025-07-01,2025-07-08,120,On-Time,MAT102,Steel Plate
PO1894,SUP004,DeltaIron,2025-06-13,2025-07-02,2025-06-26,97,On-Time,MAT101,Steel Rod
PO1895,SUP005,PrimeSteel,2025-06-14,2025-07-01,2025-06-27,100,On-Time,MAT102,Steel Plate
PO1896,SUP001,AlphaSteel,2025-06-15,2025-06-25,2025-06-25,179,Delayed,MAT100,Steel Coil
PO1897,SUP001,AlphaSteel,2025-06-16,2025-06-30,2025-06-26,118,On-Time,MAT102,Steel Plate
PO1898,SUP005,PrimeSteel,2025-06-17,2025-07-03,2025-07-05,19,Delayed,MAT103,Steel Bar
PO1899,SUP005,PrimeSteel,2025-06-18,2025-07-03,2025-07-11,147,On-Time,MAT103,Steel Bar
PO1900,SUP003,CoreSteel,2025-06-19,2025-06-29,2025-07-02,19,On-Time,MAT101,Steel Rod
PO1901,SUP002,BetaMetals,2025-06-20,2025-07-03,2025-07-07,197,On-Time,MAT100,Steel Coil
PO1902,SUP001,AlphaSteel,2025-06-21,2025-07-08,2025-07-14,157,On-Time,MAT104,Steel Sheet
PO1903,SUP002,BetaMetals,2025-06-22,2025-07-07,2025-07-15,108,On-Time,MAT104,Steel Sheet
PO1904,SUP005,PrimeSteel,2025-06-23,2025-07-03,2025-07-10,136,Delayed,MAT100,Steel Coil
PO1905,SUP005,PrimeSteel,2025-06-24,2025-07-09,2025-07-16,164,On-Time,MAT102,Steel Plate
PO1906,SUP003,CoreSteel,2025-06-25,2025-07-05,2025-07-14,33,On-Time,MAT102,Steel Plate
PO1907,SUP002,BetaMetals,2025-06-26,2025-07-08,2025-07-13,198,On-Time,MAT102,Steel Plate
PO1908,SUP004,DeltaIron,2025-06-27,2025-07-10,2025-07-16,116,On-Time,MAT102,Steel Plate
PO1909,SUP003,CoreSteel,2025-06-28,2025-07-09,2025-07-17,34,On-Time,MAT101,Steel Rod
PO1910,SUP004,DeltaIron,2025-06-29,2025-07-14,2025-07-25,140,On-Time,MAT102,Steel Plate
PO1911,SUP002,BetaMetals,2025-06-30,2025-07-13,2025-07-28,86,On-Time,MAT103,Steel Bar
PO1912,SUP002,BetaMetals,2025-07-01,2025-07-20,2025-07-18,159,On-Time,MAT103,Steel Bar
PO1913,SUP005,PrimeSteel,2025-07-02,2025-07-21,2025-07-28,112,On-Time,MAT103,Steel Bar
PO1914,SUP004,DeltaIron,2025-07-03,2025-07-22,2025-07-27,153,On-Time,MAT103,Steel Bar
PO1915,SUP002,BetaMetals,2025-07-04,2025-07-16,2025-07-16,86,Delayed,MAT101,Steel Rod
PO1916,SUP001,AlphaSteel,2025-07-05,2025-07-18,2025-07-18,183,Delayed,MAT101,Steel Rod
PO1917,SUP003,CoreSteel,2025-07-06,2025-07-18,2025-07-16,177,On-Time,MAT101,Steel Rod
PO1918,SUP003,CoreSteel,2025-07-07,2025-07-25,2025-07-29,198,On-Time,MAT104,Steel Sheet
PO1919,SUP003,CoreSteel,2025-07-08,2025-07-26,2025-07-21,62,Delayed,MAT101,Steel Rod
PO1920,SUP001,AlphaSteel,2025-07-09,2025-07-20,2025-08-07,198,On-Time,MAT100,Steel Coil
PO1921,SUP005,PrimeSteel,2025-07-10,2025-07-29,2025-07-21,122,Delayed,MAT104,Steel Sheet
PO1922,SUP005,PrimeSteel,2025-07-11,2025-07-26,2025-07-30,76,On-Time,MAT101,Steel Rod
PO1923,SUP005,PrimeSteel,2025-07-12,2025-07-28,2025-07-22,115,Delayed,MAT104,Steel Sheet
PO1924,SUP002,BetaMetals,2025-07-13,2025-07-26,2025-07-27,159,Delayed,MAT100,Steel Coil
PO1925,SUP004,DeltaIron,2025-07-14,2025-07-25,2025-07-24,137,On-Time,MAT100,Steel Coil
PO1926,SUP001,AlphaSteel,2025-07-15,2025-07-30,2025-08-02,33,Delayed,MAT104,Steel Sheet
PO1927,SUP005,PrimeSteel,2025-07-16,2025-07-27,2025-07-29,123,On-Time,MAT103,Steel Bar
PO1928,SUP005,PrimeSteel,2025-07-17,2025-08-03,2025-08-11,170,Delayed,MAT103,Steel Bar
PO1929,SUP001,AlphaSteel,2025-07-18,2025-08-02,2025-08-04,57,On-Time,MAT101,Steel Rod
PO1930,SUP003,CoreSteel,2025-07-19,2025-08-03,2025-08-13,129,On-Time,MAT100,Steel Coil
PO1931,SUP005,PrimeSteel,2025-07-20,2025-08-01,2025-08-04,154,Delayed,MAT101,Steel Rod
PO1932,SUP005,PrimeSteel,2025-07-21,2025-08-07,2025-08-18,65,Delayed,MAT104,Steel Sheet
PO1933,SUP005,PrimeSteel,2025-07-22,2025-08-05,2025-08-08,20,Delayed,MAT100,Steel Coil
PO1934,SUP001,AlphaSteel,2025-07-23,2025-08-02,2025-08-19,66,On-Time,MAT103,Steel Bar
PO1935,SUP003,CoreSteel,2025-07-24,2025-08-06,2025-08-18,34,On-Time,MAT103,Steel Bar
PO1936,SUP002,BetaMetals,2025-07-25,2025-08-10,2025-08-23,114,Delayed,MAT103,Steel Bar
PO1937,SUP004,DeltaIron,2025-07-26,2025-08-11,2025-08-18,46,Delayed,MAT101,Steel Rod
PO1938,SUP005,PrimeSteel,2025-07-27,2025-08-14,2025-08-15,194,Delayed,MAT103,Steel Bar
PO1939,SUP004,DeltaIron,2025-07-28,2025-08-07,2025-08-23,143,On-Time,MAT102,Steel Plate
PO1940,SUP002,BetaMetals,2025-07-29,2025-08-11,2025-08-17,76,On-Time,MAT102,Steel Plate
PO1941,SUP004,DeltaIron,2025-07-30,2025-08-15,2025-08-14,122,On-Time,MAT100,Steel Coil
PO1942,SUP003,CoreSteel,2025-07-31,2025-08-19,2025-08-13,100,On-Time,MAT104,Steel Sheet
PO1943,SUP001,AlphaSteel,2025-08-01,2025-08-17,2025-08-26,98,On-Time,MAT104,Steel Sheet
PO1944,SUP005,PrimeSteel,2025-08-02,2025-08-17,2025-08-18,181,Delayed,MAT104,Steel Sheet
PO1945,SUP001,AlphaSteel,2025-08-03,2025-08-17,2025-08-13,53,Delayed,MAT100,Steel Coil
PO1946,SUP001,AlphaSteel,2025-08-04,2025-08-20,2025-08-19,180,Delayed,MAT101,Steel Rod
PO1947,SUP002,BetaMetals,2025-08-05,2025-08-22,2025-08-24,65,On-Time,MAT102,Steel Plate
PO1948,SUP002,BetaMetals,2025-08-06,2025-08-24,2025-09-01,178,Delayed,MAT104,Steel Sheet
PO1949,SUP002,BetaMetals,2025-08-07,2025-08-24,2025-08-18,141,Delayed,MAT100,Steel Coil
PO1950,SUP004,DeltaIron,2025-08-08,2025-08-22,2025-09-04,29,On-Time,MAT103,Steel Bar
PO1951,SUP001,AlphaSteel,2025-08-09,2025-08-22,2025-08-29,57,On-Time,MAT100,Steel Coil
PO1952,SUP003,CoreSteel,2025-08-10,2025-08-25,2025-09-07,185,Delayed,MAT104,Steel Sheet
PO1953,SUP003,CoreSteel,2025-08-11,2025-08-24,2025-08-25,36,On-Time,MAT103,Steel Bar
PO1954,SUP001,AlphaSteel,2025-08-12,2025-08-23,2025-09-02,12,On-Time,MAT102,Steel Plate
PO1955,SUP001,AlphaSteel,2025-08-13,2025-08-24,2025-08-29,74,Delayed,MAT101,Steel Rod
PO1956,SUP005,PrimeSteel,2025-08-14,2025-09-01,2025-09-01,183,On-Time,MAT101,Steel Rod
PO1957,SUP002,BetaMetals,2025-08-15,2025-08-29,2025-08-31,64,Delayed,MAT103,Steel Bar
PO1958,SUP004,DeltaIron,2025-08-16,2025-09-01,2025-09-04,36,On-Time,MAT102,Steel Plate
PO1959,SUP005,PrimeSteel,2025-08-17,2025-09-04,2025-09-05,101,Delayed,MAT100,Steel Coil
PO1960,SUP002,BetaMetals,2025-08-18,2025-09-01,2025-09-03,196,On-Time,MAT100,Steel Coil
PO1961,SUP003,CoreSteel,2025-08-19,2025-08-31,2025-09-06,181,Delayed,MAT102,Steel Plate
PO1962,SUP005,PrimeSteel,2025-08-20,2025-08-31,2025-09-09,72,On-Time,MAT100,Steel Coil
PO1963,SUP002,BetaMetals,2025-08-21,2025-09-04,2025-09-05,39,Delayed,MAT104,Steel Sheet
PO1964,SUP001,AlphaSteel,2025-08-22,2025-09-10,2025-09-15,176,Delayed,MAT102,Steel Plate
PO1965,SUP004,DeltaIron,2025-08-23,2025-09-02,2025-09-12,21,On-Time,MAT100,Steel Coil
PO1966,SUP005,PrimeSteel,2025-08-24,2025-09-05,2025-09-12,58,Delayed,MAT101,Steel Rod
PO1967,SUP001,AlphaSteel,2025-08-25,2025-09-05,2025-09-14,166,On-Time,MAT100,Steel Coil
PO1968,SUP005,PrimeSteel,2025-08-26,2025-09-13,2025-09-11,151,On-Time,MAT104,Steel Sheet
PO1969,SUP004,DeltaIron,2025-08-27,2025-09-07,2025-09-07,100,On-Time,MAT104,Steel Sheet
PO1970,SUP005,PrimeSteel,2025-08-28,2025-09-12,2025-09-13,68,On-Time,MAT101,Steel Rod
PO1971,SUP005,PrimeSteel,2025-08-29,2025-09-15,2025-09-16,184,On-Time,MAT100,Steel Coil
PO1972,SUP003,CoreSteel,2025-08-30,2025-09-18,2025-09-24,137,On-Time,MAT100,Steel Coil
PO1973,SUP005,PrimeSteel,2025-08-31,2025-09-13,2025-09-10,33,On-Time,MAT102,Steel Plate
PO1974,SUP003,CoreSteel,2025-09-01,2025-09-19,2025-09-28,173,On-Time,MAT103,Steel Bar
PO1975,SUP002,BetaMetals,2025-09-02,2025-09-21,2025-09-19,109,On-Time,MAT104,Steel Sheet
PO1976,SUP001,AlphaSteel,2025-09-03,2025-09-17,2025-09-23,148,On-Time,MAT101,Steel Rod
PO1977,SUP004,DeltaIron,2025-09-04,2025-09-15,2025-10-02,190,On-Time,MAT103,Steel Bar
PO1978,SUP005,PrimeSteel,2025-09-05,2025-09-23,2025-09-30,89,On-Time,MAT102,Steel Plate
PO1979,SUP005,PrimeSteel,2025-09-06,2025-09-24,2025-09-18,192,On-Time,MAT104,Steel Sheet
PO1980,SUP003,CoreSteel,2025-09-07,2025-09-17,2025-09-17,103,On-Time,MAT103,Steel Bar
PO1981,SUP004,DeltaIron,2025-09-08,2025-09-20,2025-09-30,51,On-Time,MAT100,Steel Coil
PO1982,SUP001,AlphaSteel,2025-09-09,2025-09-22,2025-09-26,93,On-Time,MAT100,Steel Coil
PO1983,SUP001,AlphaSteel,2025-09-10,2025-09-27,2025-09-21,24,On-Time,MAT101,Steel Rod
PO1984,SUP002,BetaMetals,2025-09-11,2025-09-29,2025-10-10,59,On-Time,MAT100,Steel Coil
PO1985,SUP005,PrimeSteel,2025-09-12,2025-09-23,2025-10-06,134,On-Time,MAT101,Steel Rod
PO1986,SUP002,BetaMetals,2025-09-13,2025-09-24,2025-10-09,151,On-Time,MAT103,Steel Bar
PO1987,SUP005,PrimeSteel,2025-09-14,2025-09-25,2025-10-05,106,On-Time,MAT102,Steel Plate
PO1988,SUP001,AlphaSteel,2025-09-15,2025-10-01,2025-10-11,113,On-Time,MAT103,Steel Bar
PO1989,SUP002,BetaMetals,2025-09-16,2025-09-30,2025-09-30,155,Delayed,MAT100,Steel Coil
PO1990,SUP002,BetaMetals,2025-09-17,2025-10-02,2025-10-07,90,Delayed,MAT104,Steel Sheet
PO1991,SUP004,DeltaIron,2025-09-18,2025-10-02,2025-10-01,161,On-Time,MAT100,Steel Coil
PO1992,SUP002,BetaMetals,2025-09-19,2025-10-04,2025-10-16,127,On-Time,MAT103,Steel Bar
PO1993,SUP001,AlphaSteel,2025-09-20,2025-10-07,2025-09-30,39,Delayed,MAT100,Steel Coil
PO1994,SUP001,AlphaSteel,2025-09-21,2025-10-06,2025-10-12,151,Delayed,MAT100,Steel Coil
PO1995,SUP005,PrimeSteel,2025-09-22,2025-10-05,2025-10-19,42,Delayed,MAT103,Steel Bar
PO1996,SUP005,PrimeSteel,2025-09-23,2025-10-05,2025-10-14,166,On-Time,MAT102,Steel Plate
PO1997,SUP002,BetaMetals,2025-09-24,2025-10-08,2025-10-07,161,On-Time,MAT104,Steel Sheet
PO1998,SUP005,PrimeSteel,2025-09-25,2025-10-05,2025-10-23,92,Delayed,MAT100,Steel Coil
PO1999,SUP005,PrimeSteel,2025-09-26,2025-10-09,2025-10-25,61,On-Time,MAT101,Steel Rod
PO2000,SUP005,PrimeSteel,2025-09-27,2025-10-10,2025-10-15,56,On-Time,MAT103,Steel Bar
PO2001,SUP004,DeltaIron,2025-09-28,2025-10-11,2025-10-12,53,Delayed,MAT101,Steel Rod
PO2002,SUP003,CoreSteel,2025-09-29,2025-10-13,2025-10-17,35,Delayed,MAT104,Steel Sheet
PO2003,SUP004,DeltaIron,2025-09-30,2025-10-13,2025-10-17,29,On-Time,MAT100,Steel Coil
PO2004,SUP002,BetaMetals,2025-10-01,2025-10-20,2025-10-17,197,On-Time,MAT100,Steel Coil
PO2005,SUP003,CoreSteel,2025-10-02,2025-10-13,2025-10-29,142,On-Time,MAT101,Steel Rod
PO2006,SUP001,AlphaSteel,2025-10-03,2025-10-21,2025-10-20,53,On-Time,MAT101,Steel Rod
PO2007,SUP001,AlphaSteel,2025-10-04,2025-10-15,2025-10-26,182,On-Time,MAT102,Steel Plate
PO2008,SUP005,PrimeSteel,2025-10-05,2025-10-18,2025-10-22,59,Delayed,MAT101,Steel Rod
PO2009,SUP005,PrimeSteel,2025-10-06,2025-10-17,2025-10-22,136,On-Time,MAT103,Steel Bar
PO2010,SUP004,DeltaIron,2025-10-07,2025-10-23,2025-10-24,198,On-Time,MAT101,Steel Rod
PO2011,SUP002,BetaMetals,2025-10-08,2025-10-23,2025-10-25,34,On-Time,MAT101,Steel Rod
PO2012,SUP002,BetaMetals,2025-10-09,2025-10-27,2025-10-24,188,Delayed,MAT104,Steel Sheet
PO2013,SUP002,BetaMetals,2025-10-10,2025-10-29,2025-11-06,167,Delayed,MAT103,Steel Bar
PO2014,SUP002,BetaMetals,2025-10-11,2025-10-21,2025-10-30,175,On-Time,MAT102,Steel Plate
PO2015,SUP002,BetaMetals,2025-10-12,2025-10-28,2025-10-31,152,Delayed,MAT100,Steel Coil
PO2016,SUP004,DeltaIron,2025-10-13,2025-10-30,2025-11-08,199,On-Time,MAT102,Steel Plate
PO2017,SUP003,CoreSteel,2025-10-14,2025-10-29,2025-10-30,158,On-Time,MAT104,Steel Sheet
PO2018,SUP002,BetaMetals,2025-10-15,2025-10-29,2025-11-02,90,On-Time,MAT102,Steel Plate
PO2019,SUP005,PrimeSteel,2025-10-16,2025-10-27,2025-10-30,147,Delayed,MAT103,Steel Bar
PO2020,SUP001,AlphaSteel,2025-10-17,2025-11-05,2025-11-03,60,Delayed,MAT102,Steel Plate
PO2021,SUP005,PrimeSteel,2025-10-18,2025-11-04,2025-10-30,21,Delayed,MAT104,Steel Sheet
PO2022,SUP004,DeltaIron,2025-10-19,2025-10-30,2025-11-09,119,On-Time,MAT103,Steel Bar
PO2023,SUP002,BetaMetals,2025-10-20,2025-11-07,2025-11-16,104,On-Time,MAT100,Steel Coil
PO2024,SUP001,AlphaSteel,2025-10-21,2025-11-03,2025-10-31,141,On-Time,MAT100,Steel Coil
PO2025,SUP001,AlphaSteel,2025-10-22,2025-11-02,2025-11-08,15,Delayed,MAT104,Steel Sheet
PO2026,SUP003,CoreSteel,2025-10-23,2025-11-03,2025-11-11,194,On-Time,MAT101,Steel Rod
PO2027,SUP005,PrimeSteel,2025-10-24,2025-11-10,2025-11-13,146,On-Time,MAT103,Steel Bar
PO2028,SUP004,DeltaIron,2025-10-25,2025-11-06,2025-11-08,101,On-Time,MAT104,Steel Sheet
PO2029,SUP003,CoreSteel,2025-10-26,2025-11-07,2025-11-06,44,Delayed,MAT100,Steel Coil
PO2030,SUP002,BetaMetals,2025-10-27,2025-11-10,2025-11-12,175,On-Time,MAT103,Steel Bar
PO2031,SUP005,PrimeSteel,2025-10-28,2025-11-16,2025-11-22,30,On-Time,MAT102,Steel Plate
PO2032,SUP003,CoreSteel,2025-10-29,2025-11-16,2025-11-26,93,On-Time,MAT100,Steel Coil
PO2033,SUP002,BetaMetals,2025-10-30,2025-11-09,2025-11-26,32,Delayed,MAT104,Steel Sheet
PO2034,SUP002,BetaMetals,2025-10-31,2025-11-10,2025-11-14,92,Delayed,MAT102,Steel Plate
PO2035,SUP003,CoreSteel,2025-11-01,2025-11-16,2025-11-11,127,Delayed,MAT101,Steel Rod
PO2036,SUP003,CoreSteel,2025-11-02,2025-11-17,2025-11-24,50,On-Time,MAT100,Steel Coil
PO2037,SUP004,DeltaIron,2025-11-03,2025-11-15,2025-11-24,67,Delayed,MAT101,Steel Rod
PO2038,SUP005,PrimeSteel,2025-11-04,2025-11-18,2025-11-16,44,Delayed,MAT101,Steel Rod
PO2039,SUP002,BetaMetals,2025-11-05,2025-11-24,2025-11-23,150,On-Time,MAT102,Steel Plate
PO2040,SUP002,BetaMetals,2025-11-06,2025-11-24,2025-11-19,89,On-Time,MAT102,Steel Plate
PO2041,SUP002,BetaMetals,2025-11-07,2025-11-23,2025-11-26,115,Delayed,MAT104,Steel Sheet
PO2042,SUP003,CoreSteel,2025-11-08,2025-11-24,2025-11-25,147,On-Time,MAT100,Steel Coil
PO2043,SUP004,DeltaIron,2025-11-09,2025-11-27,2025-11-29,22,Delayed,MAT102,Steel Plate
PO2044,SUP005,PrimeSteel,2025-11-10,2025-11-25,2025-12-09,156,Delayed,MAT104,Steel Sheet
PO2045,SUP003,CoreSteel,2025-11-11,2025-11-27,2025-12-03,121,On-Time,MAT103,Steel Bar
PO2046,SUP002,BetaMetals,2025-11-12,2025-11-27,2025-11-27,156,Delayed,MAT100,Steel Coil
PO2047,SUP005,PrimeSteel,2025-11-13,2025-11-28,2025-11-24,106,On-Time,MAT100,Steel Coil
PO2048,SUP005,PrimeSteel,2025-11-14,2025-11-30,2025-12-03,79,Delayed,MAT101,Steel Rod
PO2049,SUP005,PrimeSteel,2025-11-15,2025-11-29,2025-11-27,186,Delayed,MAT102,Steel Plate
PO2050,SUP001,AlphaSteel,2025-11-16,2025-11-26,2025-12-07,103,On-Time,MAT103,Steel Bar
PO2051,SUP003,CoreSteel,2025-11-17,2025-11-29,2025-12-15,86,On-Time,MAT104,Steel Sheet
PO2052,SUP003,CoreSteel,2025-11-18,2025-12-02,2025-11-28,122,On-Time,MAT102,Steel Plate
PO2053,SUP004,DeltaIron,2025-11-19,2025-12-08,2025-12-09,181,On-Time,MAT102,Steel Plate
PO2054,SUP005,PrimeSteel,2025-11-20,2025-12-09,2025-11-30,193,Delayed,MAT101,Steel Rod
PO2055,SUP004,DeltaIron,2025-11-21,2025-12-01,2025-12-04,45,On-Time,MAT104,Steel Sheet
PO2056,SUP005,PrimeSteel,2025-11-22,2025-12-05,2025-12-21,109,On-Time,MAT100,Steel Coil
PO2057,SUP004,DeltaIron,2025-11-23,2025-12-05,2025-12-22,14,On-Time,MAT102,Steel Plate
PO2058,SUP004,DeltaIron,2025-11-24,2025-12-08,2025-12-23,188,On-Time,MAT100,Steel Coil
PO2059,SUP001,AlphaSteel,2025-11-25,2025-12-10,2025-12-05,35,On-Time,MAT104,Steel Sheet
PO2060,SUP001,AlphaSteel,2025-11-26,2025-12-10,2025-12-11,27,On-Time,MAT101,Steel Rod
PO2061,SUP005,PrimeSteel,2025-11-27,2025-12-09,2025-12-20,24,On-Time,MAT102,Steel Plate
PO2062,SUP003,CoreSteel,2025-11-28,2025-12-09,2025-12-08,73,On-Time,MAT104,Steel Sheet
PO2063,SUP003,CoreSteel,2025-11-29,2025-12-09,2025-12-28,22,On-Time,MAT100,Steel Coil
PO2064,SUP005,PrimeSteel,2025-11-30,2025-12-11,2025-12-17,162,On-Time,MAT101,Steel Rod
PO2065,SUP001,AlphaSteel,2025-12-01,2025-12-12,2025-12-24,57,On-Time,MAT100,Steel Coil
PO2066,SUP005,PrimeSteel,2025-12-02,2025-12-21,2025-12-15,74,Delayed,MAT102,Steel Plate
PO2067,SUP001,AlphaSteel,2025-12-03,2025-12-22,2025-12-30,169,Delayed,MAT104,Steel Sheet
PO2068,SUP001,AlphaSteel,2025-12-04,2025-12-23,2025-12-26,122,On-Time,MAT104,Steel Sheet
PO2069,SUP002,BetaMetals,2025-12-05,2025-12-17,2025-12-24,151,On-Time,MAT102,Steel Plate
PO2070,SUP005,PrimeSteel,2025-12-06,2025-12-22,2025-12-29,194,On-Time,MAT103,Steel Bar
PO2071,SUP003,CoreSteel,2025-12-07,2025-12-20,2025-12-17,177,On-Time,MAT103,Steel Bar
PO2072,SUP005,PrimeSteel,2025-12-08,2025-12-20,2026-01-01,192,On-Time,MAT100,Steel Coil
PO2073,SUP004,DeltaIron,2025-12-09,2025-12-25,2026-01-03,49,On-Time,MAT100,Steel Coil
PO2074,SUP001,AlphaSteel,2025-12-10,2025-12-23,2025-12-22,61,Delayed,MAT100,Steel Coil
PO2075,SUP005,PrimeSteel,2025-12-11,2025-12-25,2026-01-07,45,On-Time,MAT102,Steel Plate
PO2076,SUP005,PrimeSteel,2025-12-12,2025-12-31,2025-12-27,97,On-Time,MAT104,Steel Sheet
PO2077,SUP002,BetaMetals,2025-12-13,2025-12-26,2025-12-25,30,Delayed,MAT100,Steel Coil
PO2078,SUP004,DeltaIron,2025-12-14,2025-12-27,2026-01-04,121,Delayed,MAT100,Steel Coil
PO2079,SUP001,AlphaSteel,2025-12-15,2025-12-31,2025-12-29,171,Delayed,MAT100,Steel Coil
PO2080,SUP004,DeltaIron,2025-12-16,2025-12-29,2025-12-30,187,On-Time,MAT104,Steel Sheet
PO2081,SUP001,AlphaSteel,2025-12-17,2025-12-27,2026-01-01,97,On-Time,MAT102,Steel Plate
PO2082,SUP001,AlphaSteel,2025-12-18,2026-01-06,2026-01-07,124,On-Time,MAT100,Steel Coil
PO2083,SUP003,CoreSteel,2025-12-19,2026-01-05,2026-01-14,177,On-Time,MAT102,Steel Plate
PO2084,SUP001,AlphaSteel,2025-12-20,2025-12-31,2026-01-16,142,Delayed,MAT102,Steel Plate
PO2085,SUP005,PrimeSteel,2025-12-21,2026-01-04,2026-01-03,95,Delayed,MAT104,Steel Sheet
PO2086,SUP002,BetaMetals,2025-12-22,2026-01-07,2026-01-16,182,Delayed,MAT102,Steel Plate
PO2087,SUP005,PrimeSteel,2025-12-23,2026-01-02,2026-01-19,85,On-Time,MAT104,Steel Sheet
PO2088,SUP002,BetaMetals,2025-12-24,2026-01-08,2026-01-13,55,On-Time,MAT101,Steel Rod
PO2089,SUP002,BetaMetals,2025-12-25,2026-01-09,2026-01-17,105,On-Time,MAT104,Steel Sheet
PO2090,SUP005,PrimeSteel,2025-12-26,2026-01-08,2026-01-11,145,On-Time,MAT102,Steel Plate
PO2091,SUP002,BetaMetals,2025-12-27,2026-01-14,2026-01-18,160,Delayed,MAT103,Steel Bar
PO2092,SUP004,DeltaIron,2025-12-28,2026-01-13,2026-01-18,84,On-Time,MAT103,Steel Bar
PO2093,SUP005,PrimeSteel,2025-12-29,2026-01-13,2026-01-09,164,Delayed,MAT103,Steel Bar
PO2094,SUP004,DeltaIron,2025-12-30,2026-01-13,2026-01-27,126,Delayed,MAT103,Steel Bar
PO2095,SUP001,AlphaSteel,2025-12-31,2026-01-11,2026-01-19,168,On-Time,MAT101,Steel Rod
PO2096,SUP001,AlphaSteel,2026-01-01,2026-01-15,2026-01-11,40,On-Time,MAT100,Steel Coil
PO2097,SUP004,DeltaIron,2026-01-02,2026-01-15,2026-01-31,47,On-Time,MAT103,Steel Bar
PO2098,SUP005,PrimeSteel,2026-01-03,2026-01-17,2026-01-30,183,On-Time,MAT100,Steel Coil
PO2099,SUP005,PrimeSteel,2026-01-04,2026-01-18,2026-02-02,77,On-Time,MAT102,Steel Plate
PO2100,SUP002,BetaMetals,2026-01-05,2026-01-17,2026-01-26,83,On-Time,MAT103,Steel Bar
PO2101,SUP001,AlphaSteel,2026-01-06,2026-01-21,2026-02-01,129,Delayed,MAT101,Steel Rod
PO2102,SUP002,BetaMetals,2026-01-07,2026-01-24,2026-01-24,52,On-Time,MAT101,Steel Rod
PO2103,SUP005,PrimeSteel,2026-01-08,2026-01-21,2026-01-28,54,On-Time,MAT100,Steel Coil
PO2104,SUP004,DeltaIron,2026-01-09,2026-01-28,2026-02-02,173,Delayed,MAT104,Steel Sheet
PO2105,SUP002,BetaMetals,2026-01-10,2026-01-23,2026-02-04,117,Delayed,MAT101,Steel Rod
PO2106,SUP003,CoreSteel,2026-01-11,2026-01-23,2026-01-25,180,Delayed,MAT102,Steel Plate
PO2107,SUP003,CoreSteel,2026-01-12,2026-01-27,2026-02-05,92,Delayed,MAT100,Steel Coil
PO2108,SUP001,AlphaSteel,2026-01-13,2026-01-28,2026-01-24,55,On-Time,MAT103,Steel Bar
PO2109,SUP004,DeltaIron,2026-01-14,2026-01-24,2026-01-30,11,On-Time,MAT103,Steel Bar
PO2110,SUP005,PrimeSteel,2026-01-15,2026-01-30,2026-01-25,82,On-Time,MAT100,Steel Coil
PO2111,SUP002,BetaMetals,2026-01-16,2026-01-31,2026-02-04,101,On-Time,MAT101,Steel Rod
PO2112,SUP001,AlphaSteel,2026-01-17,2026-02-03,2026-02-07,192,On-Time,MAT100,Steel Coil
PO2113,SUP001,AlphaSteel,2026-01-18,2026-01-28,2026-02-02,21,On-Time,MAT102,Steel Plate
PO2114,SUP004,DeltaIron,2026-01-19,2026-01-30,2026-02-11,165,Delayed,MAT104,Steel Sheet
PO2115,SUP003,CoreSteel,2026-01-20,2026-02-03,2026-02-18,153,On-Time,MAT104,Steel Sheet
PO2116,SUP005,PrimeSteel,2026-01-21,2026-02-08,2026-02-10,146,On-Time,MAT102,Steel Plate
PO2117,SUP003,CoreSteel,2026-01-22,2026-02-09,2026-02-20,176,On-Time,MAT103,Steel Bar
PO2118,SUP002,BetaMetals,2026-01-23,2026-02-11,2026-02-18,151,Delayed,MAT103,Steel Bar
PO2119,SUP004,DeltaIron,2026-01-24,2026-02-10,2026-02-14,147,Delayed,MAT100,Steel Coil
PO2120,SUP003,CoreSteel,2026-01-25,2026-02-09,2026-02-04,82,On-Time,MAT102,Steel Plate
PO2121,SUP004,DeltaIron,2026-01-26,2026-02-12,2026-02-07,39,On-Time,MAT102,Steel Plate
PO2122,SUP003,CoreSteel,2026-01-27,2026-02-09,2026-02-16,96,On-Time,MAT104,Steel Sheet
PO2123,SUP001,AlphaSteel,2026-01-28,2026-02-11,2026-02-07,187,Delayed,MAT100,Steel Coil
PO2124,SUP003,CoreSteel,2026-01-29,2026-02-14,2026-02-18,154,Delayed,MAT101,Steel Rod
PO2125,SUP005,PrimeSteel,2026-01-30,2026-02-12,2026-02-10,185,On-Time,MAT100,Steel Coil
PO2126,SUP004,DeltaIron,2026-01-31,2026-02-16,2026-02-24,184,On-Time,MAT102,Steel Plate
PO2127,SUP003,CoreSteel,2026-02-01,2026-02-11,2026-02-16,40,On-Time,MAT104,Steel Sheet
PO2128,SUP002,BetaMetals,2026-02-02,2026-02-13,2026-02-19,115,Delayed,MAT101,Steel Rod
PO2129,SUP004,DeltaIron,2026-02-03,2026-02-21,2026-03-02,95,Delayed,MAT102,Steel Plate
PO2130,SUP005,PrimeSteel,2026-02-04,2026-02-20,2026-02-21,87,On-Time,MAT102,Steel Plate
PO2131,SUP001,AlphaSteel,2026-02-05,2026-02-17,2026-03-05,117,On-Time,MAT102,Steel Plate
PO2132,SUP004,DeltaIron,2026-02-06,2026-02-25,2026-02-27,138,Delayed,MAT101,Steel Rod
PO2133,SUP001,AlphaSteel,2026-02-07,2026-02-18,2026-03-04,21,On-Time,MAT104,Steel Sheet
PO2134,SUP005,PrimeSteel,2026-02-08,2026-02-25,2026-03-08,66,On-Time,MAT100,Steel Coil
PO2135,SUP003,CoreSteel,2026-02-09,2026-02-25,2026-02-25,74,On-Time,MAT104,Steel Sheet
PO2136,SUP002,BetaMetals,2026-02-10,2026-02-26,2026-03-08,14,Delayed,MAT102,Steel Plate
PO2137,SUP004,DeltaIron,2026-02-11,2026-03-01,2026-02-28,170,On-Time,MAT103,Steel Bar
PO2138,SUP001,AlphaSteel,2026-02-12,2026-03-02,2026-03-11,35,On-Time,MAT102,Steel Plate
PO2139,SUP003,CoreSteel,2026-02-13,2026-03-04,2026-02-26,174,Delayed,MAT100,Steel Coil
PO2140,SUP004,DeltaIron,2026-02-14,2026-03-03,2026-03-13,75,Delayed,MAT100,Steel Coil
PO2141,SUP003,CoreSteel,2026-02-15,2026-03-04,2026-03-13,111,On-Time,MAT104,Steel Sheet
PO2142,SUP002,BetaMetals,2026-02-16,2026-02-27,2026-03-03,74,On-Time,MAT101,Steel Rod
PO2143,SUP002,BetaMetals,2026-02-17,2026-03-02,2026-03-02,28,On-Time,MAT100,Steel Coil
PO2144,SUP004,DeltaIron,2026-02-18,2026-03-02,2026-03-09,105,On-Time,MAT101,Steel Rod
PO2145,SUP001,AlphaSteel,2026-02-19,2026-03-01,2026-03-04,72,On-Time,MAT103,Steel Bar
PO2146,SUP004,DeltaIron,2026-02-20,2026-03-04,2026-03-04,58,Delayed,MAT102,Steel Plate
PO2147,SUP005,PrimeSteel,2026-02-21,2026-03-07,2026-03-07,69,On-Time,MAT102,Steel Plate
PO2148,SUP001,AlphaSteel,2026-02-22,2026-03-09,2026-03-12,183,On-Time,MAT104,Steel Sheet
PO2149,SUP004,DeltaIron,2026-02-23,2026-03-12,2026-03-14,37,On-Time,MAT102,Steel Plate
PO2150,SUP005,PrimeSteel,2026-02-24,2026-03-14,2026-03-22,142,On-Time,MAT101,Steel Rod
PO2151,SUP004,DeltaIron,2026-02-25,2026-03-16,2026-03-19,71,On-Time,MAT102,Steel Plate
PO2152,SUP005,PrimeSteel,2026-02-26,2026-03-13,2026-03-22,188,On-Time,MAT103,Steel Bar
PO2153,SUP004,DeltaIron,2026-02-27,2026-03-12,2026-03-12,185,Delayed,MAT102,Steel Plate
PO2154,SUP004,DeltaIron,2026-02-28,2026-03-18,2026-03-13,87,On-Time,MAT103,Steel Bar
PO2155,SUP001,AlphaSteel,2026-03-01,2026-03-14,2026-03-16,126,On-Time,MAT100,Steel Coil
PO2156,SUP001,AlphaSteel,2026-03-02,2026-03-15,2026-03-26,58,Delayed,MAT101,Steel Rod
PO2157,SUP002,BetaMetals,2026-03-03,2026-03-16,2026-03-22,165,Delayed,MAT100,Steel Coil
PO2158,SUP003,CoreSteel,2026-03-04,2026-03-15,2026-03-17,150,Delayed,MAT103,Steel Bar
PO2159,SUP004,DeltaIron,2026-03-05,2026-03-21,2026-03-25,141,Delayed,MAT103,Steel Bar
PO2160,SUP005,PrimeSteel,2026-03-06,2026-03-24,2026-03-29,20,On-Time,MAT100,Steel Coil
PO2161,SUP001,AlphaSteel,2026-03-07,2026-03-20,2026-03-17,82,On-Time,MAT102,Steel Plate
PO2162,SUP001,AlphaSteel,2026-03-08,2026-03-21,2026-03-23,134,On-Time,MAT101,Steel Rod
PO2163,SUP001,AlphaSteel,2026-03-09,2026-03-19,2026-04-02,128,On-Time,MAT104,Steel Sheet
PO2164,SUP003,CoreSteel,2026-03-10,2026-03-27,2026-03-24,94,On-Time,MAT102,Steel Plate
PO2165,SUP002,BetaMetals,2026-03-11,2026-03-26,2026-04-05,192,Delayed,MAT100,Steel Coil
PO2166,SUP004,DeltaIron,2026-03-12,2026-03-26,2026-04-04,78,On-Time,MAT103,Steel Bar
PO2167,SUP001,AlphaSteel,2026-03-13,2026-03-27,2026-04-08,180,Delayed,MAT101,Steel Rod
PO2168,SUP002,BetaMetals,2026-03-14,2026-03-30,2026-04-03,165,On-Time,MAT101,Steel Rod
PO2169,SUP003,CoreSteel,2026-03-15,2026-04-02,2026-04-04,93,On-Time,MAT103,Steel Bar
PO2170,SUP004,DeltaIron,2026-03-16,2026-03-31,2026-04-05,155,On-Time,MAT104,Steel Sheet
PO2171,SUP003,CoreSteel,2026-03-17,2026-03-27,2026-03-30,123,On-Time,MAT100,Steel Coil
PO2172,SUP001,AlphaSteel,2026-03-18,2026-04-02,2026-04-05,49,On-Time,MAT100,Steel Coil
PO2173,SUP005,PrimeSteel,2026-03-19,2026-04-03,2026-04-16,26,On-Time,MAT101,Steel Rod
PO2174,SUP002,BetaMetals,2026-03-20,2026-03-31,2026-04-12,140,Delayed,MAT104,Steel Sheet
PO2175,SUP004,DeltaIron,2026-03-21,2026-04-01,2026-04-19,150,On-Time,MAT101,Steel Rod
PO2176,SUP003,CoreSteel,2026-03-22,2026-04-03,2026-04-06,95,On-Time,MAT100,Steel Coil
PO2177,SUP001,AlphaSteel,2026-03-23,2026-04-09,2026-04-13,74,On-Time,MAT101,Steel Rod
PO2178,SUP001,AlphaSteel,2026-03-24,2026-04-10,2026-04-18,32,On-Time,MAT100,Steel Coil
PO2179,SUP005,PrimeSteel,2026-03-25,2026-04-04,2026-04-19,165,On-Time,MAT102,Steel Plate
PO2180,SUP002,BetaMetals,2026-03-26,2026-04-08,2026-04-21,103,On-Time,MAT101,Steel Rod
PO2181,SUP005,PrimeSteel,2026-03-27,2026-04-09,2026-04-20,135,On-Time,MAT103,Steel Bar
PO2182,SUP005,PrimeSteel,2026-03-28,2026-04-14,2026-04-19,168,Delayed,MAT102,Steel Plate
PO2183,SUP002,BetaMetals,2026-03-29,2026-04-09,2026-04-20,180,Delayed,MAT103,Steel Bar
PO2184,SUP003,CoreSteel,2026-03-30,2026-04-12,2026-04-11,181,On-Time,MAT104,Steel Sheet
PO2185,SUP001,AlphaSteel,2026-03-31,2026-04-12,2026-04-24,199,On-Time,MAT104,Steel Sheet
PO2186,SUP001,AlphaSteel,2026-04-01,2026-04-11,2026-04-19,122,Delayed,MAT100,Steel Coil
PO2187,SUP002,BetaMetals,2026-04-02,2026-04-19,2026-04-18,147,Delayed,MAT102,Steel Plate
PO2188,SUP005,PrimeSteel,2026-04-03,2026-04-22,2026-04-29,80,On-Time,MAT103,Steel Bar
PO2189,SUP003,CoreSteel,2026-04-04,2026-04-19,2026-04-15,106,On-Time,MAT103,Steel Bar
PO2190,SUP002,BetaMetals,2026-04-05,2026-04-21,2026-05-04,40,On-Time,MAT100,Steel Coil
PO2191,SUP002,BetaMetals,2026-04-06,2026-04-18,2026-04-27,28,Delayed,MAT104,Steel Sheet
PO2192,SUP001,AlphaSteel,2026-04-07,2026-04-20,2026-05-05,133,On-Time,MAT103,Steel Bar
PO2193,SUP005,PrimeSteel,2026-04-08,2026-04-25,2026-04-28,172,On-Time,MAT100,Steel Coil
PO2194,SUP004,DeltaIron,2026-04-09,2026-04-27,2026-05-05,116,Delayed,MAT101,Steel Rod
PO2195,SUP001,AlphaSteel,2026-04-10,2026-04-21,2026-05-02,92,Delayed,MAT104,Steel Sheet
PO2196,SUP001,AlphaSteel,2026-04-11,2026-04-29,2026-05-09,96,On-Time,MAT101,Steel Rod
PO2197,SUP002,BetaMetals,2026-04-12,2026-04-29,2026-05-01,70,On-Time,MAT104,Steel Sheet
PO2198,SUP002,BetaMetals,2026-04-13,2026-04-29,2026-04-28,37,On-Time,MAT100,Steel Coil
PO2199,SUP001,AlphaSteel,2026-04-14,2026-04-24,2026-04-24,56,On-Time,MAT102,Steel Plate
PO2200,SUP004,DeltaIron,2026-04-15,2026-04-29,2026-05-09,112,Delayed,MAT101,Steel Rod
PO2201,SUP004,DeltaIron,2026-04-16,2026-05-01,2026-04-27,182,On-Time,MAT102,Steel Plate
PO2202,SUP002,BetaMetals,2026-04-17,2026-05-01,2026-05-04,177,Delayed,MAT101,Steel Rod
PO2203,SUP004,DeltaIron,2026-04-18,2026-05-02,2026-05-11,80,On-Time,MAT104,Steel Sheet
PO2204,SUP005,PrimeSteel,2026-04-19,2026-05-02,2026-05-11,117,On-Time,MAT104,Steel Sheet
PO2205,SUP004,DeltaIron,2026-04-20,2026-05-05,2026-04-30,117,On-Time,MAT101,Steel Rod
PO2206,SUP005,PrimeSteel,2026-04-21,2026-05-05,2026-05-10,190,Delayed,MAT100,Steel Coil
PO2207,SUP005,PrimeSteel,2026-04-22,2026-05-05,2026-05-08,84,On-Time,MAT101,Steel Rod
PO2208,SUP001,AlphaSteel,2026-04-23,2026-05-09,2026-05-05,90,On-Time,MAT104,Steel Sheet
PO2209,SUP002,BetaMetals,2026-04-24,2026-05-06,2026-05-13,64,Delayed,MAT101,Steel Rod
PO2210,SUP002,BetaMetals,2026-04-25,2026-05-08,2026-05-13,172,On-Time,MAT100,Steel Coil
PO2211,SUP001,AlphaSteel,2026-04-26,2026-05-14,2026-05-18,138,On-Time,MAT103,Steel Bar
PO2212,SUP002,BetaMetals,2026-04-27,2026-05-07,2026-05-21,196,Delayed,MAT104,Steel Sheet
PO2213,SUP004,DeltaIron,2026-04-28,2026-05-08,2026-05-24,103,On-Time,MAT100,Steel Coil
PO2214,SUP002,BetaMetals,2026-04-29,2026-05-18,2026-05-13,136,On-Time,MAT104,Steel Sheet
PO2215,SUP001,AlphaSteel,2026-04-30,2026-05-13,2026-05-28,147,On-Time,MAT102,Steel Plate
PO2216,SUP005,PrimeSteel,2026-05-01,2026-05-18,2026-05-30,122,Delayed,MAT101,Steel Rod
PO2217,SUP005,PrimeSteel,2026-05-02,2026-05-18,2026-05-25,138,On-Time,MAT101,Steel Rod
PO2218,SUP001,AlphaSteel,2026-05-03,2026-05-17,2026-06-01,187,On-Time,MAT102,Steel Plate
PO2219,SUP003,CoreSteel,2026-05-04,2026-05-23,2026-05-27,59,Delayed,MAT100,Steel Coil
PO2220,SUP005,PrimeSteel,2026-05-05,2026-05-15,2026-05-27,60,On-Time,MAT104,Steel Sheet
PO2221,SUP003,CoreSteel,2026-05-06,2026-05-23,2026-05-19,85,On-Time,MAT103,Steel Bar
PO2222,SUP004,DeltaIron,2026-05-07,2026-05-26,2026-05-23,179,On-Time,MAT100,Steel Coil
PO2223,SUP004,DeltaIron,2026-05-08,2026-05-20,2026-05-24,134,On-Time,MAT102,Steel Plate
PO2224,SUP004,DeltaIron,2026-05-09,2026-05-25,2026-05-26,145,On-Time,MAT101,Steel Rod
PO2225,SUP004,DeltaIron,2026-05-10,2026-05-22,2026-06-08,177,On-Time,MAT103,Steel Bar
PO2226,SUP005,PrimeSteel,2026-05-11,2026-05-24,2026-05-30,38,On-Time,MAT103,Steel Bar
PO2227,SUP004,DeltaIron,2026-05-12,2026-05-22,2026-05-27,105,Delayed,MAT103,Steel Bar
PO2228,SUP003,CoreSteel,2026-05-13,2026-05-29,2026-05-23,23,Delayed,MAT100,Steel Coil
PO2229,SUP001,AlphaSteel,2026-05-14,2026-05-28,2026-05-26,71,Delayed,MAT104,Steel Sheet
PO2230,SUP003,CoreSteel,2026-05-15,2026-05-25,2026-06-09,183,On-Time,MAT104,Steel Sheet
PO2231,SUP002,BetaMetals,2026-05-16,2026-06-04,2026-06-06,88,On-Time,MAT100,Steel Coil
PO2232,SUP002,BetaMetals,2026-05-17,2026-05-28,2026-05-31,188,Delayed,MAT104,Steel Sheet
PO2233,SUP004,DeltaIron,2026-05-18,2026-05-31,2026-06-01,27,On-Time,MAT102,Steel Plate
PO2234,SUP002,BetaMetals,2026-05-19,2026-06-01,2026-05-31,160,On-Time,MAT103,Steel Bar
PO2235,SUP002,BetaMetals,2026-05-20,2026-05-30,2026-06-15,107,Delayed,MAT101,Steel Rod
PO2236,SUP003,CoreSteel,2026-05-21,2026-06-04,2026-06-19,57,On-Time,MAT100,Steel Coil
PO2237,SUP004,DeltaIron,2026-05-22,2026-06-03,2026-06-01,114,On-Time,MAT102,Steel Plate
PO2238,SUP002,BetaMetals,2026-05-23,2026-06-09,2026-06-09,66,On-Time,MAT101,Steel Rod
PO2239,SUP002,BetaMetals,2026-05-24,2026-06-10,2026-06-07,72,On-Time,MAT100,Steel Coil
PO2240,SUP003,CoreSteel,2026-05-25,2026-06-13,2026-06-18,109,On-Time,MAT102,Steel Plate
PO2241,SUP002,BetaMetals,2026-05-26,2026-06-09,2026-06-10,11,On-Time,MAT100,Steel Coil
PO2242,SUP003,CoreSteel,2026-05-27,2026-06-11,2026-06-21,196,On-Time,MAT100,Steel Coil
PO2243,SUP001,AlphaSteel,2026-05-28,2026-06-16,2026-06-07,73,On-Time,MAT101,Steel Rod
PO2244,SUP002,BetaMetals,2026-05-29,2026-06-15,2026-06-11,198,Delayed,MAT101,Steel Rod
PO2245,SUP005,PrimeSteel,2026-05-30,2026-06-18,2026-06-20,154,On-Time,MAT104,Steel Sheet
PO2246,SUP005,PrimeSteel,2026-05-31,2026-06-15,2026-06-21,175,On-Time,MAT101,Steel Rod
PO2247,SUP002,BetaMetals,2026-06-01,2026-06-19,2026-06-22,35,Delayed,MAT103,Steel Bar
PO2248,SUP001,AlphaSteel,2026-06-02,2026-06-20,2026-06-30,26,On-Time,MAT103,Steel Bar
PO2249,SUP002,BetaMetals,2026-06-03,2026-06-17,2026-06-14,42,On-Time,MAT100,Steel Coil
PO2250,SUP003,CoreSteel,2026-06-04,2026-06-19,2026-07-02,34,Delayed,MAT100,Steel Coil
PO2251,SUP004,DeltaIron,2026-06-05,2026-06-18,2026-07-04,81,On-Time,MAT103,Steel Bar
PO2252,SUP004,DeltaIron,2026-06-06,2026-06-22,2026-06-19,51,On-Time,MAT101,Steel Rod
PO2253,SUP005,PrimeSteel,2026-06-07,2026-06-17,2026-06-29,196,On-Time,MAT100,Steel Coil
PO2254,SUP004,DeltaIron,2026-06-08,2026-06-20,2026-06-18,122,Delayed,MAT104,Steel Sheet
PO2255,SUP003,CoreSteel,2026-06-09,2026-06-28,2026-06-27,78,Delayed,MAT102,Steel Plate
PO2256,SUP004,DeltaIron,2026-06-10,2026-06-27,2026-07-07,153,On-Time,MAT104,Steel Sheet
PO2257,SUP004,DeltaIron,2026-06-11,2026-06-26,2026-06-21,181,Delayed,MAT102,Steel Plate
PO2258,SUP001,AlphaSteel,2026-06-12,2026-06-28,2026-06-27,117,On-Time,MAT102,Steel Plate
PO2259,SUP003,CoreSteel,2026-06-13,2026-06-24,2026-07-09,75,Delayed,MAT102,Steel Plate
PO2260,SUP003,CoreSteel,2026-06-14,2026-06-26,2026-06-29,172,On-Time,MAT101,Steel Rod
PO2261,SUP004,DeltaIron,2026-06-15,2026-07-03,2026-07-09,169,On-Time,MAT102,Steel Plate
PO2262,SUP004,DeltaIron,2026-06-16,2026-06-28,2026-07-15,153,On-Time,MAT101,Steel Rod
PO2263,SUP003,CoreSteel,2026-06-17,2026-06-27,2026-07-15,61,On-Time,MAT103,Steel Bar
PO2264,SUP005,PrimeSteel,2026-06-18,2026-07-02,2026-07-15,106,On-Time,MAT100,Steel Coil
PO2265,SUP005,PrimeSteel,2026-06-19,2026-07-02,2026-07-05,187,On-Time,MAT101,Steel Rod
PO2266,SUP002,BetaMetals,2026-06-20,2026-07-04,2026-07-02,59,On-Time,MAT102,Steel Plate
PO2267,SUP005,PrimeSteel,2026-06-21,2026-07-04,2026-07-13,108,On-Time,MAT104,Steel Sheet
PO2268,SUP001,AlphaSteel,2026-06-22,2026-07-07,2026-07-04,166,Delayed,MAT104,Steel Sheet
PO2269,SUP005,PrimeSteel,2026-06-23,2026-07-08,2026-07-13,94,On-Time,MAT101,Steel Rod
PO2270,SUP005,PrimeSteel,2026-06-24,2026-07-12,2026-07-14,151,On-Time,MAT103,Steel Bar
PO2271,SUP002,BetaMetals,2026-06-25,2026-07-10,2026-07-15,144,On-Time,MAT101,Steel Rod
PO2272,SUP005,PrimeSteel,2026-06-26,2026-07-11,2026-07-25,32,On-Time,MAT101,Steel Rod
PO2273,SUP003,CoreSteel,2026-06-27,2026-07-10,2026-07-19,55,On-Time,MAT102,Steel Plate
PO2274,SUP002,BetaMetals,2026-06-28,2026-07-08,2026-07-21,116,Delayed,MAT104,Steel Sheet
PO2275,SUP002,BetaMetals,2026-06-29,2026-07-18,2026-07-27,113,Delayed,MAT100,Steel Coil
PO2276,SUP002,BetaMetals,2026-06-30,2026-07-13,2026-07-26,171,On-Time,MAT101,Steel Rod
PO2277,SUP003,CoreSteel,2026-07-01,2026-07-17,2026-07-19,71,On-Time,MAT101,Steel Rod
PO2278,SUP001,AlphaSteel,2026-07-02,2026-07-21,2026-07-30,41,Delayed,MAT100,Steel Coil
PO2279,SUP004,DeltaIron,2026-07-03,2026-07-13,2026-07-13,198,On-Time,MAT102,Steel Plate
PO2280,SUP003,CoreSteel,2026-07-04,2026-07-21,2026-07-14,110,On-Time,MAT104,Steel Sheet
PO2281,SUP001,AlphaSteel,2026-07-05,2026-07-19,2026-07-16,82,On-Time,MAT100,Steel Coil
PO2282,SUP005,PrimeSteel,2026-07-06,2026-07-16,2026-07-25,55,On-Time,MAT104,Steel Sheet
PO2283,SUP004,DeltaIron,2026-07-07,2026-07-21,2026-08-03,101,On-Time,MAT101,Steel Rod
PO2284,SUP002,BetaMetals,2026-07-08,2026-07-24,2026-07-29,64,On-Time,MAT103,Steel Bar
PO2285,SUP003,CoreSteel,2026-07-09,2026-07-24,2026-08-02,60,Delayed,MAT104,Steel Sheet
PO2286,SUP001,AlphaSteel,2026-07-10,2026-07-22,2026-08-02,119,On-Time,MAT104,Steel Sheet
PO2287,SUP002,BetaMetals,2026-07-11,2026-07-29,2026-07-26,146,On-Time,MAT101,Steel Rod
PO2288,SUP001,AlphaSteel,2026-07-12,2026-07-24,2026-08-10,193,On-Time,MAT103,Steel Bar
PO2289,SUP002,BetaMetals,2026-07-13,2026-07-28,2026-08-01,16,On-Time,MAT101,Steel Rod
PO2290,SUP001,AlphaSteel,2026-07-14,2026-07-24,2026-08-06,145,Delayed,MAT103,Steel Bar
PO2291,SUP004,DeltaIron,2026-07-15,2026-07-29,2026-07-29,100,On-Time,MAT103,Steel Bar
PO2292,SUP003,CoreSteel,2026-07-16,2026-08-03,2026-08-02,197,On-Time,MAT101,Steel Rod
PO2293,SUP003,CoreSteel,2026-07-17,2026-07-28,2026-08-10,182,On-Time,MAT100,Steel Coil
PO2294,SUP005,PrimeSteel,2026-07-18,2026-08-04,2026-08-12,59,Delayed,MAT103,Steel Bar
PO2295,SUP003,CoreSteel,2026-07-19,2026-08-05,2026-07-31,176,On-Time,MAT104,Steel Sheet
PO2296,SUP001,AlphaSteel,2026-07-20,2026-07-30,2026-08-17,34,On-Time,MAT102,Steel Plate
PO2297,SUP004,DeltaIron,2026-07-21,2026-08-06,2026-08-08,48,Delayed,MAT104,Steel Sheet
PO2298,SUP001,AlphaSteel,2026-07-22,2026-08-06,2026-08-16,171,On-Time,MAT101,Steel Rod
PO2299,SUP002,BetaMetals,2026-07-23,2026-08-03,2026-08-12,146,On-Time,MAT102,Steel Plate
PO2300,SUP005,PrimeSteel,2026-07-24,2026-08-06,2026-08-15,102,Delayed,MAT104,Steel Sheet
PO2301,SUP001,AlphaSteel,2026-07-25,2026-08-05,2026-08-18,118,On-Time,MAT103,Steel Bar
PO2302,SUP004,DeltaIron,2026-07-26,2026-08-05,2026-08-20,114,Delayed,MAT101,Steel Rod
PO2303,SUP001,AlphaSteel,2026-07-27,2026-08-06,2026-08-25,12,On-Time,MAT102,Steel Plate
PO2304,SUP002,BetaMetals,2026-07-28,2026-08-13,2026-08-18,161,On-Time,MAT103,Steel Bar
PO2305,SUP001,AlphaSteel,2026-07-29,2026-08-10,2026-08-09,10,On-Time,MAT102,Steel Plate
PO2306,SUP001,AlphaSteel,2026-07-30,2026-08-09,2026-08-24,48,On-Time,MAT102,Steel Plate
PO2307,SUP005,PrimeSteel,2026-07-31,2026-08-18,2026-08-20,116,On-Time,MAT101,Steel Rod
PO2308,SUP002,BetaMetals,2026-08-01,2026-08-18,2026-08-14,55,Delayed,MAT100,Steel Coil
PO2309,SUP002,BetaMetals,2026-08-02,2026-08-21,2026-08-18,23,On-Time,MAT100,Steel Coil
PO2310,SUP003,CoreSteel,2026-08-03,2026-08-18,2026-08-23,11,On-Time,MAT100,Steel Coil
PO2311,SUP002,BetaMetals,2026-08-04,2026-08-21,2026-08-24,167,On-Time,MAT102,Steel Plate
PO2312,SUP004,DeltaIron,2026-08-05,2026-08-23,2026-08-28,79,On-Time,MAT102,Steel Plate
PO2313,SUP001,AlphaSteel,2026-08-06,2026-08-23,2026-08-18,148,On-Time,MAT104,Steel Sheet
PO2314,SUP001,AlphaSteel,2026-08-07,2026-08-21,2026-08-29,91,Delayed,MAT102,Steel Plate
PO2315,SUP003,CoreSteel,2026-08-08,2026-08-19,2026-09-01,154,On-Time,MAT104,Steel Sheet
PO2316,SUP001,AlphaSteel,2026-08-09,2026-08-25,2026-09-07,173,Delayed,MAT104,Steel Sheet
PO2317,SUP005,PrimeSteel,2026-08-10,2026-08-24,2026-09-03,28,Delayed,MAT104,Steel Sheet
PO2318,SUP003,CoreSteel,2026-08-11,2026-08-26,2026-08-26,30,On-Time,MAT104,Steel Sheet
PO2319,SUP005,PrimeSteel,2026-08-12,2026-08-25,2026-08-28,58,On-Time,MAT100,Steel Coil
PO2320,SUP004,DeltaIron,2026-08-13,2026-08-28,2026-09-10,79,Delayed,MAT100,Steel Coil
PO2321,SUP005,PrimeSteel,2026-08-14,2026-09-02,2026-09-04,96,Delayed,MAT101,Steel Rod
PO2322,SUP003,CoreSteel,2026-08-15,2026-09-03,2026-09-03,196,Delayed,MAT101,Steel Rod
PO2323,SUP001,AlphaSteel,2026-08-16,2026-08-27,2026-09-01,45,On-Time,MAT101,Steel Rod
PO2324,SUP005,PrimeSteel,2026-08-17,2026-09-03,2026-08-29,50,Delayed,MAT104,Steel Sheet
PO2325,SUP004,DeltaIron,2026-08-18,2026-09-03,2026-09-03,57,On-Time,MAT103,Steel Bar
PO2326,SUP002,BetaMetals,2026-08-19,2026-09-06,2026-09-13,190,Delayed,MAT100,Steel Coil
PO2327,SUP002,BetaMetals,2026-08-20,2026-09-07,2026-09-14,79,On-Time,MAT103,Steel Bar
PO2328,SUP005,PrimeSteel,2026-08-21,2026-09-04,2026-09-03,134,On-Time,MAT100,Steel Coil
PO2329,SUP004,DeltaIron,2026-08-22,2026-09-06,2026-09-07,188,On-Time,MAT100,Steel Coil
PO2330,SUP004,DeltaIron,2026-08-23,2026-09-06,2026-09-20,135,Delayed,MAT100,Steel Coil
PO2331,SUP002,BetaMetals,2026-08-24,2026-09-12,2026-09-20,198,On-Time,MAT104,Steel Sheet
PO2332,SUP005,PrimeSteel,2026-08-25,2026-09-10,2026-09-11,155,On-Time,MAT101,Steel Rod
PO2333,SUP004,DeltaIron,2026-08-26,2026-09-12,2026-09-11,18,On-Time,MAT100,Steel Coil
PO2334,SUP004,DeltaIron,2026-08-27,2026-09-06,2026-09-25,28,On-Time,MAT100,Steel Coil
PO2335,SUP005,PrimeSteel,2026-08-28,2026-09-08,2026-09-10,20,On-Time,MAT101,Steel Rod
PO2336,SUP002,BetaMetals,2026-08-29,2026-09-09,2026-09-12,133,On-Time,MAT102,Steel Plate
PO2337,SUP003,CoreSteel,2026-08-30,2026-09-10,2026-09-22,160,On-Time,MAT100,Steel Coil
PO2338,SUP001,AlphaSteel,2026-08-31,2026-09-19,2026-09-28,129,On-Time,MAT104,Steel Sheet
PO2339,SUP003,CoreSteel,2026-09-01,2026-09-20,2026-09-20,131,On-Time,MAT103,Steel Bar
PO2340,SUP004,DeltaIron,2026-09-02,2026-09-20,2026-10-01,71,On-Time,MAT100,Steel Coil
PO2341,SUP004,DeltaIron,2026-09-03,2026-09-18,2026-09-19,90,On-Time,MAT101,Steel Rod
PO2342,SUP005,PrimeSteel,2026-09-04,2026-09-16,2026-09-29,179,On-Time,MAT100,Steel Coil
PO2343,SUP003,CoreSteel,2026-09-05,2026-09-19,2026-10-04,12,On-Time,MAT104,Steel Sheet
PO2344,SUP005,PrimeSteel,2026-09-06,2026-09-25,2026-09-22,110,Delayed,MAT103,Steel Bar
PO2345,SUP002,BetaMetals,2026-09-07,2026-09-18,2026-09-17,144,On-Time,MAT102,Steel Plate
PO2346,SUP004,DeltaIron,2026-09-08,2026-09-24,2026-09-24,175,On-Time,MAT100,Steel Coil
PO2347,SUP003,CoreSteel,2026-09-09,2026-09-22,2026-09-22,26,On-Time,MAT100,Steel Coil
PO2348,SUP003,CoreSteel,2026-09-10,2026-09-25,2026-09-26,89,On-Time,MAT104,Steel Sheet
PO2349,SUP001,AlphaSteel,2026-09-11,2026-09-28,2026-09-26,167,On-Time,MAT104,Steel Sheet
PO2350,SUP005,PrimeSteel,2026-09-12,2026-09-27,2026-09-23,101,On-Time,MAT102,Steel Plate
PO2351,SUP001,AlphaSteel,2026-09-13,2026-09-29,2026-10-09,96,On-Time,MAT100,Steel Coil
PO2352,SUP004,DeltaIron,2026-09-14,2026-09-24,2026-09-30,186,On-Time,MAT102,Steel Plate
PO2353,SUP001,AlphaSteel,2026-09-15,2026-09-28,2026-09-27,130,On-Time,MAT103,Steel Bar
PO2354,SUP001,AlphaSteel,2026-09-16,2026-10-02,2026-10-07,155,On-Time,MAT104,Steel Sheet
PO2355,SUP001,AlphaSteel,2026-09-17,2026-10-05,2026-10-13,113,On-Time,MAT101,Steel Rod
PO2356,SUP003,CoreSteel,2026-09-18,2026-10-01,2026-10-12,49,On-Time,MAT100,Steel Coil
PO2357,SUP005,PrimeSteel,2026-09-19,2026-10-07,2026-10-12,74,Delayed,MAT102,Steel Plate
PO2358,SUP002,BetaMetals,2026-09-20,2026-10-03,2026-09-30,101,On-Time,MAT101,Steel Rod
PO2359,SUP005,PrimeSteel,2026-09-21,2026-10-01,2026-10-03,187,On-Time,MAT100,Steel Coil
PO2360,SUP001,AlphaSteel,2026-09-22,2026-10-03,2026-10-13,176,Delayed,MAT104,Steel Sheet
PO2361,SUP002,BetaMetals,2026-09-23,2026-10-07,2026-10-18,90,On-Time,MAT101,Steel Rod
PO2362,SUP002,BetaMetals,2026-09-24,2026-10-10,2026-10-16,131,On-Time,MAT100,Steel Coil
PO2363,SUP003,CoreSteel,2026-09-25,2026-10-05,2026-10-23,33,On-Time,MAT104,Steel Sheet
PO2364,SUP003,CoreSteel,2026-09-26,2026-10-13,2026-10-22,134,On-Time,MAT100,Steel Coil
PO2365,SUP001,AlphaSteel,2026-09-27,2026-10-09,2026-10-17,81,On-Time,MAT102,Steel Plate
PO2366,SUP001,AlphaSteel,2026-09-28,2026-10-16,2026-10-08,31,Delayed,MAT104,Steel Sheet
PO2367,SUP003,CoreSteel,2026-09-29,2026-10-18,2026-10-25,62,On-Time,MAT100,Steel Coil
PO2368,SUP005,PrimeSteel,2026-09-30,2026-10-15,2026-10-24,189,On-Time,MAT100,Steel Coil
PO2369,SUP002,BetaMetals,2026-10-01,2026-10-18,2026-10-16,168,On-Time,MAT101,Steel Rod
PO2370,SUP004,DeltaIron,2026-10-02,2026-10-20,2026-10-29,139,On-Time,MAT102,Steel Plate
PO2371,SUP001,AlphaSteel,2026-10-03,2026-10-18,2026-10-26,80,On-Time,MAT101,Steel Rod
PO2372,SUP004,DeltaIron,2026-10-04,2026-10-15,2026-10-31,152,On-Time,MAT100,Steel Coil
PO2373,SUP003,CoreSteel,2026-10-05,2026-10-22,2026-10-31,28,On-Time,MAT104,Steel Sheet
PO2374,SUP001,AlphaSteel,2026-10-06,2026-10-22,2026-11-03,47,On-Time,MAT103,Steel Bar
PO2375,SUP003,CoreSteel,2026-10-07,2026-10-26,2026-10-24,164,On-Time,MAT104,Steel Sheet
PO2376,SUP003,CoreSteel,2026-10-08,2026-10-27,2026-11-01,157,Delayed,MAT103,Steel Bar
PO2377,SUP005,PrimeSteel,2026-10-09,2026-10-28,2026-10-19,84,On-Time,MAT104,Steel Sheet
PO2378,SUP005,PrimeSteel,2026-10-10,2026-10-23,2026-11-04,43,On-Time,MAT102,Steel Plate
PO2379,SUP005,PrimeSteel,2026-10-11,2026-10-26,2026-11-03,111,On-Time,MAT103,Steel Bar
PO2380,SUP002,BetaMetals,2026-10-12,2026-10-28,2026-10-24,43,On-Time,MAT103,Steel Bar
PO2381,SUP004,DeltaIron,2026-10-13,2026-10-24,2026-10-28,65,On-Time,MAT103,Steel Bar
PO2382,SUP004,DeltaIron,2026-10-14,2026-10-28,2026-11-04,114,On-Time,MAT104,Steel Sheet
PO2383,SUP005,PrimeSteel,2026-10-15,2026-11-02,2026-11-05,157,On-Time,MAT104,Steel Sheet
PO2384,SUP005,PrimeSteel,2026-10-16,2026-11-04,2026-11-02,121,On-Time,MAT101,Steel Rod
PO2385,SUP001,AlphaSteel,2026-10-17,2026-10-29,2026-11-13,29,On-Time,MAT102,Steel Plate
PO2386,SUP003,CoreSteel,2026-10-18,2026-11-05,2026-11-06,136,Delayed,MAT100,Steel Coil
PO2387,SUP005,PrimeSteel,2026-10-19,2026-10-31,2026-11-13,164,On-Time,MAT102,Steel Plate
PO2388,SUP003,CoreSteel,2026-10-20,2026-11-01,2026-10-31,105,On-Time,MAT102,Steel Plate
PO2389,SUP005,PrimeSteel,2026-10-21,2026-11-01,2026-11-18,73,On-Time,MAT101,Steel Rod
PO2390,SUP003,CoreSteel,2026-10-22,2026-11-03,2026-11-13,152,On-Time,MAT101,Steel Rod
PO2391,SUP005,PrimeSteel,2026-10-23,2026-11-03,2026-11-17,137,Delayed,MAT100,Steel Coil
PO2392,SUP004,DeltaIron,2026-10-24,2026-11-09,2026-11-16,198,Delayed,MAT100,Steel Coil
PO2393,SUP003,CoreSteel,2026-10-25,2026-11-12,2026-11-20,102,On-Time,MAT101,Steel Rod
PO2394,SUP005,PrimeSteel,2026-10-26,2026-11-07,2026-11-10,147,On-Time,MAT102,Steel Plate
PO2395,SUP001,AlphaSteel,2026-10-27,2026-11-11,2026-11-12,60,Delayed,MAT101,Steel Rod
PO2396,SUP001,AlphaSteel,2026-10-28,2026-11-13,2026-11-16,133,On-Time,MAT100,Steel Coil
PO2397,SUP004,DeltaIron,2026-10-29,2026-11-16,2026-11-16,166,Delayed,MAT100,Steel Coil
PO2398,SUP002,BetaMetals,2026-10-30,2026-11-13,2026-11-25,142,Delayed,MAT101,Steel Rod
PO2399,SUP001,AlphaSteel,2026-10-31,2026-11-17,2026-11-18,16,On-Time,MAT101,Steel Rod
PO2400,SUP002,BetaMetals,2026-11-01,2026-11-20,2026-11-16,144,On-Time,MAT100,Steel Coil
PO2401,SUP005,PrimeSteel,2026-11-02,2026-11-16,2026-11-25,37,Delayed,MAT100,Steel Coil
PO2402,SUP001,AlphaSteel,2026-11-03,2026-11-15,2026-11-29,183,On-Time,MAT102,Steel Plate
PO2403,SUP005,PrimeSteel,2026-11-04,2026-11-23,2026-11-22,109,On-Time,MAT104,Steel Sheet
PO2404,SUP002,BetaMetals,2026-11-05,2026-11-15,2026-11-30,62,Delayed,MAT104,Steel Sheet
PO2405,SUP001,AlphaSteel,2026-11-06,2026-11-20,2026-11-23,113,Delayed,MAT102,Steel Plate
PO2406,SUP002,BetaMetals,2026-11-07,2026-11-17,2026-12-02,35,On-Time,MAT100,Steel Coil
PO2407,SUP003,CoreSteel,2026-11-08,2026-11-23,2026-12-01,29,On-Time,MAT104,Steel Sheet
PO2408,SUP001,AlphaSteel,2026-11-09,2026-11-24,2026-11-27,126,On-Time,MAT103,Steel Bar
PO2409,SUP003,CoreSteel,2026-11-10,2026-11-20,2026-11-23,94,On-Time,MAT104,Steel Sheet
PO2410,SUP005,PrimeSteel,2026-11-11,2026-11-25,2026-12-09,55,On-Time,MAT102,Steel Plate
PO2411,SUP005,PrimeSteel,2026-11-12,2026-11-25,2026-11-24,192,On-Time,MAT104,Steel Sheet
PO2412,SUP005,PrimeSteel,2026-11-13,2026-11-28,2026-12-01,151,Delayed,MAT102,Steel Plate
PO2413,SUP001,AlphaSteel,2026-11-14,2026-12-02,2026-11-28,41,Delayed,MAT103,Steel Bar
PO2414,SUP003,CoreSteel,2026-11-15,2026-11-29,2026-12-01,136,Delayed,MAT104,Steel Sheet
PO2415,SUP005,PrimeSteel,2026-11-16,2026-11-26,2026-12-05,140,On-Time,MAT101,Steel Rod
PO2416,SUP003,CoreSteel,2026-11-17,2026-11-30,2026-11-30,59,On-Time,MAT103,Steel Bar
PO2417,SUP002,BetaMetals,2026-11-18,2026-12-06,2026-12-10,172,On-Time,MAT100,Steel Coil
PO2418,SUP002,BetaMetals,2026-11-19,2026-12-04,2026-11-29,62,On-Time,MAT100,Steel Coil
PO2419,SUP001,AlphaSteel,2026-11-20,2026-12-02,2026-12-01,58,On-Time,MAT104,Steel Sheet
PO2420,SUP001,AlphaSteel,2026-11-21,2026-12-04,2026-12-12,164,On-Time,MAT100,Steel Coil
PO2421,SUP002,BetaMetals,2026-11-22,2026-12-02,2026-12-20,10,Delayed,MAT104,Steel Sheet
PO2422,SUP004,DeltaIron,2026-11-23,2026-12-06,2026-12-07,41,On-Time,MAT100,Steel Coil
PO2423,SUP003,CoreSteel,2026-11-24,2026-12-09,2026-12-15,138,On-Time,MAT102,Steel Plate
PO2424,SUP002,BetaMetals,2026-11-25,2026-12-09,2026-12-23,135,On-Time,MAT102,Steel Plate
PO2425,SUP002,BetaMetals,2026-11-26,2026-12-14,2026-12-16,33,On-Time,MAT100,Steel Coil
PO2426,SUP001,AlphaSteel,2026-11-27,2026-12-16,2026-12-15,187,On-Time,MAT101,Steel Rod
PO2427,SUP005,PrimeSteel,2026-11-28,2026-12-11,2026-12-19,22,On-Time,MAT102,Steel Plate
PO2428,SUP004,DeltaIron,2026-11-29,2026-12-17,2026-12-27,142,On-Time,MAT100,Steel Coil
PO2429,SUP001,AlphaSteel,2026-11-30,2026-12-12,2026-12-27,13,Delayed,MAT102,Steel Plate
PO2430,SUP005,PrimeSteel,2026-12-01,2026-12-14,2026-12-22,196,On-Time,MAT102,Steel Plate
PO2431,SUP004,DeltaIron,2026-12-02,2026-12-19,2026-12-14,165,On-Time,MAT100,Steel Coil
PO2432,SUP001,AlphaSteel,2026-12-03,2026-12-22,2026-12-18,33,Delayed,MAT104,Steel Sheet
PO2433,SUP004,DeltaIron,2026-12-04,2026-12-22,2026-12-20,36,Delayed,MAT104,Steel Sheet
PO2434,SUP001,AlphaSteel,2026-12-05,2026-12-18,2026-12-30,145,On-Time,MAT102,Steel Plate
PO2435,SUP002,BetaMetals,2026-12-06,2026-12-19,2026-12-27,31,On-Time,MAT103,Steel Bar
PO2436,SUP001,AlphaSteel,2026-12-07,2026-12-25,2026-12-31,58,On-Time,MAT104,Steel Sheet
PO2437,SUP002,BetaMetals,2026-12-08,2026-12-19,2026-12-29,175,On-Time,MAT101,Steel Rod
PO2438,SUP001,AlphaSteel,2026-12-09,2026-12-19,2027-01-07,66,On-Time,MAT104,Steel Sheet
PO2439,SUP004,DeltaIron,2026-12-10,2026-12-24,2026-12-31,194,On-Time,MAT100,Steel Coil
PO2440,SUP005,PrimeSteel,2026-12-11,2026-12-21,2027-01-04,65,On-Time,MAT102,Steel Plate
PO2441,SUP004,DeltaIron,2026-12-12,2026-12-31,2026-12-29,196,On-Time,MAT102,Steel Plate
PO2442,SUP003,CoreSteel,2026-12-13,2027-01-01,2027-01-05,170,Delayed,MAT103,Steel Bar
PO2443,SUP002,BetaMetals,2026-12-14,2026-12-27,2027-01-12,95,On-Time,MAT103,Steel Bar
PO2444,SUP004,DeltaIron,2026-12-15,2026-12-25,2027-01-13,65,On-Time,MAT103,Steel Bar
PO2445,SUP002,BetaMetals,2026-12-16,2027-01-01,2026-12-27,105,On-Time,MAT104,Steel Sheet
PO2446,SUP004,DeltaIron,2026-12-17,2026-12-31,2027-01-02,138,On-Time,MAT103,Steel Bar
PO2447,SUP003,CoreSteel,2026-12-18,2027-01-03,2027-01-06,80,On-Time,MAT104,Steel Sheet
PO2448,SUP003,CoreSteel,2026-12-19,2027-01-04,2027-01-09,86,On-Time,MAT104,Steel Sheet
PO2449,SUP005,PrimeSteel,2026-12-20,2027-01-06,2027-01-15,169,On-Time,MAT101,Steel Rod
PO2450,SUP004,DeltaIron,2026-12-21,2027-01-09,2027-01-06,102,Delayed,MAT102,Steel Plate
PO2451,SUP002,BetaMetals,2026-12-22,2027-01-02,2027-01-09,37,On-Time,MAT100,Steel Coil
PO2452,SUP002,BetaMetals,2026-12-23,2027-01-03,2027-01-18,26,On-Time,MAT101,Steel Rod
PO2453,SUP002,BetaMetals,2026-12-24,2027-01-09,2027-01-15,150,On-Time,MAT102,Steel Plate
PO2454,SUP003,CoreSteel,2026-12-25,2027-01-13,2027-01-10,138,On-Time,MAT103,Steel Bar
PO2455,SUP005,PrimeSteel,2026-12-26,2027-01-13,2027-01-05,125,Delayed,MAT101,Steel Rod
PO2456,SUP001,AlphaSteel,2026-12-27,2027-01-09,2027-01-10,95,Delayed,MAT102,Steel Plate
PO2457,SUP003,CoreSteel,2026-12-28,2027-01-08,2027-01-21,130,On-Time,MAT104,Steel Sheet
PO2458,SUP002,BetaMetals,2026-12-29,2027-01-17,2027-01-22,60,On-Time,MAT102,Steel Plate
PO2459,SUP005,PrimeSteel,2026-12-30,2027-01-13,2027-01-25,80,Delayed,MAT103,Steel Bar
PO2460,SUP001,AlphaSteel,2026-12-31,2027-01-10,2027-01-26,95,On-Time,MAT104,Steel Sheet
PO2461,SUP004,DeltaIron,2027-01-01,2027-01-19,2027-01-21,44,On-Time,MAT104,Steel Sheet
PO2462,SUP005,PrimeSteel,2027-01-02,2027-01-15,2027-01-18,69,On-Time,MAT102,Steel Plate
PO2463,SUP001,AlphaSteel,2027-01-03,2027-01-16,2027-01-23,126,Delayed,MAT104,Steel Sheet
PO2464,SUP003,CoreSteel,2027-01-04,2027-01-22,2027-01-25,151,On-Time,MAT100,Steel Coil
PO2465,SUP001,AlphaSteel,2027-01-05,2027-01-19,2027-01-21,143,Delayed,MAT101,Steel Rod
PO2466,SUP002,BetaMetals,2027-01-06,2027-01-23,2027-01-23,54,On-Time,MAT104,Steel Sheet
PO2467,SUP005,PrimeSteel,2027-01-07,2027-01-21,2027-01-23,111,On-Time,MAT101,Steel Rod
PO2468,SUP004,DeltaIron,2027-01-08,2027-01-27,2027-01-20,103,On-Time,MAT102,Steel Plate
PO2469,SUP001,AlphaSteel,2027-01-09,2027-01-25,2027-01-28,44,Delayed,MAT100,Steel Coil
PO2470,SUP002,BetaMetals,2027-01-10,2027-01-29,2027-02-07,95,On-Time,MAT103,Steel Bar
PO2471,SUP004,DeltaIron,2027-01-11,2027-01-22,2027-01-31,198,Delayed,MAT100,Steel Coil
PO2472,SUP005,PrimeSteel,2027-01-12,2027-01-25,2027-02-10,174,On-Time,MAT104,Steel Sheet
PO2473,SUP004,DeltaIron,2027-01-13,2027-02-01,2027-01-31,117,On-Time,MAT102,Steel Plate
PO2474,SUP003,CoreSteel,2027-01-14,2027-01-30,2027-01-31,194,Delayed,MAT100,Steel Coil
PO2475,SUP001,AlphaSteel,2027-01-15,2027-02-02,2027-02-09,142,Delayed,MAT100,Steel Coil
PO2476,SUP004,DeltaIron,2027-01-16,2027-01-29,2027-02-12,91,On-Time,MAT103,Steel Bar
PO2477,SUP001,AlphaSteel,2027-01-17,2027-01-28,2027-02-11,57,On-Time,MAT104,Steel Sheet
PO2478,SUP004,DeltaIron,2027-01-18,2027-01-29,2027-01-31,21,On-Time,MAT101,Steel Rod
PO2479,SUP004,DeltaIron,2027-01-19,2027-02-01,2027-02-01,21,Delayed,MAT101,Steel Rod
PO2480,SUP005,PrimeSteel,2027-01-20,2027-02-08,2027-02-14,14,On-Time,MAT100,Steel Coil
PO2481,SUP004,DeltaIron,2027-01-21,2027-02-02,2027-02-09,155,On-Time,MAT102,Steel Plate
PO2482,SUP002,BetaMetals,2027-01-22,2027-02-08,2027-02-03,136,Delayed,MAT102,Steel Plate
PO2483,SUP005,PrimeSteel,2027-01-23,2027-02-06,2027-02-18,100,Delayed,MAT100,Steel Coil
PO2484,SUP005,PrimeSteel,2027-01-24,2027-02-08,2027-02-21,149,Delayed,MAT104,Steel Sheet
PO2485,SUP003,CoreSteel,2027-01-25,2027-02-06,2027-02-21,24,Delayed,MAT104,Steel Sheet
PO2486,SUP003,CoreSteel,2027-01-26,2027-02-07,2027-02-15,67,Delayed,MAT100,Steel Coil
PO2487,SUP004,DeltaIron,2027-01-27,2027-02-13,2027-02-16,114,Delayed,MAT100,Steel Coil
PO2488,SUP001,AlphaSteel,2027-01-28,2027-02-10,2027-02-11,101,On-Time,MAT100,Steel Coil
PO2489,SUP005,PrimeSteel,2027-01-29,2027-02-08,2027-02-27,29,On-Time,MAT100,Steel Coil
PO2490,SUP005,PrimeSteel,2027-01-30,2027-02-09,2027-02-11,130,On-Time,MAT104,Steel Sheet
PO2491,SUP002,BetaMetals,2027-01-31,2027-02-11,2027-02-16,50,Delayed,MAT104,Steel Sheet
PO2492,SUP005,PrimeSteel,2027-02-01,2027-02-12,2027-02-28,73,Delayed,MAT100,Steel Coil
PO2493,SUP005,PrimeSteel,2027-02-02,2027-02-18,2027-02-13,64,On-Time,MAT104,Steel Sheet
PO2494,SUP005,PrimeSteel,2027-02-03,2027-02-17,2027-02-18,126,Delayed,MAT100,Steel Coil
PO2495,SUP001,AlphaSteel,2027-02-04,2027-02-20,2027-02-26,28,On-Time,MAT102,Steel Plate
PO2496,SUP001,AlphaSteel,2027-02-05,2027-02-24,2027-03-02,146,Delayed,MAT104,Steel Sheet
PO2497,SUP004,DeltaIron,2027-02-06,2027-02-17,2027-02-27,104,Delayed,MAT104,Steel Sheet
PO2498,SUP004,DeltaIron,2027-02-07,2027-02-21,2027-03-04,150,Delayed,MAT100,Steel Coil
PO2499,SUP004,DeltaIron,2027-02-08,2027-02-20,2027-03-02,149,On-Time,MAT103,Steel Bar
PO2500,SUP001,AlphaSteel,2027-02-09,2027-02-24,2027-02-25,106,Delayed,MAT103,Steel Bar
PO2501,SUP005,PrimeSteel,2027-02-10,2027-02-20,2027-03-03,85,On-Time,MAT100,Steel Coil
PO2502,SUP004,DeltaIron,2027-02-11,2027-03-01,2027-03-08,11,On-Time,MAT100,Steel Coil
PO2503,SUP003,CoreSteel,2027-02-12,2027-02-28,2027-03-03,121,On-Time,MAT103,Steel Bar
PO2504,SUP002,BetaMetals,2027-02-13,2027-03-02,2027-03-10,48,Delayed,MAT104,Steel Sheet
PO2505,SUP001,AlphaSteel,2027-02-14,2027-02-25,2027-03-05,171,On-Time,MAT104,Steel Sheet
PO2506,SUP002,BetaMetals,2027-02-15,2027-02-25,2027-03-13,91,On-Time,MAT102,Steel Plate
PO2507,SUP002,BetaMetals,2027-02-16,2027-03-05,2027-03-16,50,Delayed,MAT100,Steel Coil
PO2508,SUP004,DeltaIron,2027-02-17,2027-02-28,2027-03-17,165,On-Time,MAT104,Steel Sheet
PO2509,SUP004,DeltaIron,2027-02-18,2027-03-09,2027-03-17,109,On-Time,MAT100,Steel Coil
PO2510,SUP002,BetaMetals,2027-02-19,2027-03-07,2027-03-01,71,On-Time,MAT102,Steel Plate
PO2511,SUP004,DeltaIron,2027-02-20,2027-03-11,2027-03-18,12,On-Time,MAT104,Steel Sheet
PO2512,SUP001,AlphaSteel,2027-02-21,2027-03-07,2027-03-06,114,Delayed,MAT103,Steel Bar
PO2513,SUP002,BetaMetals,2027-02-22,2027-03-05,2027-03-23,49,Delayed,MAT100,Steel Coil
PO2514,SUP002,BetaMetals,2027-02-23,2027-03-07,2027-03-20,49,On-Time,MAT104,Steel Sheet
PO2515,SUP002,BetaMetals,2027-02-24,2027-03-08,2027-03-20,43,On-Time,MAT103,Steel Bar
PO2516,SUP001,AlphaSteel,2027-02-25,2027-03-11,2027-03-09,90,Delayed,MAT103,Steel Bar
PO2517,SUP001,AlphaSteel,2027-02-26,2027-03-12,2027-03-24,59,On-Time,MAT100,Steel Coil
PO2518,SUP004,DeltaIron,2027-02-27,2027-03-17,2027-03-14,29,Delayed,MAT102,Steel Plate
PO2519,SUP004,DeltaIron,2027-02-28,2027-03-11,2027-03-11,56,On-Time,MAT104,Steel Sheet
PO2520,SUP001,AlphaSteel,2027-03-01,2027-03-12,2027-03-30,41,On-Time,MAT101,Steel Rod
PO2521,SUP003,CoreSteel,2027-03-02,2027-03-16,2027-03-14,41,On-Time,MAT103,Steel Bar
PO2522,SUP004,DeltaIron,2027-03-03,2027-03-16,2027-04-01,20,On-Time,MAT102,Steel Plate
PO2523,SUP002,BetaMetals,2027-03-04,2027-03-21,2027-04-01,77,On-Time,MAT104,Steel Sheet
PO2524,SUP003,CoreSteel,2027-03-05,2027-03-23,2027-03-31,76,Delayed,MAT103,Steel Bar
PO2525,SUP005,PrimeSteel,2027-03-06,2027-03-22,2027-03-25,24,On-Time,MAT104,Steel Sheet
PO2526,SUP004,DeltaIron,2027-03-07,2027-03-23,2027-03-31,166,Delayed,MAT103,Steel Bar
PO2527,SUP001,AlphaSteel,2027-03-08,2027-03-24,2027-03-18,51,On-Time,MAT100,Steel Coil
PO2528,SUP004,DeltaIron,2027-03-09,2027-03-22,2027-04-05,102,On-Time,MAT102,Steel Plate
PO2529,SUP004,DeltaIron,2027-03-10,2027-03-29,2027-03-31,128,Delayed,MAT100,Steel Coil
PO2530,SUP001,AlphaSteel,2027-03-11,2027-03-22,2027-03-24,109,On-Time,MAT102,Steel Plate
PO2531,SUP003,CoreSteel,2027-03-12,2027-03-28,2027-04-01,150,Delayed,MAT102,Steel Plate
PO2532,SUP005,PrimeSteel,2027-03-13,2027-03-24,2027-03-26,164,Delayed,MAT103,Steel Bar
PO2533,SUP005,PrimeSteel,2027-03-14,2027-04-02,2027-04-10,189,Delayed,MAT102,Steel Plate
PO2534,SUP001,AlphaSteel,2027-03-15,2027-03-31,2027-03-31,197,On-Time,MAT101,Steel Rod
PO2535,SUP003,CoreSteel,2027-03-16,2027-03-30,2027-04-10,30,Delayed,MAT101,Steel Rod
PO2536,SUP005,PrimeSteel,2027-03-17,2027-03-27,2027-04-12,72,On-Time,MAT100,Steel Coil
PO2537,SUP003,CoreSteel,2027-03-18,2027-04-03,2027-03-28,171,On-Time,MAT104,Steel Sheet
PO2538,SUP004,DeltaIron,2027-03-19,2027-04-07,2027-04-10,68,On-Time,MAT100,Steel Coil
PO2539,SUP003,CoreSteel,2027-03-20,2027-04-08,2027-04-13,31,Delayed,MAT101,Steel Rod
PO2540,SUP004,DeltaIron,2027-03-21,2027-04-05,2027-04-13,77,Delayed,MAT103,Steel Bar
PO2541,SUP003,CoreSteel,2027-03-22,2027-04-08,2027-04-11,17,On-Time,MAT100,Steel Coil
PO2542,SUP005,PrimeSteel,2027-03-23,2027-04-08,2027-04-20,105,On-Time,MAT103,Steel Bar
PO2543,SUP001,AlphaSteel,2027-03-24,2027-04-09,2027-04-16,12,On-Time,MAT101,Steel Rod
PO2544,SUP004,DeltaIron,2027-03-25,2027-04-13,2027-04-23,158,Delayed,MAT104,Steel Sheet
PO2545,SUP004,DeltaIron,2027-03-26,2027-04-05,2027-04-06,84,On-Time,MAT103,Steel Bar
PO2546,SUP001,AlphaSteel,2027-03-27,2027-04-12,2027-04-19,87,Delayed,MAT100,Steel Coil
PO2547,SUP004,DeltaIron,2027-03-28,2027-04-09,2027-04-12,181,Delayed,MAT102,Steel Plate
PO2548,SUP002,BetaMetals,2027-03-29,2027-04-11,2027-04-13,118,On-Time,MAT100,Steel Coil
PO2549,SUP002,BetaMetals,2027-03-30,2027-04-18,2027-04-17,98,On-Time,MAT102,Steel Plate
PO2550,SUP002,BetaMetals,2027-03-31,2027-04-14,2027-04-26,97,On-Time,MAT103,Steel Bar
PO2551,SUP004,DeltaIron,2027-04-01,2027-04-15,2027-04-25,181,On-Time,MAT104,Steel Sheet
PO2552,SUP003,CoreSteel,2027-04-02,2027-04-19,2027-04-26,79,On-Time,MAT101,Steel Rod
PO2553,SUP005,PrimeSteel,2027-04-03,2027-04-18,2027-04-13,71,On-Time,MAT104,Steel Sheet
PO2554,SUP004,DeltaIron,2027-04-04,2027-04-17,2027-04-22,32,On-Time,MAT103,Steel Bar
PO2555,SUP002,BetaMetals,2027-04-05,2027-04-17,2027-04-16,17,On-Time,MAT103,Steel Bar
PO2556,SUP003,CoreSteel,2027-04-06,2027-04-25,2027-04-25,152,On-Time,MAT101,Steel Rod
PO2557,SUP002,BetaMetals,2027-04-07,2027-04-19,2027-04-18,14,On-Time,MAT103,Steel Bar
PO2558,SUP004,DeltaIron,2027-04-08,2027-04-21,2027-05-06,96,Delayed,MAT101,Steel Rod
PO2559,SUP002,BetaMetals,2027-04-09,2027-04-19,2027-04-22,38,On-Time,MAT103,Steel Bar
PO2560,SUP005,PrimeSteel,2027-04-10,2027-04-22,2027-05-02,23,On-Time,MAT101,Steel Rod
PO2561,SUP004,DeltaIron,2027-04-11,2027-04-22,2027-05-01,24,On-Time,MAT101,Steel Rod
PO2562,SUP002,BetaMetals,2027-04-12,2027-04-27,2027-05-07,51,Delayed,MAT101,Steel Rod
PO2563,SUP003,CoreSteel,2027-04-13,2027-04-28,2027-05-12,63,On-Time,MAT104,Steel Sheet
PO2564,SUP004,DeltaIron,2027-04-14,2027-04-28,2027-04-30,164,Delayed,MAT100,Steel Coil
PO2565,SUP002,BetaMetals,2027-04-15,2027-04-27,2027-05-02,43,On-Time,MAT100,Steel Coil
PO2566,SUP002,BetaMetals,2027-04-16,2027-04-26,2027-04-28,126,On-Time,MAT102,Steel Plate
PO2567,SUP002,BetaMetals,2027-04-17,2027-04-30,2027-05-13,93,On-Time,MAT104,Steel Sheet
PO2568,SUP004,DeltaIron,2027-04-18,2027-05-07,2027-05-08,10,Delayed,MAT100,Steel Coil
PO2569,SUP004,DeltaIron,2027-04-19,2027-04-30,2027-05-07,148,On-Time,MAT103,Steel Bar
PO2570,SUP002,BetaMetals,2027-04-20,2027-05-07,2027-05-01,35,On-Time,MAT102,Steel Plate
PO2571,SUP005,PrimeSteel,2027-04-21,2027-05-09,2027-05-08,123,On-Time,MAT100,Steel Coil
PO2572,SUP002,BetaMetals,2027-04-22,2027-05-02,2027-05-17,15,On-Time,MAT102,Steel Plate
PO2573,SUP005,PrimeSteel,2027-04-23,2027-05-03,2027-05-08,94,On-Time,MAT100,Steel Coil
PO2574,SUP003,CoreSteel,2027-04-24,2027-05-05,2027-05-20,190,On-Time,MAT101,Steel Rod
PO2575,SUP005,PrimeSteel,2027-04-25,2027-05-11,2027-05-14,186,On-Time,MAT101,Steel Rod
PO2576,SUP003,CoreSteel,2027-04-26,2027-05-13,2027-05-21,69,On-Time,MAT101,Steel Rod
PO2577,SUP005,PrimeSteel,2027-04-27,2027-05-10,2027-05-24,69,On-Time,MAT100,Steel Coil
PO2578,SUP004,DeltaIron,2027-04-28,2027-05-14,2027-05-09,84,On-Time,MAT101,Steel Rod
PO2579,SUP004,DeltaIron,2027-04-29,2027-05-12,2027-05-10,97,Delayed,MAT101,Steel Rod
PO2580,SUP005,PrimeSteel,2027-04-30,2027-05-15,2027-05-11,63,Delayed,MAT100,Steel Coil
PO2581,SUP003,CoreSteel,2027-05-01,2027-05-16,2027-05-15,113,On-Time,MAT101,Steel Rod
PO2582,SUP002,BetaMetals,2027-05-02,2027-05-16,2027-05-30,195,Delayed,MAT100,Steel Coil
PO2583,SUP002,BetaMetals,2027-05-03,2027-05-13,2027-05-21,148,On-Time,MAT104,Steel Sheet
PO2584,SUP003,CoreSteel,2027-05-04,2027-05-14,2027-05-18,192,On-Time,MAT103,Steel Bar
PO2585,SUP004,DeltaIron,2027-05-05,2027-05-17,2027-05-23,16,On-Time,MAT104,Steel Sheet
PO2586,SUP004,DeltaIron,2027-05-06,2027-05-23,2027-05-31,198,On-Time,MAT103,Steel Bar
PO2587,SUP005,PrimeSteel,2027-05-07,2027-05-18,2027-06-01,31,On-Time,MAT101,Steel Rod
PO2588,SUP003,CoreSteel,2027-05-08,2027-05-26,2027-06-01,134,On-Time,MAT102,Steel Plate
PO2589,SUP003,CoreSteel,2027-05-09,2027-05-20,2027-06-07,41,On-Time,MAT104,Steel Sheet
PO2590,SUP002,BetaMetals,2027-05-10,2027-05-23,2027-06-04,144,Delayed,MAT102,Steel Plate
PO2591,SUP002,BetaMetals,2027-05-11,2027-05-25,2027-05-29,32,On-Time,MAT100,Steel Coil
PO2592,SUP001,AlphaSteel,2027-05-12,2027-05-23,2027-06-06,68,Delayed,MAT103,Steel Bar
PO2593,SUP002,BetaMetals,2027-05-13,2027-05-28,2027-06-06,94,On-Time,MAT104,Steel Sheet
PO2594,SUP003,CoreSteel,2027-05-14,2027-06-01,2027-06-05,161,On-Time,MAT103,Steel Bar
PO2595,SUP003,CoreSteel,2027-05-15,2027-05-26,2027-06-02,52,Delayed,MAT104,Steel Sheet
PO2596,SUP004,DeltaIron,2027-05-16,2027-06-01,2027-05-30,145,On-Time,MAT104,Steel Sheet
PO2597,SUP002,BetaMetals,2027-05-17,2027-06-01,2027-06-06,97,On-Time,MAT103,Steel Bar
PO2598,SUP001,AlphaSteel,2027-05-18,2027-05-29,2027-05-29,52,On-Time,MAT102,Steel Plate
PO2599,SUP004,DeltaIron,2027-05-19,2027-05-31,2027-06-02,34,Delayed,MAT102,Steel Plate
PO2600,SUP003,CoreSteel,2027-05-20,2027-05-31,2027-06-03,75,On-Time,MAT104,Steel Sheet
PO2601,SUP002,BetaMetals,2027-05-21,2027-06-01,2027-06-07,172,On-Time,MAT100,Steel Coil
PO2602,SUP005,PrimeSteel,2027-05-22,2027-06-05,2027-06-10,142,On-Time,MAT103,Steel Bar
PO2603,SUP005,PrimeSteel,2027-05-23,2027-06-07,2027-06-10,75,On-Time,MAT102,Steel Plate
PO2604,SUP002,BetaMetals,2027-05-24,2027-06-10,2027-06-04,139,On-Time,MAT100,Steel Coil
PO2605,SUP003,CoreSteel,2027-05-25,2027-06-08,2027-06-12,179,On-Time,MAT102,Steel Plate
PO2606,SUP004,DeltaIron,2027-05-26,2027-06-11,2027-06-19,162,On-Time,MAT100,Steel Coil
PO2607,SUP003,CoreSteel,2027-05-27,2027-06-10,2027-06-10,172,On-Time,MAT101,Steel Rod
PO2608,SUP004,DeltaIron,2027-05-28,2027-06-16,2027-06-25,67,Delayed,MAT102,Steel Plate
PO2609,SUP002,BetaMetals,2027-05-29,2027-06-12,2027-06-11,168,Delayed,MAT100,Steel Coil
PO2610,SUP001,AlphaSteel,2027-05-30,2027-06-13,2027-06-17,24,Delayed,MAT101,Steel Rod
PO2611,SUP003,CoreSteel,2027-05-31,2027-06-13,2027-06-14,92,On-Time,MAT101,Steel Rod
PO2612,SUP005,PrimeSteel,2027-06-01,2027-06-16,2027-06-25,124,On-Time,MAT102,Steel Plate
PO2613,SUP002,BetaMetals,2027-06-02,2027-06-18,2027-06-21,57,Delayed,MAT103,Steel Bar
PO2614,SUP004,DeltaIron,2027-06-03,2027-06-17,2027-06-30,181,On-Time,MAT104,Steel Sheet
PO2615,SUP003,CoreSteel,2027-06-04,2027-06-21,2027-06-29,152,On-Time,MAT100,Steel Coil
PO2616,SUP001,AlphaSteel,2027-06-05,2027-06-18,2027-06-25,161,On-Time,MAT102,Steel Plate
PO2617,SUP003,CoreSteel,2027-06-06,2027-06-17,2027-06-24,80,On-Time,MAT104,Steel Sheet
PO2618,SUP003,CoreSteel,2027-06-07,2027-06-20,2027-06-29,33,On-Time,MAT102,Steel Plate
PO2619,SUP003,CoreSteel,2027-06-08,2027-06-20,2027-07-05,150,On-Time,MAT104,Steel Sheet
PO2620,SUP005,PrimeSteel,2027-06-09,2027-06-21,2027-07-06,162,On-Time,MAT102,Steel Plate
PO2621,SUP005,PrimeSteel,2027-06-10,2027-06-20,2027-07-05,11,Delayed,MAT100,Steel Coil
PO2622,SUP001,AlphaSteel,2027-06-11,2027-06-28,2027-06-27,98,On-Time,MAT104,Steel Sheet
PO2623,SUP002,BetaMetals,2027-06-12,2027-06-22,2027-06-24,10,On-Time,MAT102,Steel Plate
PO2624,SUP001,AlphaSteel,2027-06-13,2027-06-25,2027-07-04,19,Delayed,MAT101,Steel Rod
PO2625,SUP004,DeltaIron,2027-06-14,2027-06-27,2027-06-26,65,On-Time,MAT104,Steel Sheet
PO2626,SUP005,PrimeSteel,2027-06-15,2027-06-26,2027-07-07,104,On-Time,MAT103,Steel Bar
PO2627,SUP005,PrimeSteel,2027-06-16,2027-07-01,2027-06-30,126,On-Time,MAT101,Steel Rod
PO2628,SUP004,DeltaIron,2027-06-17,2027-07-02,2027-06-30,145,On-Time,MAT103,Steel Bar
PO2629,SUP003,CoreSteel,2027-06-18,2027-06-28,2027-07-12,178,On-Time,MAT100,Steel Coil
PO2630,SUP001,AlphaSteel,2027-06-19,2027-07-06,2027-07-03,37,Delayed,MAT100,Steel Coil
PO2631,SUP002,BetaMetals,2027-06-20,2027-07-09,2027-07-16,152,Delayed,MAT104,Steel Sheet
PO2632,SUP003,CoreSteel,2027-06-21,2027-07-05,2027-07-09,132,On-Time,MAT101,Steel Rod
PO2633,SUP004,DeltaIron,2027-06-22,2027-07-04,2027-07-11,183,On-Time,MAT104,Steel Sheet
PO2634,SUP002,BetaMetals,2027-06-23,2027-07-07,2027-07-06,155,On-Time,MAT103,Steel Bar
PO2635,SUP003,CoreSteel,2027-06-24,2027-07-13,2027-07-04,69,On-Time,MAT104,Steel Sheet
PO2636,SUP005,PrimeSteel,2027-06-25,2027-07-08,2027-07-16,28,Delayed,MAT101,Steel Rod
PO2637,SUP005,PrimeSteel,2027-06-26,2027-07-13,2027-07-21,126,Delayed,MAT101,Steel Rod
PO2638,SUP004,DeltaIron,2027-06-27,2027-07-13,2027-07-21,48,On-Time,MAT104,Steel Sheet
PO2639,SUP002,BetaMetals,2027-06-28,2027-07-12,2027-07-17,190,On-Time,MAT104,Steel Sheet
PO2640,SUP001,AlphaSteel,2027-06-29,2027-07-18,2027-07-28,135,On-Time,MAT101,Steel Rod
PO2641,SUP003,CoreSteel,2027-06-30,2027-07-12,2027-07-10,105,On-Time,MAT102,Steel Plate
PO2642,SUP002,BetaMetals,2027-07-01,2027-07-20,2027-07-16,193,On-Time,MAT101,Steel Rod
PO2643,SUP001,AlphaSteel,2027-07-02,2027-07-19,2027-07-30,32,On-Time,MAT102,Steel Plate
PO2644,SUP003,CoreSteel,2027-07-03,2027-07-22,2027-07-29,39,Delayed,MAT100,Steel Coil
PO2645,SUP005,PrimeSteel,2027-07-04,2027-07-19,2027-07-22,78,On-Time,MAT102,Steel Plate
PO2646,SUP004,DeltaIron,2027-07-05,2027-07-22,2027-07-26,157,On-Time,MAT100,Steel Coil
PO2647,SUP005,PrimeSteel,2027-07-06,2027-07-22,2027-08-03,63,On-Time,MAT102,Steel Plate
PO2648,SUP005,PrimeSteel,2027-07-07,2027-07-26,2027-07-19,110,On-Time,MAT102,Steel Plate
PO2649,SUP003,CoreSteel,2027-07-08,2027-07-27,2027-07-28,105,On-Time,MAT101,Steel Rod
PO2650,SUP004,DeltaIron,2027-07-09,2027-07-20,2027-07-21,60,On-Time,MAT102,Steel Plate
PO2651,SUP004,DeltaIron,2027-07-10,2027-07-22,2027-08-03,166,On-Time,MAT103,Steel Bar
PO2652,SUP002,BetaMetals,2027-07-11,2027-07-30,2027-07-25,15,On-Time,MAT100,Steel Coil
PO2653,SUP005,PrimeSteel,2027-07-12,2027-07-26,2027-07-26,134,On-Time,MAT103,Steel Bar
PO2654,SUP003,CoreSteel,2027-07-13,2027-07-31,2027-08-02,162,Delayed,MAT104,Steel Sheet
PO2655,SUP001,AlphaSteel,2027-07-14,2027-07-30,2027-07-25,108,On-Time,MAT103,Steel Bar
PO2656,SUP003,CoreSteel,2027-07-15,2027-08-01,2027-07-30,184,Delayed,MAT100,Steel Coil
PO2657,SUP005,PrimeSteel,2027-07-16,2027-08-04,2027-08-05,73,On-Time,MAT102,Steel Plate
PO2658,SUP005,PrimeSteel,2027-07-17,2027-07-31,2027-08-03,81,Delayed,MAT104,Steel Sheet
PO2659,SUP001,AlphaSteel,2027-07-18,2027-08-01,2027-08-06,163,Delayed,MAT104,Steel Sheet
PO2660,SUP004,DeltaIron,2027-07-19,2027-08-01,2027-08-17,14,Delayed,MAT104,Steel Sheet
PO2661,SUP001,AlphaSteel,2027-07-20,2027-08-05,2027-08-10,65,Delayed,MAT103,Steel Bar
PO2662,SUP005,PrimeSteel,2027-07-21,2027-08-07,2027-08-09,161,Delayed,MAT100,Steel Coil
PO2663,SUP001,AlphaSteel,2027-07-22,2027-08-01,2027-08-07,106,Delayed,MAT101,Steel Rod
PO2664,SUP001,AlphaSteel,2027-07-23,2027-08-06,2027-08-04,22,On-Time,MAT101,Steel Rod
PO2665,SUP003,CoreSteel,2027-07-24,2027-08-06,2027-08-09,159,Delayed,MAT104,Steel Sheet
PO2666,SUP003,CoreSteel,2027-07-25,2027-08-04,2027-08-04,88,On-Time,MAT104,Steel Sheet
PO2667,SUP003,CoreSteel,2027-07-26,2027-08-12,2027-08-24,61,Delayed,MAT104,Steel Sheet
PO2668,SUP002,BetaMetals,2027-07-27,2027-08-07,2027-08-18,86,On-Time,MAT101,Steel Rod
PO2669,SUP001,AlphaSteel,2027-07-28,2027-08-15,2027-08-22,118,On-Time,MAT103,Steel Bar
PO2670,SUP001,AlphaSteel,2027-07-29,2027-08-09,2027-08-22,181,Delayed,MAT102,Steel Plate
PO2671,SUP004,DeltaIron,2027-07-30,2027-08-10,2027-08-14,186,Delayed,MAT102,Steel Plate
PO2672,SUP002,BetaMetals,2027-07-31,2027-08-18,2027-08-24,150,Delayed,MAT100,Steel Coil
PO2673,SUP004,DeltaIron,2027-08-01,2027-08-20,2027-08-23,114,On-Time,MAT103,Steel Bar
PO2674,SUP003,CoreSteel,2027-08-02,2027-08-14,2027-08-12,102,On-Time,MAT103,Steel Bar
PO2675,SUP004,DeltaIron,2027-08-03,2027-08-22,2027-08-20,43,On-Time,MAT100,Steel Coil
PO2676,SUP005,PrimeSteel,2027-08-04,2027-08-22,2027-09-02,142,On-Time,MAT104,Steel Sheet
PO2677,SUP002,BetaMetals,2027-08-05,2027-08-23,2027-08-22,133,Delayed,MAT101,Steel Rod
PO2678,SUP005,PrimeSteel,2027-08-06,2027-08-19,2027-09-03,187,On-Time,MAT104,Steel Sheet
PO2679,SUP001,AlphaSteel,2027-08-07,2027-08-25,2027-08-28,154,Delayed,MAT101,Steel Rod
PO2680,SUP003,CoreSteel,2027-08-08,2027-08-20,2027-08-24,14,Delayed,MAT103,Steel Bar
PO2681,SUP002,BetaMetals,2027-08-09,2027-08-25,2027-08-23,121,On-Time,MAT100,Steel Coil
PO2682,SUP003,CoreSteel,2027-08-10,2027-08-28,2027-08-29,176,Delayed,MAT103,Steel Bar
PO2683,SUP004,DeltaIron,2027-08-11,2027-08-21,2027-08-27,76,Delayed,MAT102,Steel Plate
PO2684,SUP002,BetaMetals,2027-08-12,2027-08-24,2027-08-23,39,On-Time,MAT101,Steel Rod
PO2685,SUP002,BetaMetals,2027-08-13,2027-08-29,2027-09-07,153,Delayed,MAT100,Steel Coil
PO2686,SUP003,CoreSteel,2027-08-14,2027-08-31,2027-08-30,166,On-Time,MAT101,Steel Rod
PO2687,SUP003,CoreSteel,2027-08-15,2027-08-31,2027-09-11,54,Delayed,MAT100,Steel Coil
PO2688,SUP002,BetaMetals,2027-08-16,2027-09-03,2027-08-27,175,Delayed,MAT102,Steel Plate
PO2689,SUP003,CoreSteel,2027-08-17,2027-08-29,2027-08-29,168,On-Time,MAT104,Steel Sheet
PO2690,SUP001,AlphaSteel,2027-08-18,2027-08-30,2027-08-30,38,On-Time,MAT104,Steel Sheet
PO2691,SUP001,AlphaSteel,2027-08-19,2027-08-29,2027-09-04,55,On-Time,MAT101,Steel Rod
PO2692,SUP003,CoreSteel,2027-08-20,2027-08-31,2027-09-13,44,On-Time,MAT100,Steel Coil
PO2693,SUP005,PrimeSteel,2027-08-21,2027-09-01,2027-09-04,38,On-Time,MAT103,Steel Bar
PO2694,SUP003,CoreSteel,2027-08-22,2027-09-01,2027-09-04,39,On-Time,MAT103,Steel Bar
PO2695,SUP002,BetaMetals,2027-08-23,2027-09-10,2027-09-10,189,Delayed,MAT101,Steel Rod
PO2696,SUP001,AlphaSteel,2027-08-24,2027-09-07,2027-09-10,191,Delayed,MAT101,Steel Rod
PO2697,SUP003,CoreSteel,2027-08-25,2027-09-10,2027-09-10,99,On-Time,MAT104,Steel Sheet
PO2698,SUP002,BetaMetals,2027-08-26,2027-09-09,2027-09-07,167,On-Time,MAT100,Steel Coil
PO2699,SUP001,AlphaSteel,2027-08-27,2027-09-12,2027-09-25,159,On-Time,MAT103,Steel Bar
PO2700,SUP002,BetaMetals,2027-08-28,2027-09-10,2027-09-14,195,Delayed,MAT104,Steel Sheet
PO2701,SUP005,PrimeSteel,2027-08-29,2027-09-14,2027-09-11,87,Delayed,MAT104,Steel Sheet
PO2702,SUP004,DeltaIron,2027-08-30,2027-09-11,2027-09-28,17,On-Time,MAT101,Steel Rod
PO2703,SUP005,PrimeSteel,2027-08-31,2027-09-14,2027-09-24,83,Delayed,MAT102,Steel Plate
PO2704,SUP001,AlphaSteel,2027-09-01,2027-09-17,2027-09-20,193,On-Time,MAT100,Steel Coil
PO2705,SUP003,CoreSteel,2027-09-02,2027-09-17,2027-09-20,21,On-Time,MAT103,Steel Bar
PO2706,SUP004,DeltaIron,2027-09-03,2027-09-22,2027-09-14,143,On-Time,MAT100,Steel Coil
PO2707,SUP002,BetaMetals,2027-09-04,2027-09-17,2027-09-21,116,On-Time,MAT100,Steel Coil
PO2708,SUP001,AlphaSteel,2027-09-05,2027-09-23,2027-09-16,10,Delayed,MAT104,Steel Sheet
PO2709,SUP003,CoreSteel,2027-09-06,2027-09-25,2027-09-27,41,On-Time,MAT104,Steel Sheet
PO2710,SUP002,BetaMetals,2027-09-07,2027-09-22,2027-09-21,92,On-Time,MAT103,Steel Bar
PO2711,SUP004,DeltaIron,2027-09-08,2027-09-18,2027-10-01,161,On-Time,MAT100,Steel Coil
PO2712,SUP004,DeltaIron,2027-09-09,2027-09-25,2027-10-03,145,On-Time,MAT103,Steel Bar
PO2713,SUP005,PrimeSteel,2027-09-10,2027-09-20,2027-09-24,195,Delayed,MAT101,Steel Rod
PO2714,SUP003,CoreSteel,2027-09-11,2027-09-25,2027-10-05,92,On-Time,MAT103,Steel Bar
PO2715,SUP003,CoreSteel,2027-09-12,2027-09-29,2027-10-02,150,Delayed,MAT103,Steel Bar
PO2716,SUP002,BetaMetals,2027-09-13,2027-09-30,2027-09-29,61,On-Time,MAT104,Steel Sheet
PO2717,SUP001,AlphaSteel,2027-09-14,2027-09-27,2027-10-10,15,On-Time,MAT100,Steel Coil
PO2718,SUP004,DeltaIron,2027-09-15,2027-09-28,2027-10-06,29,On-Time,MAT103,Steel Bar
PO2719,SUP004,DeltaIron,2027-09-16,2027-10-05,2027-09-26,194,On-Time,MAT104,Steel Sheet
PO2720,SUP003,CoreSteel,2027-09-17,2027-09-30,2027-10-07,82,On-Time,MAT104,Steel Sheet
PO2721,SUP002,BetaMetals,2027-09-18,2027-10-01,2027-10-09,105,On-Time,MAT100,Steel Coil
PO2722,SUP004,DeltaIron,2027-09-19,2027-10-07,2027-10-06,26,On-Time,MAT102,Steel Plate
PO2723,SUP004,DeltaIron,2027-09-20,2027-10-04,2027-10-12,145,On-Time,MAT100,Steel Coil
PO2724,SUP003,CoreSteel,2027-09-21,2027-10-07,2027-10-07,32,On-Time,MAT100,Steel Coil
PO2725,SUP004,DeltaIron,2027-09-22,2027-10-07,2027-10-08,17,Delayed,MAT100,Steel Coil
PO2726,SUP001,AlphaSteel,2027-09-23,2027-10-11,2027-10-16,70,Delayed,MAT102,Steel Plate
PO2727,SUP001,AlphaSteel,2027-09-24,2027-10-09,2027-10-12,198,On-Time,MAT101,Steel Rod
PO2728,SUP004,DeltaIron,2027-09-25,2027-10-11,2027-10-07,31,On-Time,MAT103,Steel Bar
PO2729,SUP004,DeltaIron,2027-09-26,2027-10-07,2027-10-23,114,On-Time,MAT100,Steel Coil
PO2730,SUP003,CoreSteel,2027-09-27,2027-10-12,2027-10-16,55,On-Time,MAT100,Steel Coil
PO2731,SUP001,AlphaSteel,2027-09-28,2027-10-12,2027-10-18,108,On-Time,MAT100,Steel Coil
PO2732,SUP004,DeltaIron,2027-09-29,2027-10-13,2027-10-25,165,On-Time,MAT101,Steel Rod
PO2733,SUP004,DeltaIron,2027-09-30,2027-10-10,2027-10-28,90,On-Time,MAT100,Steel Coil
PO2734,SUP001,AlphaSteel,2027-10-01,2027-10-16,2027-10-11,108,Delayed,MAT100,Steel Coil
PO2735,SUP001,AlphaSteel,2027-10-02,2027-10-20,2027-10-13,189,On-Time,MAT104,Steel Sheet
PO2736,SUP003,CoreSteel,2027-10-03,2027-10-20,2027-10-28,131,On-Time,MAT104,Steel Sheet
PO2737,SUP002,BetaMetals,2027-10-04,2027-10-15,2027-10-23,94,On-Time,MAT101,Steel Rod
PO2738,SUP003,CoreSteel,2027-10-05,2027-10-20,2027-11-01,154,Delayed,MAT100,Steel Coil
PO2739,SUP005,PrimeSteel,2027-10-06,2027-10-18,2027-10-21,10,On-Time,MAT103,Steel Bar
PO2740,SUP004,DeltaIron,2027-10-07,2027-10-19,2027-10-30,153,On-Time,MAT102,Steel Plate
PO2741,SUP005,PrimeSteel,2027-10-08,2027-10-18,2027-11-05,147,Delayed,MAT103,Steel Bar
PO2742,SUP002,BetaMetals,2027-10-09,2027-10-24,2027-10-22,34,On-Time,MAT101,Steel Rod
PO2743,SUP004,DeltaIron,2027-10-10,2027-10-22,2027-10-24,61,Delayed,MAT104,Steel Sheet
PO2744,SUP003,CoreSteel,2027-10-11,2027-10-24,2027-11-09,44,On-Time,MAT104,Steel Sheet
PO2745,SUP002,BetaMetals,2027-10-12,2027-10-23,2027-11-10,155,On-Time,MAT102,Steel Plate
PO2746,SUP004,DeltaIron,2027-10-13,2027-10-28,2027-10-31,155,On-Time,MAT104,Steel Sheet
PO2747,SUP004,DeltaIron,2027-10-14,2027-11-02,2027-11-09,167,On-Time,MAT104,Steel Sheet
PO2748,SUP001,AlphaSteel,2027-10-15,2027-11-01,2027-11-07,197,On-Time,MAT100,Steel Coil
PO2749,SUP004,DeltaIron,2027-10-16,2027-11-02,2027-10-30,111,On-Time,MAT102,Steel Plate
PO2750,SUP002,BetaMetals,2027-10-17,2027-11-05,2027-11-05,42,Delayed,MAT101,Steel Rod
PO2751,SUP001,AlphaSteel,2027-10-18,2027-11-06,2027-11-04,77,On-Time,MAT103,Steel Bar
PO2752,SUP002,BetaMetals,2027-10-19,2027-11-02,2027-11-12,74,Delayed,MAT104,Steel Sheet
PO2753,SUP005,PrimeSteel,2027-10-20,2027-11-04,2027-11-11,125,On-Time,MAT103,Steel Bar
PO2754,SUP001,AlphaSteel,2027-10-21,2027-11-02,2027-11-18,24,Delayed,MAT102,Steel Plate
PO2755,SUP001,AlphaSteel,2027-10-22,2027-11-02,2027-11-05,114,On-Time,MAT100,Steel Coil
PO2756,SUP003,CoreSteel,2027-10-23,2027-11-04,2027-11-16,128,On-Time,MAT101,Steel Rod
PO2757,SUP004,DeltaIron,2027-10-24,2027-11-03,2027-11-08,34,On-Time,MAT102,Steel Plate
PO2758,SUP003,CoreSteel,2027-10-25,2027-11-06,2027-11-14,185,Delayed,MAT101,Steel Rod
PO2759,SUP002,BetaMetals,2027-10-26,2027-11-10,2027-11-15,112,Delayed,MAT102,Steel Plate
PO2760,SUP001,AlphaSteel,2027-10-27,2027-11-12,2027-11-17,198,On-Time,MAT103,Steel Bar
PO2761,SUP001,AlphaSteel,2027-10-28,2027-11-12,2027-11-14,89,On-Time,MAT100,Steel Coil
PO2762,SUP003,CoreSteel,2027-10-29,2027-11-09,2027-11-08,131,Delayed,MAT102,Steel Plate
PO2763,SUP003,CoreSteel,2027-10-30,2027-11-16,2027-11-28,140,On-Time,MAT101,Steel Rod
PO2764,SUP003,CoreSteel,2027-10-31,2027-11-12,2027-11-23,157,On-Time,MAT103,Steel Bar
PO2765,SUP001,AlphaSteel,2027-11-01,2027-11-15,2027-11-29,196,Delayed,MAT102,Steel Plate
PO2766,SUP003,CoreSteel,2027-11-02,2027-11-17,2027-11-17,128,On-Time,MAT103,Steel Bar
PO2767,SUP004,DeltaIron,2027-11-03,2027-11-19,2027-11-29,40,On-Time,MAT102,Steel Plate
PO2768,SUP003,CoreSteel,2027-11-04,2027-11-17,2027-11-24,104,On-Time,MAT104,Steel Sheet
PO2769,SUP005,PrimeSteel,2027-11-05,2027-11-23,2027-12-02,160,On-Time,MAT102,Steel Plate
PO2770,SUP001,AlphaSteel,2027-11-06,2027-11-17,2027-12-04,55,On-Time,MAT102,Steel Plate
PO2771,SUP005,PrimeSteel,2027-11-07,2027-11-24,2027-11-18,26,On-Time,MAT103,Steel Bar
PO2772,SUP001,AlphaSteel,2027-11-08,2027-11-22,2027-12-01,193,On-Time,MAT100,Steel Coil
PO2773,SUP002,BetaMetals,2027-11-09,2027-11-23,2027-12-02,80,Delayed,MAT100,Steel Coil
PO2774,SUP002,BetaMetals,2027-11-10,2027-11-26,2027-12-03,91,Delayed,MAT101,Steel Rod
PO2775,SUP002,BetaMetals,2027-11-11,2027-11-23,2027-12-01,179,Delayed,MAT103,Steel Bar
PO2776,SUP004,DeltaIron,2027-11-12,2027-11-24,2027-11-28,196,On-Time,MAT102,Steel Plate
PO2777,SUP003,CoreSteel,2027-11-13,2027-11-29,2027-12-04,82,Delayed,MAT100,Steel Coil
PO2778,SUP003,CoreSteel,2027-11-14,2027-11-28,2027-12-03,188,On-Time,MAT102,Steel Plate
PO2779,SUP002,BetaMetals,2027-11-15,2027-12-01,2027-11-30,192,Delayed,MAT101,Steel Rod
PO2780,SUP004,DeltaIron,2027-11-16,2027-12-03,2027-12-14,146,On-Time,MAT103,Steel Bar
PO2781,SUP005,PrimeSteel,2027-11-17,2027-12-03,2027-11-29,61,On-Time,MAT103,Steel Bar
PO2782,SUP002,BetaMetals,2027-11-18,2027-11-30,2027-12-16,25,Delayed,MAT102,Steel Plate
PO2783,SUP003,CoreSteel,2027-11-19,2027-12-06,2027-12-06,126,Delayed,MAT104,Steel Sheet
PO2784,SUP004,DeltaIron,2027-11-20,2027-12-05,2027-12-07,61,Delayed,MAT101,Steel Rod
PO2785,SUP003,CoreSteel,2027-11-21,2027-12-06,2027-12-08,166,Delayed,MAT103,Steel Bar
PO2786,SUP005,PrimeSteel,2027-11-22,2027-12-06,2027-12-02,163,On-Time,MAT100,Steel Coil
PO2787,SUP004,DeltaIron,2027-11-23,2027-12-08,2027-12-19,69,On-Time,MAT104,Steel Sheet
PO2788,SUP004,DeltaIron,2027-11-24,2027-12-04,2027-12-07,180,On-Time,MAT103,Steel Bar
PO2789,SUP001,AlphaSteel,2027-11-25,2027-12-12,2027-12-07,31,On-Time,MAT104,Steel Sheet
PO2790,SUP005,PrimeSteel,2027-11-26,2027-12-15,2027-12-22,195,On-Time,MAT100,Steel Coil
PO2791,SUP002,BetaMetals,2027-11-27,2027-12-16,2027-12-13,169,On-Time,MAT104,Steel Sheet
PO2792,SUP004,DeltaIron,2027-11-28,2027-12-14,2027-12-08,92,On-Time,MAT101,Steel Rod
PO2793,SUP002,BetaMetals,2027-11-29,2027-12-18,2027-12-18,187,Delayed,MAT104,Steel Sheet
PO2794,SUP004,DeltaIron,2027-11-30,2027-12-18,2027-12-29,110,On-Time,MAT101,Steel Rod
PO2795,SUP004,DeltaIron,2027-12-01,2027-12-12,2027-12-24,198,On-Time,MAT104,Steel Sheet
PO2796,SUP004,DeltaIron,2027-12-02,2027-12-16,2027-12-21,196,On-Time,MAT100,Steel Coil
PO2797,SUP001,AlphaSteel,2027-12-03,2027-12-13,2027-12-17,145,On-Time,MAT104,Steel Sheet
PO2798,SUP004,DeltaIron,2027-12-04,2027-12-17,2027-12-29,191,Delayed,MAT104,Steel Sheet
PO2799,SUP003,CoreSteel,2027-12-05,2027-12-15,2028-01-01,37,On-Time,MAT100,Steel Coil
PO2800,SUP003,CoreSteel,2027-12-06,2027-12-18,2027-12-30,152,On-Time,MAT100,Steel Coil
PO2801,SUP002,BetaMetals,2027-12-07,2027-12-21,2028-01-02,56,Delayed,MAT101,Steel Rod
PO2802,SUP004,DeltaIron,2027-12-08,2027-12-26,2027-12-29,21,Delayed,MAT104,Steel Sheet
PO2803,SUP001,AlphaSteel,2027-12-09,2027-12-24,2028-01-06,163,On-Time,MAT103,Steel Bar
PO2804,SUP004,DeltaIron,2027-12-10,2027-12-22,2027-12-22,72,On-Time,MAT104,Steel Sheet
PO2805,SUP001,AlphaSteel,2027-12-11,2027-12-24,2028-01-07,87,On-Time,MAT101,Steel Rod
PO2806,SUP003,CoreSteel,2027-12-12,2027-12-23,2028-01-03,191,On-Time,MAT104,Steel Sheet
PO2807,SUP004,DeltaIron,2027-12-13,2027-12-31,2027-12-31,78,On-Time,MAT102,Steel Plate
PO2808,SUP004,DeltaIron,2027-12-14,2027-12-28,2028-01-04,136,On-Time,MAT100,Steel Coil
PO2809,SUP005,PrimeSteel,2027-12-15,2027-12-25,2028-01-11,116,On-Time,MAT103,Steel Bar
PO2810,SUP003,CoreSteel,2027-12-16,2027-12-29,2027-12-28,26,On-Time,MAT104,Steel Sheet
PO2811,SUP002,BetaMetals,2027-12-17,2027-12-27,2027-12-30,161,On-Time,MAT102,Steel Plate
PO2812,SUP002,BetaMetals,2027-12-18,2028-01-05,2027-12-28,87,Delayed,MAT101,Steel Rod
PO2813,SUP003,CoreSteel,2027-12-19,2028-01-02,2027-12-30,189,On-Time,MAT103,Steel Bar
PO2814,SUP004,DeltaIron,2027-12-20,2028-01-08,2028-01-14,183,On-Time,MAT100,Steel Coil
PO2815,SUP003,CoreSteel,2027-12-21,2028-01-03,2028-01-10,185,On-Time,MAT102,Steel Plate
PO2816,SUP002,BetaMetals,2027-12-22,2028-01-01,2028-01-14,61,Delayed,MAT101,Steel Rod
PO2817,SUP005,PrimeSteel,2027-12-23,2028-01-11,2028-01-21,24,On-Time,MAT104,Steel Sheet
PO2818,SUP005,PrimeSteel,2027-12-24,2028-01-03,2028-01-05,179,Delayed,MAT102,Steel Plate
PO2819,SUP001,AlphaSteel,2027-12-25,2028-01-11,2028-01-09,45,On-Time,MAT101,Steel Rod
PO2820,SUP004,DeltaIron,2027-12-26,2028-01-09,2028-01-17,74,On-Time,MAT104,Steel Sheet
PO2821,SUP001,AlphaSteel,2027-12-27,2028-01-08,2028-01-06,27,On-Time,MAT103,Steel Bar
PO2822,SUP004,DeltaIron,2027-12-28,2028-01-15,2028-01-25,17,On-Time,MAT101,Steel Rod
PO2823,SUP001,AlphaSteel,2027-12-29,2028-01-16,2028-01-10,97,On-Time,MAT102,Steel Plate
PO2824,SUP005,PrimeSteel,2027-12-30,2028-01-10,2028-01-16,142,On-Time,MAT100,Steel Coil
PO2825,SUP003,CoreSteel,2027-12-31,2028-01-19,2028-01-29,126,Delayed,MAT103,Steel Bar
PO2826,SUP003,CoreSteel,2028-01-01,2028-01-11,2028-01-21,16,On-Time,MAT102,Steel Plate
PO2827,SUP002,BetaMetals,2028-01-02,2028-01-17,2028-01-25,28,On-Time,MAT100,Steel Coil
PO2828,SUP003,CoreSteel,2028-01-03,2028-01-22,2028-01-19,185,On-Time,MAT100,Steel Coil
PO2829,SUP004,DeltaIron,2028-01-04,2028-01-15,2028-01-25,77,Delayed,MAT100,Steel Coil
PO2830,SUP005,PrimeSteel,2028-01-05,2028-01-24,2028-01-23,162,On-Time,MAT101,Steel Rod
PO2831,SUP003,CoreSteel,2028-01-06,2028-01-21,2028-02-04,123,On-Time,MAT103,Steel Bar
PO2832,SUP003,CoreSteel,2028-01-07,2028-01-20,2028-01-21,44,On-Time,MAT104,Steel Sheet
PO2833,SUP001,AlphaSteel,2028-01-08,2028-01-23,2028-01-22,36,On-Time,MAT100,Steel Coil
PO2834,SUP002,BetaMetals,2028-01-09,2028-01-22,2028-01-30,85,On-Time,MAT100,Steel Coil
PO2835,SUP005,PrimeSteel,2028-01-10,2028-01-28,2028-01-31,35,Delayed,MAT103,Steel Bar
PO2836,SUP003,CoreSteel,2028-01-11,2028-01-29,2028-01-23,172,On-Time,MAT102,Steel Plate
PO2837,SUP001,AlphaSteel,2028-01-12,2028-01-24,2028-01-25,148,On-Time,MAT104,Steel Sheet
PO2838,SUP001,AlphaSteel,2028-01-13,2028-01-27,2028-02-02,95,On-Time,MAT104,Steel Sheet
PO2839,SUP002,BetaMetals,2028-01-14,2028-01-31,2028-01-25,23,On-Time,MAT102,Steel Plate
PO2840,SUP004,DeltaIron,2028-01-15,2028-02-03,2028-01-26,122,Delayed,MAT102,Steel Plate
PO2841,SUP004,DeltaIron,2028-01-16,2028-02-03,2028-01-26,90,On-Time,MAT104,Steel Sheet
PO2842,SUP003,CoreSteel,2028-01-17,2028-01-29,2028-02-05,182,Delayed,MAT103,Steel Bar
PO2843,SUP005,PrimeSteel,2028-01-18,2028-02-04,2028-02-09,77,On-Time,MAT104,Steel Sheet
PO2844,SUP004,DeltaIron,2028-01-19,2028-01-29,2028-02-03,59,On-Time,MAT103,Steel Bar
PO2845,SUP004,DeltaIron,2028-01-20,2028-02-08,2028-02-06,191,On-Time,MAT101,Steel Rod
PO2846,SUP003,CoreSteel,2028-01-21,2028-02-01,2028-02-16,151,On-Time,MAT101,Steel Rod
PO2847,SUP002,BetaMetals,2028-01-22,2028-02-07,2028-02-16,166,Delayed,MAT101,Steel Rod
PO2848,SUP004,DeltaIron,2028-01-23,2028-02-09,2028-02-13,84,Delayed,MAT103,Steel Bar
PO2849,SUP004,DeltaIron,2028-01-24,2028-02-03,2028-02-10,32,On-Time,MAT102,Steel Plate
PO2850,SUP004,DeltaIron,2028-01-25,2028-02-13,2028-02-16,154,Delayed,MAT104,Steel Sheet
PO2851,SUP004,DeltaIron,2028-01-26,2028-02-11,2028-02-05,65,Delayed,MAT102,Steel Plate
PO2852,SUP002,BetaMetals,2028-01-27,2028-02-14,2028-02-16,26,Delayed,MAT103,Steel Bar
PO2853,SUP005,PrimeSteel,2028-01-28,2028-02-14,2028-02-10,140,Delayed,MAT103,Steel Bar
PO2854,SUP001,AlphaSteel,2028-01-29,2028-02-08,2028-02-12,154,On-Time,MAT104,Steel Sheet
PO2855,SUP004,DeltaIron,2028-01-30,2028-02-13,2028-02-18,136,On-Time,MAT104,Steel Sheet
PO2856,SUP005,PrimeSteel,2028-01-31,2028-02-15,2028-02-24,16,On-Time,MAT103,Steel Bar
PO2857,SUP001,AlphaSteel,2028-02-01,2028-02-19,2028-02-29,138,On-Time,MAT104,Steel Sheet
PO2858,SUP002,BetaMetals,2028-02-02,2028-02-21,2028-02-21,115,On-Time,MAT103,Steel Bar
PO2859,SUP001,AlphaSteel,2028-02-03,2028-02-15,2028-02-26,27,On-Time,MAT101,Steel Rod
PO2860,SUP001,AlphaSteel,2028-02-04,2028-02-21,2028-02-19,23,On-Time,MAT100,Steel Coil
PO2861,SUP003,CoreSteel,2028-02-05,2028-02-17,2028-02-28,97,Delayed,MAT100,Steel Coil
PO2862,SUP001,AlphaSteel,2028-02-06,2028-02-22,2028-02-18,69,On-Time,MAT101,Steel Rod
PO2863,SUP005,PrimeSteel,2028-02-07,2028-02-22,2028-02-21,171,On-Time,MAT101,Steel Rod
PO2864,SUP002,BetaMetals,2028-02-08,2028-02-23,2028-02-21,184,On-Time,MAT101,Steel Rod
PO2865,SUP002,BetaMetals,2028-02-09,2028-02-22,2028-03-06,69,On-Time,MAT100,Steel Coil
PO2866,SUP001,AlphaSteel,2028-02-10,2028-02-23,2028-03-02,172,On-Time,MAT101,Steel Rod
PO2867,SUP005,PrimeSteel,2028-02-11,2028-02-24,2028-03-04,196,On-Time,MAT100,Steel Coil
PO2868,SUP001,AlphaSteel,2028-02-12,2028-02-29,2028-02-25,96,On-Time,MAT102,Steel Plate
PO2869,SUP004,DeltaIron,2028-02-13,2028-02-27,2028-02-27,83,On-Time,MAT101,Steel Rod
PO2870,SUP004,DeltaIron,2028-02-14,2028-03-04,2028-03-12,41,On-Time,MAT104,Steel Sheet
PO2871,SUP004,DeltaIron,2028-02-15,2028-02-25,2028-03-13,29,Delayed,MAT103,Steel Bar
PO2872,SUP002,BetaMetals,2028-02-16,2028-03-01,2028-03-13,79,On-Time,MAT103,Steel Bar
PO2873,SUP004,DeltaIron,2028-02-17,2028-03-05,2028-03-11,64,Delayed,MAT100,Steel Coil
PO2874,SUP002,BetaMetals,2028-02-18,2028-03-01,2028-02-28,25,On-Time,MAT101,Steel Rod
PO2875,SUP001,AlphaSteel,2028-02-19,2028-03-08,2028-03-18,82,On-Time,MAT101,Steel Rod
PO2876,SUP002,BetaMetals,2028-02-20,2028-03-05,2028-03-09,142,Delayed,MAT100,Steel Coil
PO2877,SUP001,AlphaSteel,2028-02-21,2028-03-04,2028-03-06,45,On-Time,MAT100,Steel Coil
PO2878,SUP004,DeltaIron,2028-02-22,2028-03-09,2028-03-08,91,Delayed,MAT104,Steel Sheet
PO2879,SUP002,BetaMetals,2028-02-23,2028-03-07,2028-03-10,150,On-Time,MAT103,Steel Bar
PO2880,SUP002,BetaMetals,2028-02-24,2028-03-14,2028-03-10,129,Delayed,MAT104,Steel Sheet
PO2881,SUP001,AlphaSteel,2028-02-25,2028-03-14,2028-03-15,64,On-Time,MAT102,Steel Plate
PO2882,SUP003,CoreSteel,2028-02-26,2028-03-12,2028-03-21,161,On-Time,MAT100,Steel Coil
PO2883,SUP003,CoreSteel,2028-02-27,2028-03-12,2028-03-23,174,On-Time,MAT103,Steel Bar
PO2884,SUP003,CoreSteel,2028-02-28,2028-03-10,2028-03-18,74,Delayed,MAT100,Steel Coil
PO2885,SUP001,AlphaSteel,2028-02-29,2028-03-12,2028-03-21,122,On-Time,MAT101,Steel Rod
PO2886,SUP003,CoreSteel,2028-03-01,2028-03-12,2028-03-26,30,Delayed,MAT102,Steel Plate
PO2887,SUP001,AlphaSteel,2028-03-02,2028-03-19,2028-03-31,195,On-Time,MAT100,Steel Coil
PO2888,SUP003,CoreSteel,2028-03-03,2028-03-17,2028-03-24,175,Delayed,MAT100,Steel Coil
PO2889,SUP002,BetaMetals,2028-03-04,2028-03-20,2028-03-25,45,Delayed,MAT101,Steel Rod
PO2890,SUP004,DeltaIron,2028-03-05,2028-03-17,2028-03-19,199,On-Time,MAT101,Steel Rod
PO2891,SUP003,CoreSteel,2028-03-06,2028-03-24,2028-04-02,174,On-Time,MAT104,Steel Sheet
PO2892,SUP001,AlphaSteel,2028-03-07,2028-03-25,2028-04-02,45,Delayed,MAT100,Steel Coil
PO2893,SUP003,CoreSteel,2028-03-08,2028-03-18,2028-04-01,123,Delayed,MAT104,Steel Sheet
PO2894,SUP005,PrimeSteel,2028-03-09,2028-03-26,2028-04-01,24,Delayed,MAT101,Steel Rod
PO2895,SUP003,CoreSteel,2028-03-10,2028-03-26,2028-03-26,136,Delayed,MAT103,Steel Bar
PO2896,SUP002,BetaMetals,2028-03-11,2028-03-23,2028-04-01,124,On-Time,MAT103,Steel Bar
PO2897,SUP001,AlphaSteel,2028-03-12,2028-03-25,2028-04-05,186,On-Time,MAT100,Steel Coil
PO2898,SUP003,CoreSteel,2028-03-13,2028-03-24,2028-03-24,29,On-Time,MAT102,Steel Plate
PO2899,SUP001,AlphaSteel,2028-03-14,2028-03-28,2028-03-25,136,On-Time,MAT103,Steel Bar
PO2900,SUP003,CoreSteel,2028-03-15,2028-04-03,2028-04-11,154,Delayed,MAT102,Steel Plate
PO2901,SUP001,AlphaSteel,2028-03-16,2028-04-04,2028-03-30,66,On-Time,MAT102,Steel Plate
PO2902,SUP004,DeltaIron,2028-03-17,2028-04-01,2028-04-11,149,On-Time,MAT101,Steel Rod
PO2903,SUP003,CoreSteel,2028-03-18,2028-04-04,2028-04-05,188,On-Time,MAT100,Steel Coil
PO2904,SUP001,AlphaSteel,2028-03-19,2028-04-05,2028-04-01,54,On-Time,MAT101,Steel Rod
PO2905,SUP001,AlphaSteel,2028-03-20,2028-04-08,2028-03-30,20,On-Time,MAT103,Steel Bar
PO2906,SUP001,AlphaSteel,2028-03-21,2028-04-05,2028-04-12,95,On-Time,MAT103,Steel Bar
PO2907,SUP002,BetaMetals,2028-03-22,2028-04-07,2028-04-09,75,On-Time,MAT104,Steel Sheet
PO2908,SUP005,PrimeSteel,2028-03-23,2028-04-09,2028-04-05,106,On-Time,MAT100,Steel Coil
PO2909,SUP004,DeltaIron,2028-03-24,2028-04-10,2028-04-08,93,On-Time,MAT103,Steel Bar
PO2910,SUP002,BetaMetals,2028-03-25,2028-04-05,2028-04-16,97,On-Time,MAT100,Steel Coil
PO2911,SUP004,DeltaIron,2028-03-26,2028-04-05,2028-04-21,24,On-Time,MAT100,Steel Coil
PO2912,SUP002,BetaMetals,2028-03-27,2028-04-12,2028-04-17,20,Delayed,MAT104,Steel Sheet
PO2913,SUP004,DeltaIron,2028-03-28,2028-04-16,2028-04-17,14,On-Time,MAT104,Steel Sheet
PO2914,SUP003,CoreSteel,2028-03-29,2028-04-14,2028-04-09,116,On-Time,MAT101,Steel Rod
PO2915,SUP001,AlphaSteel,2028-03-30,2028-04-14,2028-04-20,144,Delayed,MAT103,Steel Bar
PO2916,SUP001,AlphaSteel,2028-03-31,2028-04-18,2028-04-13,122,On-Time,MAT102,Steel Plate
PO2917,SUP005,PrimeSteel,2028-04-01,2028-04-20,2028-04-23,146,On-Time,MAT100,Steel Coil
PO2918,SUP004,DeltaIron,2028-04-02,2028-04-20,2028-04-26,147,On-Time,MAT103,Steel Bar
PO2919,SUP003,CoreSteel,2028-04-03,2028-04-17,2028-05-01,147,On-Time,MAT100,Steel Coil
PO2920,SUP003,CoreSteel,2028-04-04,2028-04-22,2028-04-15,162,On-Time,MAT100,Steel Coil
PO2921,SUP004,DeltaIron,2028-04-05,2028-04-18,2028-04-19,91,On-Time,MAT100,Steel Coil
PO2922,SUP002,BetaMetals,2028-04-06,2028-04-17,2028-04-28,157,Delayed,MAT104,Steel Sheet
PO2923,SUP004,DeltaIron,2028-04-07,2028-04-23,2028-04-28,181,On-Time,MAT101,Steel Rod
PO2924,SUP002,BetaMetals,2028-04-08,2028-04-22,2028-04-27,119,On-Time,MAT103,Steel Bar
PO2925,SUP005,PrimeSteel,2028-04-09,2028-04-23,2028-05-08,110,On-Time,MAT102,Steel Plate
PO2926,SUP001,AlphaSteel,2028-04-10,2028-04-29,2028-04-29,154,On-Time,MAT102,Steel Plate
PO2927,SUP003,CoreSteel,2028-04-11,2028-04-25,2028-05-01,98,On-Time,MAT104,Steel Sheet
PO2928,SUP004,DeltaIron,2028-04-12,2028-04-30,2028-05-07,128,On-Time,MAT102,Steel Plate
PO2929,SUP001,AlphaSteel,2028-04-13,2028-05-02,2028-05-11,95,On-Time,MAT104,Steel Sheet
PO2930,SUP001,AlphaSteel,2028-04-14,2028-04-28,2028-05-12,112,On-Time,MAT100,Steel Coil
PO2931,SUP001,AlphaSteel,2028-04-15,2028-04-28,2028-05-08,187,Delayed,MAT104,Steel Sheet
PO2932,SUP001,AlphaSteel,2028-04-16,2028-04-30,2028-04-27,191,On-Time,MAT102,Steel Plate
PO2933,SUP002,BetaMetals,2028-04-17,2028-05-02,2028-05-09,152,On-Time,MAT100,Steel Coil
PO2934,SUP004,DeltaIron,2028-04-18,2028-05-03,2028-05-08,175,On-Time,MAT101,Steel Rod
PO2935,SUP002,BetaMetals,2028-04-19,2028-05-08,2028-05-06,73,Delayed,MAT104,Steel Sheet
PO2936,SUP004,DeltaIron,2028-04-20,2028-05-03,2028-05-17,131,Delayed,MAT104,Steel Sheet
PO2937,SUP005,PrimeSteel,2028-04-21,2028-05-10,2028-05-12,84,On-Time,MAT102,Steel Plate
PO2938,SUP003,CoreSteel,2028-04-22,2028-05-11,2028-05-04,155,On-Time,MAT101,Steel Rod
PO2939,SUP001,AlphaSteel,2028-04-23,2028-05-07,2028-05-07,18,Delayed,MAT100,Steel Coil
PO2940,SUP003,CoreSteel,2028-04-24,2028-05-05,2028-05-23,107,On-Time,MAT103,Steel Bar
PO2941,SUP001,AlphaSteel,2028-04-25,2028-05-12,2028-05-05,85,On-Time,MAT101,Steel Rod
PO2942,SUP003,CoreSteel,2028-04-26,2028-05-10,2028-05-22,144,On-Time,MAT102,Steel Plate
PO2943,SUP003,CoreSteel,2028-04-27,2028-05-08,2028-05-21,96,On-Time,MAT100,Steel Coil
PO2944,SUP003,CoreSteel,2028-04-28,2028-05-13,2028-05-26,12,On-Time,MAT101,Steel Rod
PO2945,SUP002,BetaMetals,2028-04-29,2028-05-09,2028-05-12,37,Delayed,MAT102,Steel Plate
PO2946,SUP003,CoreSteel,2028-04-30,2028-05-18,2028-05-15,78,On-Time,MAT100,Steel Coil
PO2947,SUP002,BetaMetals,2028-05-01,2028-05-14,2028-05-23,10,On-Time,MAT103,Steel Bar
PO2948,SUP001,AlphaSteel,2028-05-02,2028-05-12,2028-05-15,81,On-Time,MAT103,Steel Bar
PO2949,SUP002,BetaMetals,2028-05-03,2028-05-22,2028-05-24,65,Delayed,MAT102,Steel Plate
PO2950,SUP002,BetaMetals,2028-05-04,2028-05-23,2028-05-20,114,On-Time,MAT103,Steel Bar
PO2951,SUP004,DeltaIron,2028-05-05,2028-05-24,2028-05-26,124,On-Time,MAT101,Steel Rod
PO2952,SUP005,PrimeSteel,2028-05-06,2028-05-22,2028-05-21,194,Delayed,MAT102,Steel Plate
PO2953,SUP005,PrimeSteel,2028-05-07,2028-05-20,2028-05-22,59,On-Time,MAT101,Steel Rod
PO2954,SUP003,CoreSteel,2028-05-08,2028-05-20,2028-05-26,24,On-Time,MAT100,Steel Coil
PO2955,SUP004,DeltaIron,2028-05-09,2028-05-24,2028-05-23,192,Delayed,MAT101,Steel Rod
PO2956,SUP003,CoreSteel,2028-05-10,2028-05-24,2028-05-30,182,On-Time,MAT104,Steel Sheet
PO2957,SUP004,DeltaIron,2028-05-11,2028-05-23,2028-06-06,111,On-Time,MAT104,Steel Sheet
PO2958,SUP001,AlphaSteel,2028-05-12,2028-05-28,2028-05-23,161,On-Time,MAT101,Steel Rod
PO2959,SUP004,DeltaIron,2028-05-13,2028-05-26,2028-05-25,198,On-Time,MAT101,Steel Rod
PO2960,SUP004,DeltaIron,2028-05-14,2028-05-30,2028-05-28,69,Delayed,MAT103,Steel Bar
PO2961,SUP002,BetaMetals,2028-05-15,2028-06-03,2028-05-26,166,Delayed,MAT100,Steel Coil
PO2962,SUP003,CoreSteel,2028-05-16,2028-05-27,2028-06-04,165,On-Time,MAT101,Steel Rod
PO2963,SUP001,AlphaSteel,2028-05-17,2028-05-27,2028-05-27,101,On-Time,MAT103,Steel Bar
PO2964,SUP002,BetaMetals,2028-05-18,2028-05-29,2028-06-14,54,On-Time,MAT103,Steel Bar
PO2965,SUP001,AlphaSteel,2028-05-19,2028-05-30,2028-06-06,75,On-Time,MAT104,Steel Sheet
PO2966,SUP005,PrimeSteel,2028-05-20,2028-06-02,2028-06-12,92,On-Time,MAT100,Steel Coil
PO2967,SUP003,CoreSteel,2028-05-21,2028-06-04,2028-06-10,32,On-Time,MAT100,Steel Coil
PO2968,SUP003,CoreSteel,2028-05-22,2028-06-10,2028-06-10,78,On-Time,MAT100,Steel Coil
PO2969,SUP004,DeltaIron,2028-05-23,2028-06-08,2028-06-03,147,Delayed,MAT101,Steel Rod
PO2970,SUP004,DeltaIron,2028-05-24,2028-06-06,2028-06-07,107,On-Time,MAT104,Steel Sheet
PO2971,SUP005,PrimeSteel,2028-05-25,2028-06-09,2028-06-14,158,On-Time,MAT102,Steel Plate
PO2972,SUP002,BetaMetals,2028-05-26,2028-06-07,2028-06-13,184,On-Time,MAT101,Steel Rod
PO2973,SUP001,AlphaSteel,2028-05-27,2028-06-12,2028-06-21,32,Delayed,MAT101,Steel Rod
PO2974,SUP005,PrimeSteel,2028-05-28,2028-06-13,2028-06-09,116,On-Time,MAT100,Steel Coil
PO2975,SUP002,BetaMetals,2028-05-29,2028-06-16,2028-06-08,128,On-Time,MAT103,Steel Bar
PO2976,SUP005,PrimeSteel,2028-05-30,2028-06-15,2028-06-09,114,On-Time,MAT101,Steel Rod
PO2977,SUP004,DeltaIron,2028-05-31,2028-06-17,2028-06-14,139,On-Time,MAT100,Steel Coil
PO2978,SUP005,PrimeSteel,2028-06-01,2028-06-16,2028-06-14,132,On-Time,MAT104,Steel Sheet
PO2979,SUP004,DeltaIron,2028-06-02,2028-06-18,2028-06-26,37,On-Time,MAT104,Steel Sheet
PO2980,SUP004,DeltaIron,2028-06-03,2028-06-14,2028-07-01,75,On-Time,MAT104,Steel Sheet
PO2981,SUP002,BetaMetals,2028-06-04,2028-06-15,2028-06-16,101,On-Time,MAT102,Steel Plate
PO2982,SUP001,AlphaSteel,2028-06-05,2028-06-24,2028-06-25,94,On-Time,MAT102,Steel Plate
PO2983,SUP001,AlphaSteel,2028-06-06,2028-06-25,2028-06-22,52,On-Time,MAT104,Steel Sheet
PO2984,SUP004,DeltaIron,2028-06-07,2028-06-20,2028-07-03,179,On-Time,MAT102,Steel Plate
PO2985,SUP004,DeltaIron,2028-06-08,2028-06-23,2028-06-28,153,On-Time,MAT104,Steel Sheet
PO2986,SUP004,DeltaIron,2028-06-09,2028-06-23,2028-06-19,49,On-Time,MAT101,Steel Rod
PO2987,SUP002,BetaMetals,2028-06-10,2028-06-21,2028-07-02,65,On-Time,MAT101,Steel Rod
PO2988,SUP002,BetaMetals,2028-06-11,2028-06-30,2028-07-09,135,On-Time,MAT100,Steel Coil
PO2989,SUP004,DeltaIron,2028-06-12,2028-06-29,2028-06-26,110,On-Time,MAT104,Steel Sheet
PO2990,SUP003,CoreSteel,2028-06-13,2028-06-28,2028-07-07,97,On-Time,MAT101,Steel Rod
PO2991,SUP003,CoreSteel,2028-06-14,2028-06-27,2028-07-06,27,On-Time,MAT103,Steel Bar
PO2992,SUP003,CoreSteel,2028-06-15,2028-06-30,2028-07-03,133,On-Time,MAT101,Steel Rod
PO2993,SUP004,DeltaIron,2028-06-16,2028-07-01,2028-07-01,81,Delayed,MAT101,Steel Rod
PO2994,SUP002,BetaMetals,2028-06-17,2028-07-03,2028-07-12,26,Delayed,MAT102,Steel Plate
PO2995,SUP001,AlphaSteel,2028-06-18,2028-07-01,2028-07-17,177,On-Time,MAT100,Steel Coil
PO2996,SUP002,BetaMetals,2028-06-19,2028-07-07,2028-07-07,79,On-Time,MAT101,Steel Rod
PO2997,SUP005,PrimeSteel,2028-06-20,2028-06-30,2028-07-03,33,On-Time,MAT102,Steel Plate
PO2998,SUP002,BetaMetals,2028-06-21,2028-07-07,2028-07-04,182,Delayed,MAT103,Steel Bar
PO2999,SUP005,PrimeSteel,2028-06-22,2028-07-03,2028-07-20,112,On-Time,MAT100,Steel Coil
