date,steel_price_predicted,iron_ore_predicted,scrap_price_predicted,freight_index_predicted,fx_rate_predicted,pct_change_predicted,predicted_mean,volatility_score,lower_ci,upper_ci,supplier_id,supplier_name,material_id,material_name
2025-01-01,688.359297249642,109.83107990287859,348.1008935567105,996.0347999091999,83.29150121548743,0.0,688.359297249642,Normal,668.359297249642,708.359297249642,SUP004,DeltaIron,MAT102,Steel Plate
2025-01-02,690.1310369814385,110.83585043236965,350.4379465173253,994.9606592311239,82.86211092648898,0.25738589409272095,689.2451671155402,Normal,670.1310369814385,710.1310369814385,SUP001,AlphaSteel,MAT101,Steel Rod
2025-01-03,686.7041565789177,110.62192847273884,350.8899312238126,994.4539909083519,82.94872611540241,-0.49655503359327113,688.3981636033327,Normal,666.7041565789177,706.7041565789177,SUP003,CoreSteel,MAT104,Steel Sheet
2025-01-04,687.8092950756268,110.4801252449503,349.2987855235563,997.8854860378708,83.07333993018531,0.1609337130293209,688.2509464714062,Normal,667.8092950756268,707.8092950756268,SUP001,AlphaSteel,MAT102,Steel Plate
2025-01-05,695.7104816250679,110.04692122950019,350.53479055506665,998.9345552395313,82.94614384901485,1.1487466956334735,689.7428535021386,Normal,675.7104816250679,715.7104816250679,SUP004,DeltaIron,MAT103,Steel Bar
2025-01-06,695.4150097938032,109.84257788182722,348.9812563888951,996.3691749103617,82.95148390954573,-0.042470515978798584,690.6882128840826,Normal,675.4150097938032,715.4150097938032,SUP005,PrimeSteel,MAT103,Steel Bar
2025-01-07,696.7500792050168,110.20409582415421,352.2672720503004,995.0453703727244,82.725407819345,0.19198167891278928,691.5541937870732,Normal,676.7500792050168,716.7500792050168,SUP001,AlphaSteel,MAT101,Steel Rod
2025-01-08,684.1129764469209,110.03228999644428,346.8901468091093,992.7695226087261,82.8039862552776,-1.8137210364604028,690.9475765295417,Normal,664.1129764469209,704.1129764469209,SUP002,BetaMetals,MAT103,Steel Bar
2025-01-09,695.3360733150508,109.75435903218347,351.0878696386455,995.4353027794136,82.83056344190769,1.6405326685102972,691.6911531486292,Normal,675.3360733150508,715.3360733150508,SUP005,PrimeSteel,MAT101,Steel Rod
2025-01-10,693.7902469706821,109.73936740746882,350.96290982006616,997.7971742807048,83.09195683858549,-0.2223135550840749,692.703451776024,Normal,673.7902469706821,713.7902469706821,SUP002,BetaMetals,MAT102,Steel Plate
2025-01-11,684.2219908303936,111.03902864583597,349.26367914054674,994.259095889329,83.3588020968355,-1.379128084037895,692.1909797409908,Normal,664.2219908303936,704.2219908303936,SUP003,CoreSteel,MAT104,Steel Sheet
2025-01-12,694.2136421528079,109.9123435171924,347.99694820429283,991.8403071766855,82.81379762249802,1.460293801765733,691.977145530668,Normal,674.2136421528079,714.2136421528079,SUP002,BetaMetals,MAT102,Steel Plate
2025-01-13,695.7130950805622,110.06545050267925,348.875842619222,996.1831479437544,82.79049141253459,0.2159930080175787,692.0197291430621,Normal,675.7130950805622,715.7130950805622,SUP002,BetaMetals,MAT101,Steel Rod
2025-01-14,693.5452807797315,109.47247921721556,348.30997564064126,992.7188792477438,83.03101432518318,-0.3115960179791766,691.5619007965927,Normal,673.5452807797315,713.5452807797315,SUP003,CoreSteel,MAT104,Steel Sheet
2025-01-15,696.9706788178385,110.0002997779049,348.3939377579394,995.4145012685517,82.80675695681857,0.49389681294578214,693.3987154210096,Normal,676.9706788178385,716.9706788178385,SUP003,CoreSteel,MAT101,Steel Rod
2025-01-16,698.6937437058104,108.596386664058,348.3489779967298,994.415492915874,82.85367022825727,0.2472220052204488,693.8783826196894,Normal,678.6937437058104,718.6937437058104,SUP001,AlphaSteel,MAT104,Steel Sheet
2025-01-17,691.4136818647427,111.16814837958113,350.52681809663676,993.090088992603,82.82073543806344,-1.0419532029090406,693.538873318841,Normal,671.4136818647427,711.4136818647427,SUP002,BetaMetals,MAT104,Steel Sheet
2025-01-18,698.1890826413377,110.38421908186012,350.92999502048383,995.6735527791274,82.97258704289501,0.9799344378493835,695.5341721489758,Normal,678.1890826413377,718.1890826413377,SUP002,BetaMetals,MAT100,Steel Coil
2025-01-19,690.2646721185887,109.62580911870707,349.8286805142804,991.9905269367918,83.00629547490526,-1.1349949060747155,694.970033572659,Normal,670.2646721185887,710.2646721185887,SUP003,CoreSteel,MAT103,Steel Bar
2025-01-20,689.1558587347399,109.77132826433757,348.0181767915111,995.9643620255462,82.73884558115667,-0.1606359746683217,694.0332855232556,Normal,669.1558587347399,709.1558587347399,SUP001,AlphaSteel,MAT103,Steel Bar
2025-01-21,688.5080423127507,110.00986859035302,346.456228368146,994.2513151651568,82.71306403069426,-0.09400143868449895,693.3136800279726,Normal,668.5080423127507,708.5080423127507,SUP004,DeltaIron,MAT102,Steel Plate
2025-01-22,687.8828559532616,110.1928580416315,349.76087575682965,992.0122596736816,83.00870812956872,-0.0908030583621211,692.0154196187475,Normal,667.8828559532616,707.8828559532616,SUP005,PrimeSteel,MAT102,Steel Plate
2025-01-23,701.3649473035755,110.34598705705123,349.3317810714644,993.2254754469769,82.8765116288985,1.9599400150234203,692.3970201327138,Normal,681.3649473035755,721.3649473035755,SUP003,CoreSteel,MAT104,Steel Sheet
2025-01-24,685.225986483698,108.95120950157774,351.40344295565103,993.4060875250534,82.89150861503516,-2.3010789007811616,691.5130636497075,Normal,665.225986483698,705.225986483698,SUP002,BetaMetals,MAT100,Steel Coil
2025-01-25,687.7588371983875,109.70144497560261,350.6335177103362,993.359608660943,82.7329780564441,0.369637282393076,690.0230285864288,Normal,667.7588371983875,707.7588371983875,SUP003,CoreSteel,MAT103,Steel Bar
2025-01-26,694.2942982209141,110.4030183100197,344.58069880338536,996.540003626459,82.82247658635848,0.950254750509516,690.5986894581895,Normal,674.2942982209141,714.2942982209141,SUP002,BetaMetals,MAT103,Steel Bar
2025-01-27,690.1079803348606,109.00519712599548,349.7248117877015,995.9669706246593,83.13276408818298,-0.6029601419427877,690.7347068296355,Normal,670.1079803348606,710.1079803348606,SUP004,DeltaIron,MAT102,Steel Plate
2025-01-28,688.1715569384697,109.87975667575671,348.856536968994,995.7645534998463,82.86702344000621,-0.28059716038224547,690.6866374904524,Normal,668.1715569384697,708.1715569384697,SUP003,CoreSteel,MAT104,Steel Sheet
2025-01-29,694.9532575648369,110.06436286322885,350.85823912888554,993.4266299831442,82.9904654149994,0.9854665683274533,691.6966948635345,Normal,674.9532575648369,714.9532575648369,SUP002,BetaMetals,MAT101,Steel Rod
2025-01-30,687.894286320412,109.36665202515948,349.5756266490913,997.0489833045054,82.89589151011172,-1.0157476301586144,689.7723147230827,Normal,667.894286320412,707.894286320412,SUP002,BetaMetals,MAT100,Steel Coil
2025-01-31,687.7431994864694,109.76492855708315,348.0439782421781,995.9317761755694,83.23019192439928,-0.021963670428315485,690.1319165806216,Normal,667.7431994864694,707.7431994864694,SUP004,DeltaIron,MAT102,Steel Plate
2025-02-01,689.5124679098045,110.76666695864715,350.37946756199625,994.8578119447188,82.80100631431519,0.25725713095472447,690.382435253681,Normal,669.5124679098045,709.5124679098045,SUP003,CoreSteel,MAT104,Steel Sheet
2025-02-02,686.0900935793162,110.55334988289574,350.8311345374724,994.3512257774644,82.88759997761828,-0.49634698279829026,689.2104060191671,Normal,666.0900935793162,706.0900935793162,SUP002,BetaMetals,MAT102,Steel Plate
2025-02-03,687.1936555061382,110.41193631559571,349.24102148480875,997.7821486933908,83.01217559899159,0.1608479610986313,688.7940739007781,Normal,667.1936555061382,707.1936555061382,SUP004,DeltaIron,MAT103,Steel Bar
2025-02-04,695.0841441665133,109.97999160748938,350.4761906029562,998.8310415477989,82.88505169564897,1.1482190787345914,689.7815863619272,Normal,675.0841441665133,715.0841441665133,SUP004,DeltaIron,MAT103,Steel Bar
2025-02-05,694.7889756576168,109.77622457064025,348.9236642297644,996.2660854519905,82.8904058252253,-0.042465147762860145,689.7581175180387,Normal,674.7889756576168,714.7889756576168,SUP001,AlphaSteel,MAT104,Steel Sheet
2025-02-06,696.1221599809759,110.136630098751,352.20748905807534,994.9424988463059,82.66444523562069,0.19188334444961708,690.9335280409763,Normal,676.1221599809759,716.1221599809759,SUP002,BetaMetals,MAT100,Steel Coil
2025-02-07,683.5019249791169,109.96530348704249,346.8338987594304,992.6670272067804,82.74300561441821,-1.812933954322593,690.3276316827831,Normal,663.5019249791169,703.5019249791169,SUP002,BetaMetals,MAT104,Steel Sheet
2025-02-08,694.7098655539264,109.688168457855,351.02882818080724,995.3323623961693,82.76958752805002,1.6397818594515279,691.0701170605147,Normal,674.7098655539264,714.7098655539264,SUP002,BetaMetals,MAT100,Steel Coil
2025-02-09,693.1660208141319,109.67318806893535,350.9039319686695,997.6938394139962,83.03088270799141,-0.22222870529750027,692.0809638083456,Normal,673.1660208141319,713.1660208141319,SUP004,DeltaIron,MAT103,Steel Bar
2025-02-10,683.6105136481042,110.9689371603407,349.2058053884815,994.1563468807948,83.29762734879483,-1.3785308106713967,691.5690864000551,Normal,663.6105136481042,703.6105136481042,SUP003,CoreSteel,MAT103,Steel Bar
2025-02-11,693.5886615523102,109.84558096094106,347.93989269939794,991.7379580440996,82.75287812459008,1.4596246992980566,691.3554460265974,Normal,673.5886615523102,713.5886615523102,SUP003,CoreSteel,MAT101,Steel Rod
2025-02-12,695.0860089336336,109.9981975296638,348.81818724455877,996.0800751680691,82.72959846484524,0.21588406274868355,691.3978793517426,Normal,675.0860089336336,715.0860089336336,SUP004,DeltaIron,MAT102,Steel Plate
2025-02-13,692.9210111543515,109.40696239199502,348.25267529175113,992.6163800661383,82.97003226604632,-0.3114719259856069,690.9405723765107,Normal,672.9210111543515,712.9210111543515,SUP002,BetaMetals,MAT104,Steel Sheet
2025-02-14,696.3417187862862,109.9331742672561,348.33656294207185,995.3115521474928,82.74588951418785,0.4936648733217197,692.7748286346776,Normal,676.3417187862862,716.3417187862862,SUP003,CoreSteel,MAT102,Steel Plate
2025-02-15,698.0623780906423,108.53341744574978,348.2916139249563,994.312707758904,82.79279852228981,0.24709984450668188,693.2537589970658,Normal,678.0623780906423,718.0623780906423,SUP003,CoreSteel,MAT101,Steel Rod
2025-02-16,690.7919942825406,111.09747064432128,350.4679956446784,992.9875220340025,82.75989445974446,-1.041509188331824,692.9146123496955,Normal,670.7919942825406,710.7919942825406,SUP002,BetaMetals,MAT101,Steel Rod
2025-02-17,697.558208515813,110.31584739751125,350.87088712753575,995.570554517596,82.91169577936607,0.9794864864205444,694.9071401879395,Normal,677.558208515813,717.558208515813,SUP005,PrimeSteel,MAT104,Steel Sheet
2025-02-18,689.6443408979791,109.55966733087979,349.7702815535582,991.888138618577,82.94540570402135,-1.1345099980505147,694.3436658087495,Normal,669.6443408979791,709.6443408979791,SUP005,PrimeSteel,MAT101,Steel Rod
2025-02-19,688.536922861841,109.7047187345748,347.96095549311366,995.8613113790473,82.67808930639673,-0.1605781372317372,693.4080820842076,Normal,668.536922861841,708.536922861841,SUP003,CoreSteel,MAT104,Steel Sheet
2025-02-20,687.8898830865119,109.942513714988,346.40002045524227,994.1485471284299,82.65233530473199,-0.09397314128628542,692.6893495030878,Normal,667.8898830865119,707.8898830865119,SUP005,PrimeSteel,MAT104,Steel Sheet
2025-02-21,687.2654430287948,110.12492360832377,349.70246472770265,991.9098616489126,82.94786604306698,-0.09077616535297928,691.392738680589,Normal,667.2654430287948,707.2654430287948,SUP002,BetaMetals,MAT104,Steel Sheet
2025-02-22,700.7293465606828,110.27756218414422,349.2736346892381,993.1228738013874,82.81574371717234,1.9590543462438825,691.773734176309,Normal,680.7293465606828,720.7293465606828,SUP004,DeltaIron,MAT103,Steel Bar
2025-02-23,684.6119539833592,108.88691369160745,351.3439083847111,993.3034538371718,82.83075034431029,-2.300088137656986,690.890871276426,Normal,664.6119539833592,704.6119539833592,SUP003,CoreSteel,MAT100,Steel Coil
2025-02-24,687.1413125100999,109.63487675868603,350.57447305732387,993.2569806644933,82.67230548263763,0.36945871482725323,689.4027432756099,Normal,667.1413125100999,707.1413125100999,SUP002,BetaMetals,MAT101,Steel Rod
2025-02-25,693.6679092507715,110.33432291540294,344.5256357200222,996.436845140926,82.76178097391505,0.9498187085899668,689.9775387545802,Normal,673.6679092507715,713.6679092507715,SUP005,PrimeSteel,MAT104,Steel Sheet
2025-02-26,689.48711739637,108.94063989043535,349.6663298312099,995.8639053234524,83.07194864239709,-0.6027079815350223,690.1132808309414,Normal,669.48711739637,709.48711739637,SUP005,PrimeSteel,MAT101,Steel Rod
2025-02-27,687.5532003533895,109.81255601929092,348.7986099393496,995.661519801127,82.80634065498987,-0.28048632007561247,690.0651832976382,Normal,667.5532003533895,707.5532003533895,SUP003,CoreSteel,MAT102,Steel Plate
2025-02-28,694.3257062905861,109.99657785391835,350.79897015975934,993.3239827248555,82.9297446798537,0.9850155498826396,691.073792335037,Normal,674.3257062905861,714.3257062905861,SUP003,CoreSteel,MAT103,Steel Bar
2025-03-01,687.2761167071575,109.30091581196986,349.51718646125715,996.9457321211555,82.83522838247586,-1.0153145014737963,689.151902355962,Normal,667.2761167071575,707.2761167071575,SUP003,CoreSteel,MAT103,Steel Bar
2025-03-02,687.1251401131225,109.69797033207331,347.98653143429016,995.8287085973269,83.16939839433314,-0.021967385504151338,689.5109289459282,Normal,667.1251401131225,707.1251401131225,SUP003,CoreSteel,MAT104,Steel Sheet
2025-03-03,688.8919413907016,110.69668578339393,350.32045820922536,994.7549207863667,82.74041704906543,0.25712947677745124,689.7610187860142,Normal,668.8919413907016,708.8919413907016,SUP001,AlphaSteel,MAT102,Steel Plate
2025-03-04,685.4740679299707,110.48397191506524,350.77180772613184,994.2484167629625,82.82698887203331,-0.49614072329414727,688.5904700258997,Normal,665.4740679299707,705.4740679299707,SUP002,BetaMetals,MAT100,Steel Coil
2025-03-05,686.5760562482203,110.3429469740829,349.1827267009828,997.6787675623596,82.95152599279365,0.16076294783513578,688.1746041475925,Normal,666.5760562482203,706.5760562482203,SUP001,AlphaSteel,MAT102,Steel Plate
2025-03-06,694.4558622228085,109.91225794380063,350.41706052067997,998.7274841008009,82.82447391190864,1.1476960058361518,689.1606987003668,Normal,674.4558622228085,714.4558622228085,SUP003,CoreSteel,MAT101,Steel Rod
2025-03-07,694.1609974739761,109.70906562654119,348.8655413368035,996.1629521698461,82.82984178084727,-0.042459825724361355,689.1371688694225,Normal,674.1609974739761,714.1609974739761,SUP003,CoreSteel,MAT102,Steel Plate
2025-03-08,695.4923000841052,110.06836218893521,352.14717684243294,994.8395834618857,82.60399631790725,0.1917858558711405,690.3109093518435,Normal,675.4923000841052,715.4923000841052,SUP005,PrimeSteel,MAT102,Steel Plate
2025-03-09,682.8889110436346,109.89751349172613,346.77711921237426,992.5644878863193,82.68253832439837,-1.812153641233194,689.7057337704881,Normal,662.8889110436346,702.8889110436346,SUP001,AlphaSteel,MAT104,Steel Sheet
2025-03-10,694.081716511246,109.62117215089225,350.969257134254,995.2293781703313,82.70912464008738,1.6390375193683804,690.4471302162801,Normal,674.081716511246,714.081716511246,SUP003,CoreSteel,MAT103,Steel Bar
2025-03-11,692.5398515601827,109.60620309285035,350.84442454891206,997.590460772225,82.970321323688,-0.22214458533980075,691.4565278777391,Normal,672.5398515601827,712.5398515601827,SUP001,AlphaSteel,MAT100,Steel Coil
2025-03-12,682.9970771008415,110.8980518411158,349.1474014007046,994.0535540018342,83.23696506870692,-1.37793867570839,690.9452451423992,Normal,662.9970771008415,702.9970771008415,SUP003,CoreSteel,MAT100,Steel Coil
2025-03-13,692.9617405537796,109.77801476484441,347.88230648036335,991.6355649766268,82.69247066051462,1.458961361187039,690.7317991896808,Normal,672.9617405537796,712.9617405537796,SUP001,AlphaSteel,MAT100,Steel Coil
2025-03-14,694.4569860576502,109.9301425089442,348.7600016146042,995.9769585797212,82.66921721733358,0.21577605463118932,690.774083273063,Normal,674.4569860576502,714.4569860576502,SUP005,PrimeSteel,MAT100,Steel Coil
2025-03-15,692.2948018624626,109.34063846634238,348.1948445152873,992.5138369785442,82.90956162434692,-0.31134890116982783,690.3172978128281,Normal,672.2948018624626,712.2948018624626,SUP004,DeltaIron,MAT103,Steel Bar
2025-03-16,695.710826225973,109.86524658559087,348.2786578102081,995.2085591971903,82.6855331171627,0.49343492892339746,692.1489999817337,Normal,675.710826225973,715.710826225973,SUP005,PrimeSteel,MAT102,Steel Plate
2025-03-17,697.4290840176208,108.46963378110068,348.2337195924383,994.209878747429,82.73243754242101,0.2469787341054852,692.6271953397872,Normal,677.4290840176208,717.4290840176208,SUP005,PrimeSteel,MAT104,Steel Sheet
2025-03-18,690.168366095055,111.02600159614836,350.40864395821615,992.8849111866236,82.69956387289197,-1.041068990231886,692.2884117019119,Normal,670.168366095055,710.168366095055,SUP001,AlphaSteel,MAT102,Steel Plate
2025-03-19,696.9254069564981,110.24667764666387,350.8112502510809,995.4675124409347,82.85131460839693,0.9790423892758415,694.2781731098628,Normal,676.9254069564981,716.9254069564981,SUP004,DeltaIron,MAT104,Steel Sheet
2025-03-20,689.0220689348466,109.49272095022361,349.71135320310344,991.7857063858663,82.88502570430643,-1.1340292580472422,693.7153628785866,Normal,669.0220689348466,709.0220689348466,SUP005,PrimeSteel,MAT102,Steel Plate
2025-03-21,687.9160452148677,109.63730613633932,347.9032040889508,995.7582169300881,82.61784242376336,-0.16052079749617754,692.780942758189,Normal,667.9160452148677,707.9160452148677,SUP004,DeltaIron,MAT102,Steel Plate
2025-03-22,687.2697818847844,109.87435812395705,346.34328182910974,994.0457352442664,82.5921156385091,-0.09394508742436303,692.0630827613779,Normal,667.2697818847844,707.2697818847844,SUP001,AlphaSteel,MAT104,Steel Sheet
2025-03-23,686.6460879678978,110.0561903173717,349.6435245037755,991.8074197172081,82.88753274589827,-0.09074950380856261,690.7681201530814,Normal,666.6460879678978,706.6460879678978,SUP004,DeltaIron,MAT104,Steel Sheet
2025-03-24,700.0918289326804,110.20834004563746,349.21495899960235,993.0202282846785,82.75548424237819,1.9581763007745057,691.1485122838042,Normal,680.0918289326804,720.0918289326804,SUP005,PrimeSteel,MAT102,Steel Plate
2025-03-25,683.9959764901943,108.8218084218434,351.28384548616236,993.2007762854773,82.77050018661737,-2.299105885441477,690.2667423402527,Normal,663.9959764901943,703.9959764901943,SUP003,CoreSteel,MAT101,Steel Rod
2025-03-26,686.5218483559881,109.56750599200541,350.5148998151901,993.1543088052674,82.61214066483566,0.36928168477758927,688.780519683037,Normal,666.5218483559881,706.5218483559881,SUP002,BetaMetals,MAT101,Steel Rod
2025-03-27,693.0395935517328,110.26483144762018,344.47004147826317,996.3336428827455,82.70159280832542,0.9493864195804669,689.3544517711636,Normal,673.0395935517328,713.0395935517328,SUP005,PrimeSteel,MAT101,Steel Rod
2025-03-28,688.8643211516305,108.87527436031982,349.6073190382532,995.7607962360964,83.01164037695655,-0.6024579892621396,689.4899197621298,Normal,668.8643211516305,708.8643211516305,SUP005,PrimeSteel,MAT101,Steel Rod
2025-03-29,686.9329079373281,109.74455508548637,348.7401537687403,995.5584423129897,82.74616467334005,-0.2803764333553449,689.4417949124933,Normal,666.9329079373281,706.9329079373281,SUP002,BetaMetals,MAT102,Steel Plate
2025-03-30,693.6962323649763,109.92799443948515,350.73917299886705,993.2212916149193,82.86953044609538,0.9845684126498666,690.4489583977901,Normal,673.6962323649763,713.6962323649763,SUP002,BetaMetals,MAT100,Steel Coil
2025-03-31,686.6560126895765,109.23437520761347,349.45821759614347,996.8424371884889,82.77507141257148,-1.014885096232676,688.5295560773467,Normal,666.6560126895765,706.6560126895765,SUP004,DeltaIron,MAT100,Steel Coil
2025-04-01,686.5051470259083,109.63021149107877,347.92855535481334,995.7255972412416,83.10911076096895,-0.021971068610804334,688.88800901102,Normal,666.5051470259083,706.5051470259083,SUP003,CoreSteel,MAT103,Steel Bar
2025-04-02,688.2694853071865,110.62591314195602,350.2609206798498,994.6519858228396,82.6803332729961,0.2570029210883229,689.1376714326199,Normal,668.2694853071865,708.2694853071865,SUP004,DeltaIron,MAT102,Steel Plate
2025-04-03,684.8561075132594,110.41380080910234,350.7119530102427,994.1455639316183,82.76688294743259,-0.495936238173289,687.9686019985522,Normal,664.8561075132594,704.8561075132594,SUP002,BetaMetals,MAT102,Steel Plate
2025-04-04,685.9565251726183,110.27316346285913,349.1239033927349,997.5753427115312,82.89138126689772,0.1606786662609272,687.553202572979,Normal,665.9565251726183,705.9565251726183,SUP003,CoreSteel,MAT103,Steel Bar
2025-04-05,693.8256636366375,109.84372649121887,350.3574025282828,998.6238829652841,82.76440065963814,1.1471774340274576,688.5378819585947,Normal,673.8256636366375,713.8256636366375,SUP004,DeltaIron,MAT102,Steel Plate
2025-04-06,693.5311030773236,109.64110730656984,348.80688993025115,996.0597751306849,82.76978194477846,-0.042454549428172506,688.5142920603586,Normal,673.5311030773236,713.5311030773236,SUP002,BetaMetals,MAT102,Steel Plate
2025-04-07,694.8605273366662,109.99929834096122,352.08633762240856,994.736624286224,82.54405124110917,0.19168920520562516,689.6863655813714,Normal,674.8605273366662,714.8605273366662,SUP001,AlphaSteel,MAT104,Steel Sheet
2025-04-08,682.2739624843383,109.82892626013988,346.71981038827414,992.461904714111,82.62257456663029,-1.8113800334249808,689.0819106468614,Normal,662.2739624843383,702.2739624843383,SUP003,CoreSteel,MAT103,Steel Bar
2025-04-09,693.451653994792,109.55337636715113,350.9091587178523,995.1263501686535,82.64916496593979,1.6382995871266681,689.8222204593765,Normal,673.451653994792,713.451653994792,SUP005,PrimeSteel,MAT104,Steel Sheet
2025-04-10,691.9117670114094,109.53841873429225,350.7843897794419,997.4870384221318,82.91026288007893,-0.22206118833398847,690.830171816255,Normal,671.9117670114094,711.9117670114094,SUP005,PrimeSteel,MAT100,Steel Coil
2025-04-11,682.3817090053719,110.82637890751927,349.08846939610015,993.9507173192021,83.17680545745435,-1.3773516307145517,690.3194837923628,Normal,662.3817090053719,702.3817090053719,SUP003,CoreSteel,MAT103,Steel Bar
2025-04-12,692.3329069408861,109.70965117703176,347.8241917661844,991.5331280410306,82.63256543769712,1.458303732967714,690.1062328358267,Normal,672.3329069408861,712.3329069408861,SUP003,CoreSteel,MAT104,Steel Sheet
2025-04-13,693.8260542237202,109.86129168340473,348.7012879478454,995.873798245452,82.60933788391986,0.2156689748334717,690.1483687138834,Normal,673.8260542237202,713.8260542237202,SUP004,DeltaIron,MAT103,Steel Bar
2025-04-14,691.6666806714805,109.27351369772755,348.13648552964565,992.4112500517166,82.84959262047343,-0.3112269334791251,689.6921049045712,Normal,671.6666806714805,711.6666806714805,SUP005,PrimeSteel,MAT101,Steel Rod
2025-04-15,695.0780288871023,109.79652297517457,348.22022458046536,995.1055224843851,82.6256779926346,0.4932069609468348,691.5212572478232,Normal,675.0780288871023,715.0780288871023,SUP003,CoreSteel,MAT103,Steel Bar
2025-04-16,696.7938892238546,108.40504194851667,348.17529721705165,994.107005948192,82.6725775220182,0.24685866412719193,691.9987194234036,Normal,676.7938892238546,716.7938892238546,SUP004,DeltaIron,MAT104,Steel Sheet
2025-04-17,689.5428250480701,110.95374744393678,350.3487652542426,992.7822565172132,82.6397339173516,-1.0406325726911025,691.6602991429264,Normal,669.5428250480701,709.5428250480701,SUP005,PrimeSteel,MAT100,Steel Coil
2025-04-18,696.2907056838729,110.17671605785425,350.7510866077411,995.3644266158761,82.79143377629168,0.9786021100766984,693.6472986684266,Normal,676.2907056838729,716.2907056838729,SUP001,AlphaSteel,MAT100,Steel Coil
2025-04-19,688.3978839599098,109.42497622425854,349.6518976796016,991.6832303054067,82.82514572852867,-1.1335526468375101,693.0851525282873,Normal,668.3978839599098,708.3978839599098,SUP002,BetaMetals,MAT100,Steel Coil
2025-04-20,687.2932535183016,109.5690967121088,347.8449247959764,995.6550787453953,82.55809519250994,-0.16046395076839692,692.1518952846561,Normal,667.2932535183016,707.2932535183016,SUP004,DeltaIron,MAT101,Steel Rod
2025-04-21,686.6477664247011,109.80540805222324,346.28601470689904,993.9428795793987,82.53239529773948,-0.09391727480173584,691.4349075351159,Normal,666.6477664247011,706.6477664247011,SUP001,AlphaSteel,MAT104,Steel Sheet
2025-04-22,686.0248184803023,109.9866643977004,349.58405730099037,991.7049339453081,82.82769851020566,-0.09072307154546211,690.1415917627161,Normal,666.0248184803023,706.0248184803023,SUP003,CoreSteel,MAT103,Steel Bar
2025-04-23,699.4524220877946,110.13832686521194,349.15575621836877,992.9175389635826,82.69572348312006,1.9573058066962412,690.5213821718504,Normal,679.4524220877946,719.4524220877946,SUP002,BetaMetals,MAT100,Steel Coil
2025-04-24,683.3780817025424,108.7558999518655,351.2232564749642,993.0980549366993,82.71074842700466,-2.2981320641183745,689.6407045510607,Normal,663.3780817025424,703.3780817025424,SUP003,CoreSteel,MAT102,Steel Plate
2025-04-25,685.9004724193637,109.4993389140259,350.4548001988624,993.0515931499925,82.55247389454105,0.36910617773064924,688.1563855132737,Normal,665.9004724193637,705.9004724193637,SUP001,AlphaSteel,MAT103,Steel Bar
2025-04-26,692.409378782407,110.1945501253154,344.4139182945291,996.2303969186279,82.64190238752185,0.9489578480802674,688.7294562022017,Normal,672.409378782407,712.409378782407,SUP004,DeltaIron,MAT102,Steel Plate
2025-04-27,688.2396192604739,108.80910679027313,349.54778162351283,995.6576434293024,82.9518295962002,-0.6022101447073935,688.8646513082264,Normal,668.2396192604739,708.2396192604739,SUP004,DeltaIron,MAT104,Steel Sheet
2025-04-28,686.3107073459031,109.67576010454852,348.6811706718441,995.4553211021437,82.68648580584642,-0.2802674912326997,688.8165000112552,Normal,666.3107073459031,706.3107073459031,SUP005,PrimeSteel,MAT102,Steel Plate
2025-04-29,693.064863418335,109.85861884405483,350.6788498600547,993.1185567200537,82.8098130309279,0.9841251200278567,689.8222207166885,Normal,673.064863418335,713.064863418335,SUP004,DeltaIron,MAT101,Steel Rod
2025-04-30,686.0340019061731,109.16703645358791,349.39872226771246,996.7390985732047,82.7154109240299,-1.0144593793839585,687.9053035478855,Normal,666.0340019061731,706.0340019061731,SUP004,DeltaIron,MAT100,Steel Coil
2025-05-01,685.8832478548082,109.56165826383828,347.87005221789803,995.6224421740155,83.04931935432549,-0.02197472004973333,688.2631844267806,Normal,665.8832478548082,705.8832478548082,SUP003,CoreSteel,MAT102,Steel Plate
2025-05-02,687.6451272760779,110.55435523627364,350.20085718709163,994.5490071208419,82.62074532257354,0.2568774535287366,688.5124208348826,Normal,667.6451272760779,707.6451272760779,SUP001,AlphaSteel,MAT102,Steel Plate
2025-05-03,684.236239945393,110.34284277144467,350.6515726026428,994.0426673501363,82.70727254668229,-0.4957335107118932,687.344829572452,Normal,664.236239945393,704.236239945393,SUP002,BetaMetals,MAT104,Steel Sheet
2025-05-04,685.3350898839947,110.20259199094838,349.064553773108,997.4718742075921,82.83173177056239,0.16059510947408207,686.9298968043837,Normal,665.3350898839947,705.3350898839947,SUP005,PrimeSteel,MAT102,Steel Plate
2025-05-05,693.1935759847084,109.77440346907693,350.2972188381972,998.520238207928,82.70482229450536,1.1466633208645272,687.9131637527844,Normal,673.1935759847084,713.1935759847084,SUP005,PrimeSteel,MAT103,Steel Bar
2025-05-06,692.8993200362066,109.57235583430302,348.74771222273415,995.9565544011956,82.71021667908067,-0.04244931844381572,687.8895146981946,Normal,672.8993200362066,712.8993200362066,SUP003,CoreSteel,MAT103,Steel Bar
2025-05-07,694.2268692951117,109.92944476765447,352.0249736094271,994.6336213860135,82.48460037369748,0.19159338456786745,689.0599243251858,Normal,674.2268692951117,714.2268692951117,SUP005,PrimeSteel,MAT103,Steel Bar
2025-05-08,681.657106879324,109.75954800849128,346.66197449985253,992.3592777568563,82.56310471596429,-1.8106130678218202,688.4561899001166,Normal,661.657106879324,701.657106879324,SUP003,CoreSteel,MAT100,Steel Coil
2025-05-09,692.8197055466961,109.48478732903375,350.8485351428597,995.0232784578219,82.58969888683698,1.6375680022578054,689.1954153673478,Normal,672.8197055466961,712.8197055466961,SUP002,BetaMetals,MAT104,Steel Sheet
2025-05-10,691.2817947048128,109.46984121488991,350.7238298712988,997.3835724303896,82.8506977647494,-0.22197850747761594,690.201923190122,Normal,671.2817947048128,711.2817947048128,SUP003,CoreSteel,MAT104,Steel Sheet
2025-05-11,681.7644369129378,110.75392454556807,349.0290115859445,993.847836899585,83.11713890897302,-1.3767696277809716,689.6918299085426,Normal,661.7644369129378,701.7644369129378,SUP003,CoreSteel,MAT102,Steel Plate
2025-05-12,691.7021882318892,109.6404964122074,347.7655507682492,991.4306473040064,82.57315285648838,1.4576517607679973,689.4787745152826,Normal,671.7021882318892,711.7021882318892,SUP005,PrimeSteel,MAT103,Steel Bar
2025-05-13,693.1932409376271,109.7916512625222,348.64204845516315,995.7705942319345,82.54995087132156,0.21556281461958537,689.5207632154854,Normal,673.1932409376271,713.1932409376271,SUP004,DeltaIron,MAT101,Steel Rod
2025-05-14,691.0366750835699,109.20559431017139,348.07760054561663,992.3086193523418,82.79011566748356,-0.31110601296980844,689.0650211852652,Normal,671.0366750835699,711.0366750835699,SUP003,CoreSteel,MAT103,Steel Bar
2025-05-15,694.4433542547175,109.72700964487088,348.1612654633563,995.0024420757486,82.56631456003646,0.4929809507918881,690.8916279531786,Normal,674.4433542547175,714.4433542547175,SUP002,BetaMetals,MAT104,Steel Sheet
2025-05-16,696.15682118138,108.33964819289601,348.1163490090683,994.0040894278665,82.61320888686242,0.2467396247893161,691.3683587581335,Normal,676.15682118138,716.15682118138,SUP001,AlphaSteel,MAT101,Steel Rod
2025-05-17,688.9153986223548,110.88071436326261,350.2883617421479,992.6795580924487,82.58039502525506,-1.0401999001800277,691.0303021749252,Normal,668.9153986223548,708.9153986223548,SUP003,CoreSteel,MAT103,Steel Bar
2025-05-18,695.6541321535053,110.10596882626356,350.69039840653664,995.2612971090837,82.73204372151288,0.9781656128787564,693.0145443521493,Normal,675.6541321535053,715.6541321535053,SUP003,CoreSteel,MAT103,Steel Bar
2025-05-19,687.7718134390306,109.35643936709468,349.59191719213703,991.5807104438762,82.76575622148727,-1.1330801256184353,692.4530622388836,Normal,667.7718134390306,707.7718134390306,SUP004,DeltaIron,MAT101,Steel Rod
2025-05-20,686.6685752318452,109.500096670968,347.78611982354386,995.5518968916263,82.49883806379341,-0.1604075924060977,691.5209671380577,Normal,666.6685752318452,706.6685752318452,SUP001,AlphaSteel,MAT100,Steel Coil
2025-05-21,686.0238641586948,109.73566970138103,346.2282212981607,993.8399802004895,82.47316473991334,-0.09388970114625472,690.8048512916469,Normal,666.0238641586948,706.0238641586948,SUP001,AlphaSteel,MAT100,Steel Coil
2025-05-22,685.4016620111195,109.91635204488628,349.52406532769083,991.6024043998837,82.76835379978134,-0.09069686640396091,689.5131809711329,Normal,665.4016620111195,705.4016620111195,SUP002,BetaMetals,MAT102,Steel Plate
2025-05-23,698.8111534297556,110.06752883321752,349.09602855375147,992.8148059047628,82.63645190952391,1.9564427928712158,689.8923712923295,Normal,678.8111534297556,718.8111534297556,SUP001,AlphaSteel,MAT101,Steel Rod
2025-05-24,682.7582970542751,108.68919450781733,351.1621435584796,992.9952898574975,82.6514855419153,-2.2971665945360598,689.0127853540323,Normal,662.7582970542751,702.7582970542751,SUP005,PrimeSteel,MAT103,Steel Bar
2025-05-25,685.2772121191592,109.43038172984126,350.3941764156726,992.948833765326,82.49329565452456,0.36893217933078315,687.5303682062685,Normal,665.2772121191592,705.2772121191592,SUP005,PrimeSteel,MAT104,Steel Sheet
2025-05-26,691.7772923371265,110.12348513382227,344.3572683776449,996.1271073152136,82.58270020057766,0.9485329590730673,688.1025794774251,Normal,671.7772923371265,711.7772923371265,SUP002,BetaMetals,MAT104,Steel Sheet
2025-05-27,687.6130391185224,108.74214340150377,349.4877197940763,995.5544469697109,82.8925067954811,-0.6019644276751945,688.2375028898076,Normal,667.6130391185224,707.6130391185224,SUP001,AlphaSteel,MAT100,Steel Coil
2025-05-28,685.6866259705969,109.60617727334183,348.6216628557458,995.3521562352284,82.62729455418608,-0.280159484816489,688.1893260057935,Normal,665.6866259705969,705.6866259705969,SUP001,AlphaSteel,MAT104,Steel Sheet
2025-05-29,692.431626816958,109.78845725843205,350.6180029495763,993.0157781069064,82.75058294231545,0.9836856358126367,689.1936066923419,Normal,672.431626816958,712.431626816958,SUP001,AlphaSteel,MAT100,Steel Coil
2025-05-30,685.4101117314766,109.09890575801988,349.3387026823351,996.6357163419317,82.65623743111661,-1.0140373162558447,687.2791721640162,Normal,665.4101117314766,705.4101117314766,SUP003,CoreSteel,MAT101,Steel Rod
2025-05-31,685.2594699659094,109.49231684675668,347.811024230104,995.51924346228,82.99001469492929,-0.02197834011912203,687.6364825799641,Normal,665.2594699659094,705.2594699659094,SUP001,AlphaSteel,MAT102,Steel Plate
2025-06-01,687.0188946503862,110.48201823503793,350.14026993658365,994.4459847470077,82.5616437246454,0.2567530638524884,687.8852943701395,Normal,667.0188946503862,707.0188946503862,SUP003,CoreSteel,MAT103,Steel Bar
2025-06-02,683.614492578843,110.27110397526926,350.59066870858135,993.9397270851504,82.6481482029036,-0.495532524367559,686.7191801189562,Normal,663.614492578843,703.614492578843,SUP005,PrimeSteel,MAT102,Steel Plate
2025-06-03,684.7117777233576,110.13123873410828,349.00468004755714,997.3683621171581,82.77256804317497,0.16051227064761697,686.304714205361,Normal,664.7117777233576,704.7117777233576,SUP002,BetaMetals,MAT100,Steel Coil
2025-06-04,692.5596265801817,109.7042950634123,350.2365116552686,998.4165498953411,82.64572936218084,1.146153624364099,687.2865714353019,Normal,672.5596265801817,712.5596265801817,SUP003,CoreSteel,MAT103,Steel Bar
2025-06-05,692.2656756557044,109.50281740001152,348.68801041929294,995.8532900479964,82.65113653569233,-0.04244413234550937,687.2628641265512,Normal,672.2656756557044,712.2656756557044,SUP001,AlphaSteel,MAT101,Steel Rod
2025-06-06,693.5913532525102,109.85880764856837,351.96308700732834,994.530574827876,82.42563427389375,0.1914983861579067,688.4316129152704,Normal,673.5913532525102,713.5913532525102,SUP003,CoreSteel,MAT103,Steel Bar
2025-06-07,681.0383715433433,109.68938491970758,346.6036137522467,992.256607081185,82.5041193368753,-1.8098526820297445,687.8285988549038,Normal,661.0383715433433,701.0383715433433,SUP004,DeltaIron,MAT104,Steel Sheet
2025-06-08,692.1858984458628,109.41541122564534,350.7873886129502,994.9201631044521,82.53071697350752,1.6368427049503032,688.5667422542575,Normal,672.1858984458628,712.1858984458628,SUP003,CoreSteel,MAT102,Steel Plate
2025-06-09,690.6499619142415,109.40047672297948,350.6627470279399,997.2800628636006,82.79161655465767,-0.22189653604181014,689.5718093021716,Normal,670.6499619142415,710.6499619142415,SUP001,AlphaSteel,MAT103,Steel Bar
2025-06-10,681.1452881116787,110.68069490809458,348.96903017393174,993.7449128095993,83.0579560064463,-1.3761926195173024,689.0623107862175,Normal,661.1452881116787,701.1452881116787,SUP005,PrimeSteel,MAT102,Steel Plate
2025-06-11,691.0696116820586,109.57055665180734,347.7063856903643,991.3281228321791,82.51422350636102,1.4570053913010028,688.849451515057,Normal,671.0696116820586,711.0696116820586,SUP003,CoreSteel,MAT102,Steel Plate
2025-06-12,692.5585734422501,109.72122742252262,348.5822853398577,995.6673466057716,82.49104677525253,0.21545756534822047,688.8912940559921,Normal,672.5585734422501,712.5585734422501,SUP003,CoreSteel,MAT104,Steel Sheet
2025-06-13,690.4048123380647,109.13688649440242,348.0181917664109,992.2059449470363,82.7311213673061,-0.3109861298056682,688.436073925357,Normal,670.4048123380647,710.4048123380647,SUP001,AlphaSteel,MAT102,Steel Plate
2025-06-14,693.8068295511241,109.65671277029816,348.10178266181447,994.8993180378826,82.50743342754691,0.4927568800597415,690.2601393550402,Normal,673.8068295511241,713.8068295511241,SUP004,DeltaIron,MAT102,Steel Plate
2025-06-15,695.5179070995804,108.273458725786,348.05687717118207,993.9011292530568,82.55432225135525,0.24662160641504283,690.7361405912854,Normal,675.5179070995804,715.5179070995804,SUP004,DeltaIron,MAT102,Steel Plate
2025-06-16,688.2861140360825,110.8069084965598,350.2274356237451,992.5768159789379,82.52153781722937,-1.0397709375529418,690.3984480372627,Normal,668.2861140360825,708.2861140360825,SUP004,DeltaIron,MAT102,Steel Plate
2025-06-17,695.0157135584699,110.0344421138742,350.62918784891167,995.1581239871508,82.6731350708934,0.9777328621269454,692.3799373868044,Normal,675.0157135584699,715.0157135584699,SUP004,DeltaIron,MAT104,Steel Sheet
2025-06-18,687.1438845756321,109.2871165595888,349.53141394221893,991.478146867883,82.7068478162267,-1.1326116560061772,691.8191192287434,Normal,667.1438845756321,707.1438845756321,SUP002,BetaMetals,MAT102,Steel Plate
2025-06-19,686.0420375528392,109.43031218876524,347.7267913734316,995.4486714353685,82.44006167689112,-0.1603517178171976,690.8881855302561,Normal,666.0420375528392,706.0420375528392,SUP001,AlphaSteel,MAT103,Steel Bar
2025-06-20,685.3981022769144,109.66514923981265,346.16990380487096,993.7370371741321,82.41441461051639,-0.093862364210473,690.1729412358062,Normal,665.3981022769144,705.3981022769144,SUP003,CoreSteel,MAT101,Steel Rod
2025-06-21,684.7766457432548,109.84525942131341,349.46355078464774,991.4998311475355,82.7094892662882,-0.09067088624773456,688.8829149775391,Normal,664.7766457432548,704.7766457432548,SUP004,DeltaIron,MAT104,Steel Sheet
2025-06-22,698.1680501002119,109.99595210682918,349.03577820639237,992.7120291748117,82.57766017946177,1.9555871889325394,689.2615068347721,Normal,678.1680501002119,718.1680501002119,SUP003,CoreSteel,MAT104,Steel Sheet
2025-06-23,682.1366497172102,108.6216982825626,351.1005089365006,992.8924811144615,82.59270219541395,-2.296209398396365,688.3830119320762,Normal,662.1366497172102,702.1366497172102,SUP002,BetaMetals,MAT102,Steel Plate
2025-06-24,684.652094612342,109.3606406113301,350.3330306653821,992.8460307178557,82.43459661505389,0.36875967537803866,686.902494939772,Normal,664.652094612342,704.652094612342,SUP005,PrimeSteel,MAT102,Steel Plate
2025-06-25,691.1433613483596,110.05164262532016,344.3000939288649,996.0237741390738,82.52397692393869,0.9481117179219289,687.4738487644474,Normal,671.1433613483596,711.1433613483596,SUP002,BetaMetals,MAT104,Steel Sheet
2025-06-26,686.9846078596007,108.67439038196072,349.4271357494622,995.4512069238932,82.83366265740054,-0.6017208181882117,687.6085016654133,Normal,666.9846078596007,706.9846078596007,SUP005,PrimeSteel,MAT101,Steel Rod
2025-06-27,685.0606909411684,109.53581275554582,348.5616325199619,995.2489477788139,82.56858160716017,-0.28005240531174813,687.5603000460212,Normal,665.0606909411684,705.0606909411684,SUP002,BetaMetals,MAT103,Steel Bar
2025-06-28,691.7965496655193,109.71751584025645,350.55663446611874,992.9129558420557,82.69183087522214,0.9832499241923864,688.5631434634873,Normal,671.7965496655193,711.7965496655193,SUP005,PrimeSteel,MAT104,Steel Sheet
2025-06-29,684.784369278452,109.02998929582128,349.27816103881577,996.5322905612292,82.59754163497293,-1.0136188725511253,686.6511890603789,Normal,664.784369278452,704.784369278452,SUP005,PrimeSteel,MAT101,Steel Rod
2025-06-30,684.6338404638137,109.42219340306083,347.75147359042495,995.4160011725972,82.93118749005868,-0.02198192911395669,687.007930595608,Normal,664.6338404638137,704.6338404638137,SUP005,PrimeSteel,MAT101,Steel Rod
2025-07-01,686.3908145217229,110.40890827384665,350.0791611263937,994.3429187679019,82.50301919268722,0.2566297419243524,687.256319154091,Normal,666.3908145217229,706.3908145217229,SUP002,BetaMetals,MAT104,Steel Sheet
2025-07-02,682.9908925047515,110.19859056064826,350.5292435257438,993.8367432032254,82.58950063572175,-0.49533326277689804,686.0916807478612,Normal,662.9908925047515,702.9908925047515,SUP005,PrimeSteel,MAT102,Steel Plate
2025-07-03,684.0866157704686,110.05910983498573,348.94428441397395,997.2648065067762,82.71388081050316,0.16043014302851155,685.6776818779853,Normal,664.0866157704686,704.0866157704686,SUP002,BetaMetals,MAT100,Steel Coil
2025-07-04,691.9238424750761,109.633407427123,350.17528317678045,998.3128180940633,82.58711259459177,1.145648302997504,686.6581320971147,Normal,671.9238424750761,711.9238424750761,SUP001,AlphaSteel,MAT103,Steel Bar
2025-07-05,691.6301969798337,109.43249816081584,348.62778671740625,995.7499821376366,82.5925322526849,-0.04243899071203483,686.6343674277313,Normal,671.6301969798337,711.6301969798337,SUP005,PrimeSteel,MAT102,Steel Plate
2025-07-06,692.9540062409528,109.7873931301399,351.9006800123921,994.4274846783644,82.36714368592915,0.19140420226009258,687.8014584223741,Normal,672.9540062409528,712.9540062409528,SUP004,DeltaIron,MAT104,Steel Sheet
2025-07-07,680.4177835302088,109.61844314359145,346.54473034303373,992.1538927536584,82.44560917972451,-1.8090988143280806,687.1991645747163,Normal,660.4177835302088,700.4177835302088,SUP004,DeltaIron,MAT104,Steel Sheet
2025-07-08,691.5502597103737,109.34525421295001,350.72572132423926,994.8170041750906,82.47220998244286,1.6361236360411313,687.936228173095,Normal,671.5502597103737,711.5502597103737,SUP002,BetaMetals,MAT102,Steel Plate
2025-07-09,690.0162956527965,109.3303314137602,350.6011434452645,997.1765097882985,82.73301001240162,-0.22181526737038437,688.9398571942444,Normal,670.0162956527965,710.0162956527965,SUP001,AlphaSteel,MAT101,Steel Rod
2025-07-10,680.5242896290357,110.60669611490215,348.90852735619893,993.6419451157925,82.99924751857402,-1.375620559045032,688.4309534597539,Normal,660.5242896290357,700.5242896290357,SUP004,DeltaIron,MAT100,Steel Coil
2025-07-11,690.4352042860775,109.49983804415507,347.6466987287796,991.2255546921052,82.45576816218104,1.456364571857427,688.2182908613255,Normal,670.4352042860775,710.4352042860775,SUP002,BetaMetals,MAT101,Steel Rod
2025-07-12,691.9220787199664,109.6500263065369,348.52200079767385,995.5640554334974,82.432616376697,0.21535321847130362,688.259988252773,Normal,671.9220787199664,711.9220787199664,SUP001,AlphaSteel,MAT100,Steel Coil
2025-07-13,689.77111941387,109.06739640801263,347.9582613876842,992.1032269023477,82.67260050701721,-0.31086727425660987,687.8052901346184,Normal,669.77111941387,709.77111941387,SUP002,BetaMetals,MAT103,Steel Bar
2025-07-14,693.1684817382883,109.58563849398526,348.0417783712196,994.7961504373202,82.44902538836912,0.49253473055022035,689.6268184500584,Normal,673.1684817382883,713.1684817382883,SUP001,AlphaSteel,MAT100,Steel Coil
2025-07-15,694.8771739275854,108.20647972553907,347.99688389853367,993.798125490298,82.49590841479996,0.24650459943189595,690.10209190966,Normal,674.8771739275854,714.8771739275854,SUP001,AlphaSteel,MAT102,Steel Plate
2025-07-16,687.6549982472285,110.7323359532755,350.16598909329554,992.4740302432199,82.46315309868066,-1.0393456500428333,689.7647637088646,Normal,667.6549982472285,707.6549982472285,SUP004,DeltaIron,MAT100,Steel Coil
2025-07-17,694.3754768317445,109.96214204962533,350.5674571287593,995.0549073166025,82.61469863592257,0.9773038226503106,691.743504737823,Normal,674.3754768317445,714.3754768317445,SUP005,PrimeSteel,MAT100,Steel Coil
2025-07-18,686.5141243130951,109.21701394949994,349.4703901238059,991.3755396439664,82.64841133032544,-1.1321472000305643,691.1833504559683,Normal,666.5141243130951,706.5141243130951,SUP001,AlphaSteel,MAT100,Steel Coil
2025-07-19,685.413667418657,109.35974940826789,347.6669416398682,995.345402443141,82.38175685549193,-0.16029632245936343,690.2535774129241,Normal,665.413667418657,705.413667418657,SUP003,CoreSteel,MAT100,Steel Coil
2025-07-20,684.7705077096191,109.59385280284357,346.11106442145666,993.6340505668509,82.35613573932353,-0.09383526177121349,689.5392043123168,Normal,664.7705077096191,704.7705077096191,SUP003,CoreSteel,MAT103,Steel Bar
2025-07-21,684.1497965998011,109.77339265632884,349.40251586508396,991.3972142547964,82.65109574555612,-0.09064512896358456,688.2508207211043,Normal,664.1497965998011,704.1497965998011,SUP004,DeltaIron,MAT101,Steel Rod
2025-07-22,697.5231389811223,109.92360281020228,348.9750073693863,992.6092088402546,82.5193391348504,1.9547389252742908,688.6288157287526,Normal,677.5231389811223,717.5231389811223,SUP001,AlphaSteel,MAT103,Steel Bar
2025-07-23,681.5131666035028,108.55341743584081,351.03835480127344,992.7896287741133,82.53438923548786,-2.295260398243626,687.7514112082201,Normal,661.5131666035028,701.5131666035028,SUP003,CoreSteel,MAT103,Steel Bar
2025-07-24,684.0251467963046,109.29012169731129,350.2713651402075,992.7431840741015,82.37636763019744,0.36858865182618494,686.272792631729,Normal,664.0251467963046,704.0251467963046,SUP002,BetaMetals,MAT103,Steel Bar
2025-07-25,690.5076126891004,109.97902871898933,344.2423971418979,995.9203974567112,82.46572341772949,0.9476940903645037,686.8432909711581,Normal,670.5076126891004,710.5076126891004,SUP004,DeltaIron,MAT103,Steel Bar
2025-07-26,686.3543523581253,108.605853886489,349.36603168164544,995.3479233583525,82.77528804811665,-0.6014792964846083,686.9776745339394,Normal,666.3543523581253,706.3543523581253,SUP002,BetaMetals,MAT101,Steel Rod
2025-07-27,684.4329291280412,109.46467268181037,348.501081856466,995.1456957994018,82.51033783700481,-0.279946244018503,686.9294490222854,Normal,664.4329291280412,704.4329291280412,SUP005,PrimeSteel,MAT102,Steel Plate
2025-07-28,691.1596588094588,109.64580071415796,350.49474660082734,992.8100899920116,82.63354770792537,0.9828179497423317,687.9308579093794,Normal,671.1596588094588,711.1596588094588,SUP003,CoreSteel,MAT100,Steel Coil
2025-07-29,684.156801400887,108.96029320884462,349.21709952841775,996.4288212975883,82.53931441993187,-1.0132040143422727,686.0213811122029,Normal,664.156801400887,704.156801400887,SUP004,DeltaIron,MAT103,Steel Bar
2025-07-30,684.0063861940249,109.35129406295499,347.691402490314,995.3127153714613,82.87282863006219,-0.02198548732602612,686.3775553394204,Normal,664.0063861940249,704.0063861940249,SUP002,BetaMetals,MAT102,Steel Plate
2025-07-31,685.7609137226859,110.33503145535927,350.01753294705065,994.239809250021,82.44486262312324,0.25650747771868154,686.6255220431891,Normal,665.7609137226859,705.7609137226859,SUP005,PrimeSteel,MAT103,Steel Bar
2025-08-01,682.3654665553148,110.12530863470406,350.46729924427734,993.733715770858,82.5313207475893,-0.49513570975323606,685.4623583097912,Normal,662.3654665553148,702.3654665553148,SUP004,DeltaIron,MAT100,Steel Coil
2025-08-02,683.4596308462267,109.98621140327207,348.88336906271235,997.1612074429247,82.6556609810206,0.1603487199367537,685.0488266652343,Normal,663.4596308462267,703.4596308462267,SUP005,PrimeSteel,MAT101,Steel Rod
2025-08-03,691.2862504626529,109.56174668012275,350.1135355924792,998.2090428705661,82.5289629062501,1.1451473156850023,686.0278725701788,Normal,671.2862504626529,711.2862504626529,SUP005,PrimeSteel,MAT103,Steel Bar
2025-08-04,690.9929107939317,109.36140424084147,348.5670433070166,995.6466307365971,82.53439475059352,-0.04243389312673651,686.0040514251034,Normal,670.9929107939317,710.9929107939317,SUP002,BetaMetals,MAT103,Steel Bar
2025-08-05,692.3148550339342,109.71520732584479,351.83775481336346,994.3243510039636,82.30911953637741,0.19131082524184162,687.1694876583958,Normal,672.3148550339342,712.3148550339342,SUP002,BetaMetals,MAT100,Steel Coil
2025-08-06,679.7953696351753,109.54672879697613,346.4853264622558,992.0511348407691,82.38756517709464,-1.8083514036608683,686.5679138642746,Normal,659.7953696351753,699.7953696351753,SUP004,DeltaIron,MAT100,Steel Coil
2025-08-07,690.9128160998677,109.27432241392593,350.6635354653089,994.7138017362155,82.41416885223511,1.6354107370073256,687.3038999181575,Normal,670.9128160998677,710.9128160998677,SUP003,CoreSteel,MAT100,Steel Coil
2025-08-08,689.3808226752101,109.25941140944951,350.53902131163943,997.072913270948,82.67486908255901,-0.2217346948788057,688.3060936495713,Normal,669.3808226752101,709.3808226752101,SUP002,BetaMetals,MAT103,Steel Bar
2025-08-09,679.9014682341292,110.5319342529198,348.84750532135087,993.5389338846433,82.94100439591514,-1.375053399990922,687.7977847049859,Normal,659.9014682341292,699.9014682341292,SUP001,AlphaSteel,MAT103,Steel Bar
2025-08-10,689.7989927804198,109.42834670461653,347.5864920722136,991.122942950272,82.39777778055291,1.45572925029811,687.5853193218097,Normal,669.7989927804198,709.7989927804198,SUP004,DeltaIron,MAT101,Steel Rod
2025-08-11,691.283783495028,109.5780540247558,348.4611970168258,995.4607207815769,82.37465063825705,0.21524976553290998,687.6268725648234,Normal,671.283783495028,711.283783495028,SUP003,CoreSteel,MAT101,Steel Rod
2025-08-12,689.135623031837,108.9971301756126,347.8978115975627,992.0004652847548,82.61454405519045,-0.3107494366973662,687.1726965645239,Normal,669.135623031837,709.135623031837,SUP001,AlphaSteel,MAT100,Steel Coil
2025-08-13,692.5283375202132,109.51379292552646,347.98125477942244,994.6929393405253,82.39108141708324,0.4923144842592819,688.9916919766721,Normal,672.5283375202132,712.5283375202132,SUP005,PrimeSteel,MAT102,Steel Plate
2025-08-14,694.2346483566465,108.13871733746807,347.93637137873566,993.6950782060566,82.43795835775653,0.24638859437047245,689.4662394419263,Normal,674.2346483566465,714.2346483566465,SUP005,PrimeSteel,MAT100,Steel Coil
2025-08-15,687.0220779559453,110.65700281002479,350.1040243375336,992.3712009517648,82.40523185615146,-1.0389240032565916,689.1292759106028,Normal,667.0220779559453,707.0220779559453,SUP003,CoreSteel,MAT104,Steel Sheet
2025-08-16,693.7334486485853,109.88907472956774,350.50520843244703,994.9516471638948,82.55672540910595,0.9768784596570601,691.105273112668,Normal,673.7334486485853,713.7334486485853,SUP001,AlphaSteel,MAT100,Steel Coil
2025-08-17,685.8825593371312,109.14613765164454,349.4088479233315,991.2728888385972,82.59043776225805,-1.1316867201297431,690.5457826207695,Normal,665.8825593371312,705.8825593371312,SUP002,BetaMetals,MAT104,Steel Sheet
2025-08-18,684.7834915090792,109.2884144393175,347.60657280955763,995.2420899813939,82.32391460406077,-0.16024140183913405,689.6171694799197,Normal,664.7834915090792,704.7834915090792,SUP005,PrimeSteel,MAT104,Steel Sheet
2025-08-19,684.1411071295521,109.52178649289753,346.0517053348206,993.5310204451016,82.29831913676577,-0.09380839162922427,688.9036672081647,Normal,664.1411071295521,704.1411071295521,SUP003,CoreSteel,MAT103,Steel Bar
2025-08-20,683.5211412464125,109.70075784639761,349.34096275469983,991.2945537881297,82.59316425395122,-0.09061959246108309,687.616924883336,Normal,663.5211412464125,703.5211412464125,SUP004,DeltaIron,MAT104,Steel Sheet
2025-08-21,696.8764466971295,109.85048703462759,348.91371822830627,992.5063449675467,82.46147979802306,1.9538979330417483,687.9943246462623,Normal,676.8764466971295,716.8764466971295,SUP004,DeltaIron,MAT104,Steel Sheet
2025-08-22,680.8878743680187,108.48435809442255,350.9756833375238,992.6867329029052,82.47653769042114,-2.2943195174538022,687.118009847987,Normal,660.8878743680187,700.8878743680187,SUP002,BetaMetals,MAT100,Steel Coil
2025-08-23,683.3963953112369,109.21883109369911,350.2091820248452,992.6402939005131,82.31859973420073,0.368419094780692,685.6412879426514,Normal,663.3963953112369,703.3963953112369,SUP005,PrimeSteel,MAT100,Steel Coil
2025-08-24,689.87007297524,109.90564950116595,344.1841802029327,995.8169773345587,82.40793072213225,0.9472800425080807,686.2109327480955,Normal,669.87007297524,709.87007297524,SUP001,AlphaSteel,MAT100,Steel Coil
2025-08-25,685.7222992314746,108.53654003698497,349.3044097750827,995.2445963395222,82.71737401372577,-0.6012398430152222,686.3450481370091,Normal,665.7222992314746,705.7222992314746,SUP003,CoreSteel,MAT103,Steel Bar
2025-08-26,683.8033671446732,109.39276314991072,348.44001304971397,995.0424003634241,82.452554295775,-0.27984099233058224,686.2967995677408,Normal,663.8033671446732,703.8033671446732,SUP004,DeltaIron,MAT100,Steel Coil
2025-08-27,690.5209808373518,109.57331797191168,350.43234153733084,992.7071806232149,82.5757244984021,0.9823896774198371,687.2967766521607,Normal,670.5209808373518,710.5209808373518,SUP004,DeltaIron,MAT100,Steel Coil
2025-08-28,683.5274346957601,108.88982360603805,349.1555203348884,996.3253086174309,82.48154684990672,-1.0127927080667454,685.3897749376792,Normal,663.5274346957601,703.5274346957601,SUP001,AlphaSteel,MAT102,Steel Plate
2025-08-29,683.3771337453154,109.27962492377567,347.6308131137088,995.2093861252966,82.81492918474945,-0.021989015043943905,685.7453834201502,Normal,663.3771337453154,703.3771337453154,SUP001,AlphaSteel,MAT101,Steel Rod
2025-08-30,685.1292188292264,110.26039384945159,349.95538758156897,994.1366562597922,82.3871650917197,0.256386261317898,685.9929296370059,Normal,665.1292188292264,705.1292188292264,SUP005,PrimeSteel,MAT100,Steel Coil
2025-08-31,681.7382413061498,110.05126427176387,350.4048380468159,993.6306448544755,82.47359962018183,-0.4949398492843704,684.8312393985645,Normal,661.7382413061498,701.7382413061498,SUP003,CoreSteel,MAT104,Steel Sheet
2025-09-01,682.8308495150335,109.91254951585762,348.82193617661363,997.057564992013,82.5978996423051,0.1602679947644292,684.4181751533586,Normal,662.8308495150335,702.8308495150335,SUP003,CoreSteel,MAT100,Steel Coil
2025-09-02,690.6468770797802,109.48931890949564,350.0512710846,998.1052242912515,82.47127139065307,1.1446506217898555,685.3958194298024,Normal,670.6468770797802,710.6468770797802,SUP001,AlphaSteel,MAT104,Steel Sheet
2025-09-03,690.3538436270198,109.28954173137359,348.5057823705557,995.5432359112893,82.47671512881979,-0.042428839177466315,685.3719426854693,Normal,670.3538436270198,710.3538436270198,SUP005,PrimeSteel,MAT101,Steel Rod
2025-09-04,691.6739261487161,109.64225631635212,351.77431359147783,994.2211738710886,82.2515529305601,0.19121824755268246,686.5357271787489,Normal,671.6739261487161,711.6739261487161,SUP002,BetaMetals,MAT102,Steel Plate
2025-09-05,679.1711563973022,109.47424796388007,346.42540429244525,991.9483334089407,82.32997844019765,-1.8076103896282558,685.9348732718897,Normal,659.1711563973022,699.1711563973022,SUP004,DeltaIron,MAT102,Steel Plate
2025-09-06,690.273594117903,109.20262191871998,350.6008332172331,994.6105558542359,82.35658469998708,1.6347039499578164,686.669784027415,Normal,670.273594117903,710.273594117903,SUP003,CoreSteel,MAT101,Steel Rod
2025-09-07,688.743569480207,109.1877227994377,350.47638280792427,996.9692733779452,82.61718488809991,-0.22165481205335125,687.6705451951374,Normal,668.743569480207,708.743569480207,SUP001,AlphaSteel,MAT100,Steel Coil
2025-09-08,679.2768504401192,110.4564153763566,348.78596625048567,993.4358791825615,82.88321776730258,-1.3744910964805568,687.1628310415782,Normal,659.2768504401192,699.2768504401192,SUP005,PrimeSteel,MAT102,Steel Plate
2025-09-09,689.1610036457095,109.35608871575467,347.5257679018785,991.0202876730982,82.34024349623671,1.4550993750465757,686.9505634081396,Normal,669.1610036457095,709.1610036457095,SUP004,DeltaIron,MAT103,Steel Bar
2025-09-10,690.6437142359198,109.50531665458436,348.3998761780224,995.357342716407,82.31714070057221,0.21514719816801975,686.9919734951253,Normal,670.6437142359198,710.6437142359198,SUP002,BetaMetals,MAT104,Steel Sheet
2025-09-11,688.4983496571211,108.92609388898605,347.83684457666766,991.8976601606679,82.55694315831872,-0.31063260760609834,686.5383197106117,Normal,668.4983496571211,708.4983496571211,SUP004,DeltaIron,MAT104,Steel Sheet
2025-09-12,691.8864233452952,109.44118214173581,347.92021406676986,994.5896848138937,82.33359266607069,0.49209612337652864,688.354786417468,Normal,671.8864233452952,711.8864233452952,SUP002,BetaMetals,MAT103,Steel Bar
2025-09-13,693.5903568224917,108.07017767400086,347.8753417918977,993.5919874667304,82.38046323846821,0.2462735818630435,688.8286096609805,Normal,673.5903568224917,713.5903568224917,SUP005,PrimeSteel,MAT102,Steel Plate
2025-09-14,686.3873796069167,110.58091511074468,350.04154353569197,992.2683281709741,82.34776525374964,-1.0385059631701887,688.4920111076533,Normal,666.3873796069167,706.3873796069167,SUP003,CoreSteel,MAT101,Steel Rod
2025-09-15,693.0896554288796,109.81524621701799,350.4424439388413,994.8483435954149,82.49920656039666,0.9764567387298362,690.4652689631905,Normal,673.0896554288796,713.0896554288796,SUP004,DeltaIron,MAT101,Steel Rod
2025-09-16,685.2492160781364,109.07449374805061,349.346789519729,991.1701945181771,82.5329182878289,-1.1312301791449375,689.9064421678229,Normal,665.2492160781364,705.2492160781364,SUP001,AlphaSteel,MAT102,Steel Plate
2025-09-17,684.1515362486446,109.21631335898395,347.54568706170386,995.1387341165084,82.26652610427476,-0.16018695151147622,688.9789881696407,Normal,664.1515362486446,704.1515362486446,SUP001,AlphaSteel,MAT104,Steel Sheet
2025-09-18,683.5099269542906,109.44895637965058,345.99182872436614,993.427946875271,82.24095599036875,-0.09378175160902336,688.2663563549507,Normal,663.5099269542906,703.5099269542906,SUP005,PrimeSteel,MAT104,Steel Sheet
2025-09-19,682.8907060936529,109.6273610552567,349.2788936316975,991.1918498139305,82.53568598481675,-0.09059427467233983,686.9812538904304,Normal,662.8907060936529,702.8907060936529,SUP003,CoreSteel,MAT103,Steel Bar
2025-09-20,696.2279996179074,109.77661083868509,348.8519129612278,992.4034376230752,82.40407336817273,1.9530641441216856,687.3580600040613,Normal,676.2279996179074,716.2279996179074,SUP003,CoreSteel,MAT102,Steel Plate
2025-09-21,680.2607994106809,108.41452635226355,350.91249672248085,992.5837935672212,82.41913876524016,-2.293386680223908,686.4828342617418,Normal,660.2607994106809,700.2607994106809,SUP005,PrimeSteel,MAT104,Steel Sheet
2025-09-22,682.7658665424719,109.14677487365711,350.146483496496,992.5373602634729,82.2612841379343,0.3682509904967768,685.0080072779692,Normal,662.7658665424719,702.7658665424719,SUP003,CoreSteel,MAT100,Steel Coil
2025-09-23,689.2307685679119,109.83151102549577,344.1254452906618,995.7135138389818,82.35059005383694,0.9468695408249239,685.5768004907942,Normal,669.2307685679119,709.2307685679119,SUP005,PrimeSteel,MAT104,Steel Sheet
2025-09-24,685.088474842334,108.4664549225503,349.2422722067364,995.1412259337678,82.65991177671489,-0.6010024384408785,685.7106488613214,Normal,665.088474842334,705.088474842334,SUP003,CoreSteel,MAT104,Steel Sheet
2025-09-25,683.172031349901,109.32009022490129,348.37842827666816,994.939061537245,82.39522221179931,-0.27973664173435164,685.6623780606942,Normal,663.172031349901,703.172031349901,SUP003,CoreSteel,MAT102,Steel Plate
2025-09-26,689.8805420832514,109.50007367259167,350.3694214517656,992.6042278020378,82.51835248078591,0.9819650725593654,686.6609260592084,Normal,669.8805420832514,709.8805420832514,SUP003,CoreSteel,MAT102,Steel Plate
2025-09-27,682.8962955055829,108.81858656359928,349.0934256344834,996.2217525871104,82.42423016485057,-1.0123849205223245,684.7563969003048,Normal,662.8962955055829,702.8962955055829,SUP002,BetaMetals,MAT104,Steel Sheet
2025-09-28,682.7461094520683,109.20719205014547,347.56970763705607,995.1060135004598,82.75748039985315,-0.021992512553237198,685.1114411919316,Normal,662.7461094520683,702.7461094520683,SUP001,AlphaSteel,MAT102,Steel Plate
2025-09-29,684.4957561629894,110.18500149336933,349.8927272054734,994.0334598635745,82.32991785004918,0.2562660829111607,685.358568280577,Normal,664.4957561629894,704.4957561629894,SUP004,DeltaIron,MAT102,Steel Plate
2025-09-30,681.1092430786344,109.97646351351348,350.34186210850436,993.5275305204368,82.41632851086462,-0.49474566553026067,684.1983503535374,Normal,661.1092430786344,701.1092430786344,SUP004,DeltaIron,MAT101,Steel Rod
2025-10-01,682.2002980871329,109.83813021698552,348.7599879310305,996.953879220382,82.54058805750758,0.16018796097478916,683.7857536742229,Normal,662.2002980871329,702.2002980871329,SUP002,BetaMetals,MAT100,Steel Coil
2025-10-02,690.005748609271,109.41613016964997,349.9884918278903,998.0013624224532,82.41402931675458,1.1441581811125534,684.7619989969901,Normal,670.005748609271,710.005748609271,SUP002,BetaMetals,MAT100,Steel Coil
2025-10-03,689.7130217541414,109.21691669101091,348.44400608296814,995.4397977280565,82.4194846621056,-0.04242382845643933,684.7380675214029,Normal,669.7130217541414,709.7130217541414,SUP004,DeltaIron,MAT103,Steel Bar
2025-10-04,691.031245848664,109.56854614967803,351.7103585204852,994.1179533460866,82.19443514902265,0.19112646172314562,685.9002032847002,Normal,671.031245848664,711.031245848664,SUP004,DeltaIron,MAT100,Steel Coil
2025-10-05,678.5451701017897,109.40100669566066,346.3649660086487,991.8454885245282,82.27284025535313,-1.8068757124780843,685.3000690918034,Normal,658.5451701017897,698.5451701017897,SUP002,BetaMetals,MAT100,Steel Coil
2025-10-06,689.6326200142927,109.13015878480155,350.53761675360175,994.5072665954923,82.29944881779306,1.6340032176251018,686.0339067848465,Normal,669.6326200142927,709.6326200142927,SUP005,PrimeSteel,MAT100,Steel Coil
2025-10-07,688.1045623128394,109.11527164044165,350.41323010749517,996.8655901756173,82.55994872686972,-0.22157561245023105,687.0332381040187,Normal,668.1045623128394,708.1045623128394,SUP002,BetaMetals,MAT100,Steel Coil
2025-10-08,678.6504625065403,110.38014550685506,348.72391231721866,993.3327810758885,82.82587893632856,-1.373933603131805,686.5261187353626,Normal,658.6504625065403,698.6504625065403,SUP002,BetaMetals,MAT101,Steel Rod
2025-10-09,688.5212631090549,109.28307012748311,347.4645283915044,990.9175889269341,82.28315661863587,1.4544748950818587,686.314049378189,Normal,668.5212631090549,708.5212631090549,SUP004,DeltaIron,MAT100,Steel Coil
2025-10-10,690.0018971576936,109.43182024079557,348.3380404544916,995.2539213043153,82.26007787880947,0.21504550810136358,686.3553172929821,Normal,670.0018971576936,710.0018971576936,SUP005,PrimeSteel,MAT104,Steel Sheet
2025-10-11,687.859325501516,108.85429360724355,347.7753624981403,991.7948115964284,82.49978913730656,-0.310516777563008,685.902185814818,Normal,667.859325501516,707.859325501516,SUP002,BetaMetals,MAT103,Steel Bar
2025-10-12,691.2427654086572,109.36781218680078,347.85865840612956,994.4863869237521,82.2765504620088,0.49187963028258785,687.7161280015134,Normal,671.2427654086572,711.2427654086572,SUP002,BetaMetals,MAT102,Steel Plate
2025-10-13,692.9443255076587,108.00086681483434,347.813797310651,993.4888533386486,82.32341438935853,0.24615955264220002,688.1892287862801,Normal,672.9443255076587,712.9443255076587,SUP005,PrimeSteel,MAT100,Steel Coil
2025-10-14,685.7509293916904,110.50407886684746,349.97854885952614,992.165411967181,82.29074462964786,-1.0380914961239274,687.8529955118302,Normal,665.7509293916904,705.7509293916904,SUP005,PrimeSteel,MAT104,Steel Sheet
2025-10-15,692.4441233394779,109.74066254271195,350.3791658193321,994.7449966774819,82.44213343369712,0.9760386258207188,689.8235184879641,Normal,672.4441233394779,712.4441233394779,SUP003,CoreSteel,MAT103,Steel Bar
2025-10-16,684.6141207135215,109.00208828811154,349.2842170844557,991.0674567490398,82.47584425667634,-1.130777540315353,689.2653552886022,Normal,664.6141207135215,704.6141207135215,SUP001,AlphaSteel,MAT102,Steel Plate
2025-10-17,683.5178278089808,109.14345221171907,347.4842865680357,995.0353349147977,82.20958271152955,-0.1601329670790519,688.3390596673574,Normal,663.5178278089808,703.5178278089808,SUP002,BetaMetals,MAT102,Steel Plate
2025-10-18,682.876993348576,109.37536850018463,345.93143676202203,993.3248299236777,82.1840376612614,-0.0937553395584434,687.6272979312233,Normal,662.876993348576,702.876993348576,SUP001,AlphaSteel,MAT104,Steel Sheet
2025-10-19,682.2585172993256,109.55320831406858,349.21631066680624,991.0891023985251,82.47865230498411,-0.09056917355168004,686.3438339156044,Normal,662.2585172993256,702.2585172993256,SUP002,BetaMetals,MAT102,Steel Plate
2025-10-20,695.5778238604902,109.7019802483975,348.7895937387544,992.3004868731587,82.34711121786538,1.9522374911328466,686.7200479660089,Normal,675.5778238604902,715.5778238604902,SUP003,CoreSteel,MAT101,Steel Rod
2025-10-21,679.6319678787978,108.34392827065862,350.8487971259031,992.4808108333766,82.36218383822936,-2.292461811561519,685.8459106070243,Normal,659.6319678787978,699.6319678787978,SUP001,AlphaSteel,MAT104,Steel Sheet
2025-10-22,682.1335866228143,109.0739590777518,350.0832717248906,992.4343832292941,82.2044122254118,0.36808432537749347,684.3729767903579,Normal,662.1335866228143,702.1335866228143,SUP001,AlphaSteel,MAT100,Steel Coil
2025-10-23,688.5897255758196,109.7566193130876,344.06619457630745,995.6100070362769,82.2936928025618,0.9464625521474535,684.9409203421149,Normal,668.5897255758196,708.5897255758196,SUP005,PrimeSteel,MAT102,Steel Plate
2025-10-24,684.4529053010226,108.39560459964575,349.1796211461002,995.0378122073862,82.60289273248449,-0.6007670636295925,685.0745028409781,Normal,664.4529053010226,704.4529053010226,SUP003,CoreSteel,MAT103,Steel Bar
2025-10-25,682.5389478502658,109.24665993926924,348.3163297068229,994.83567938716,82.33833298620503,-0.2796331838075927,685.0262106269337,Normal,662.5389478502658,702.5389478502658,SUP003,CoreSteel,MAT100,Steel Coil
2025-10-26,689.2383686290148,109.42607384272443,350.3059885128014,992.5012315947844,82.46142306189446,0.9815441008677261,686.0233322454608,Normal,669.2383686290148,709.2383686290148,SUP003,CoreSteel,MAT100,Steel Coil
2025-10-27,682.2634099207253,108.74658812512924,349.0308175959923,996.1181532729117,82.36735577728597,-1.0119806188624625,684.1212731112086,Normal,662.2634099207253,702.2634099207253,SUP004,DeltaIron,MAT100,Steel Coil
2025-10-28,682.1133393966013,109.13400147412659,347.5080882293367,995.0025975632384,82.70047369356091,-0.021995980136380044,684.475754756609,Normal,662.1133393966013,702.1133393966013,SUP002,BetaMetals,MAT101,Steel Rod
2025-10-29,683.8605517936378,110.10886039188135,349.8295539868243,993.9302201276585,82.27311232202479,0.25614693279303324,684.7224640667266,Normal,663.8605517936378,703.8605517936378,SUP005,PrimeSteel,MAT101,Steel Rod
2025-10-30,680.4784979422302,109.90091236915036,350.2783735970242,993.4243728350325,82.3594988492291,-0.4945531428208749,683.5637172619282,Normal,660.4784979422302,700.4784979422302,SUP002,BetaMetals,MAT102,Steel Plate
2025-10-31,681.5680026209329,109.76295951840483,348.6975264938527,996.8501501943042,82.48371766189086,0.1601086121012507,683.1515883076297,Normal,661.5680026209329,701.5680026209329,SUP002,BetaMetals,MAT101,Steel Rod
2025-11-01,689.3628910822055,109.3421864824715,349.92519998963587,997.8974573304369,82.35722812550621,1.1436699538854178,684.1264373407639,Normal,669.3628910822055,709.3628910822055,SUP002,BetaMetals,MAT100,Steel Coil
2025-11-02,689.0704711986831,109.14353514581892,348.38171661173715,995.3363162531735,82.36269479707641,-0.04241886056026711,684.1024519935737,Normal,669.0704711986831,709.0704711986831,SUP003,CoreSteel,MAT100,Steel Coil
2025-11-03,690.3868401455682,109.49408284133885,351.6458917666756,994.0146894952361,82.13775764408007,0.19103546036374208,685.2629420256941,Normal,670.3868401455682,710.3868401455682,SUP001,AlphaSteel,MAT102,Steel Plate
2025-11-04,677.9174367822991,109.32701101116729,346.3040137784527,991.7426002538184,82.21614208053627,-1.8061473130976724,684.6635273665081,Normal,657.9174367822991,697.9174367822991,SUP005,PrimeSteel,MAT103,Steel Bar
2025-11-05,688.9899197874238,109.05693903711568,350.4738882405462,994.403934026257,82.24275266928903,1.633308483357454,685.3962942227633,Normal,668.9899197874238,708.9899197874238,SUP003,CoreSteel,MAT104,Steel Sheet
2025-11-06,687.4638271668059,109.04206395665804,350.3495653762707,996.7618637302236,82.50315206814172,-0.2214970896945334,686.3941983977027,Normal,667.4638271668059,707.4638271668059,SUP003,CoreSteel,MAT102,Steel Plate
2025-11-07,678.0223304416194,110.30313063364402,348.661345687708,993.2296396308973,82.76897937789948,-1.3733808750486687,685.8876738006578,Normal,658.0223304416194,698.0223304416194,SUP003,CoreSteel,MAT100,Steel Coil
2025-11-08,687.879797146366,109.20929695721934,347.4027757073648,990.8148467780611,82.22650862835432,1.4538557599313995,685.675803238395,Normal,667.879797146366,707.879797146366,SUP003,CoreSteel,MAT103,Steel Bar
2025-11-09,689.3583582242845,109.35757079568346,348.27569201200555,995.1504566115614,82.20345365922273,0.2149446871462679,685.716929956338,Normal,669.3583582242845,709.3583582242845,SUP005,PrimeSteel,MAT100,Steel Coil
2025-11-10,687.2185765257675,108.78173535697579,347.7133675276668,991.6919196583091,82.44307348403196,-0.31040193724913845,685.2643208677953,Normal,667.2185765257675,707.2185765257675,SUP003,CoreSteel,MAT103,Steel Bar
2025-11-11,690.5973896544626,109.29368907243534,347.79658996291494,994.3830457363586,82.21994630243492,0.49166498754686927,687.0757427066757,Normal,670.5973896544626,710.5973896544626,SUP001,AlphaSteel,MAT101,Steel Rod
2025-11-12,692.2965803438083,107.93079080708773,347.7517401001732,993.3856758880713,82.26680331359769,0.2460464975397425,687.5481227861591,Normal,672.2965803438083,712.2965803438083,SUP004,DeltaIron,MAT100,Steel Coil
2025-11-13,685.1127532509901,110.42650005737337,349.9150424733394,992.0624524066492,82.2341614926521,-1.0376805688178559,687.2122550838998,Normal,665.1127532509901,705.1127532509901,SUP001,AlphaSteel,MAT104,Steel Sheet
2025-11-14,691.7968782965053,109.66532970495763,350.3153762378585,994.6416064763456,82.38549754342986,0.9756240872466293,689.1800476345977,Normal,671.7968782965053,711.7968782965053,SUP002,BetaMetals,MAT101,Steel Rod
2025-11-15,683.977299170023,108.92892728873899,349.2211327815187,990.9646755974496,82.41920718884558,-1.1303287672730367,688.6225479236916,Normal,663.977299170023,703.977299170023,SUP001,AlphaSteel,MAT101,Steel Rod
2025-11-16,682.8823921111144,109.06983700950961,347.422373492832,994.9318924425055,82.15307595151468,-0.1600794441916742,687.6974099075245,Normal,662.8823921111144,702.8823921111144,SUP005,PrimeSteel,MAT102,Steel Plate
2025-11-17,682.2423322266233,109.30102885914042,345.87053161226737,993.2216696565712,82.1275556807535,-0.0937291533484208,686.9865178647896,Normal,662.2423322266233,702.2423322266233,SUP002,BetaMetals,MAT100,Steel Coil
2025-11-18,681.6246007707824,109.47830562157401,349.153216023307,990.9863116081711,82.4220547513526,-0.09054428707535589,685.7046908814067,Normal,661.6246007707824,701.6246007707824,SUP001,AlphaSteel,MAT100,Steel Coil
2025-11-19,694.9259452915803,109.626601257383,348.72676272404186,992.1974927840466,82.29058488962207,1.9514179074165972,686.0803144453741,Normal,674.9259452915803,714.9259452915803,SUP001,AlphaSteel,MAT101,Steel Rod
2025-11-20,679.0014056693708,108.27256987839458,350.7845867101028,992.377784767618,82.30566445751545,-2.291544837274395,685.207264790857,Normal,659.0014056693708,699.0014056693708,SUP003,CoreSteel,MAT100,Steel Coil
2025-11-21,681.4995814348455,109.00038971410537,350.01954887231426,992.331362864221,82.14797555037647,0.3679190859718462,683.7362223820486,Normal,661.4995814348455,701.4995814348455,SUP003,CoreSteel,MAT101,Steel Rod
2025-11-22,687.9469698575409,109.68098035266581,344.006430223646,995.5064569926712,82.23723052764204,0.9460590436638272,684.303318194551,Normal,667.9469698575409,707.9469698575409,SUP005,PrimeSteel,MAT100,Steel Coil
2025-11-23,683.815616467797,108.32399509224403,349.11645875522385,994.9343552266048,82.54630844593952,-0.6005336996541266,684.4366359597915,Normal,663.815616467797,703.815616467797,SUP002,BetaMetals,MAT102,Steel Plate
2025-11-24,681.9041425023169,109.17247829308702,348.2537195022291,994.7322539793951,82.28187818951152,-0.2795306102182482,684.3883231420334,Normal,661.9041425023169,701.9041425023169,SUP003,CoreSteel,MAT103,Steel Bar
2025-11-25,688.5944863066054,109.35132447644143,350.24204488166555,992.3981920676889,82.40492781782508,0.9811267284192793,685.3840210757224,Normal,668.5944863066054,708.5944863066054,SUP001,AlphaSteel,MAT104,Steel Sheet
2025-11-26,681.6288037817175,108.67383430178465,348.96769838076284,996.0145107410503,82.31091526890282,-1.011579770591775,683.4844294314563,Normal,661.6288037817175,701.6288037817175,SUP004,DeltaIron,MAT102,Steel Plate
2025-11-27,681.478849411469,109.06005919537333,347.44595705209053,994.8991383798506,82.64390065311552,-0.021999418072782273,683.8383499660418,Normal,661.478849411469,701.478849411469,SUP002,BetaMetals,MAT100,Steel Coil
2025-11-28,683.2236315411529,110.03197651743191,349.76587008624205,993.8269371182645,82.21674010050258,0.2560288013620182,684.0846428383713,Normal,663.2236315411529,703.2236315411529,SUP001,AlphaSteel,MAT102,Steel Plate
2025-11-29,679.8460317167826,109.82461681553606,350.21437467261796,993.321171864483,82.3031022336976,-0.49436226565399144,682.9273659611201,Normal,659.8460317167826,699.8460317167826,SUP004,DeltaIron,MAT100,Steel Coil
2025-11-30,680.9339889253058,109.68704339952289,348.63455402553166,996.746377979982,82.42728005943667,0.1600299417466422,682.5157048836214,Normal,660.9339889253058,700.9339889253058,SUP002,BetaMetals,MAT103,Steel Bar
2025-12-01,688.7183302802296,109.2674938374759,349.861397729685,997.7935090813975,82.30085942646647,1.1431859007668965,683.4891602804662,Normal,668.7183302802296,708.7183302802296,SUP005,PrimeSteel,MAT104,Steel Sheet
2025-12-02,688.4262177346724,109.0694030894824,348.3189161169092,995.2327915528451,82.30633714885272,-0.042413935089880006,683.4651219130471,Normal,668.4262177346724,708.4262177346724,SUP001,AlphaSteel,MAT104,Steel Sheet
2025-12-03,689.7407348019402,109.41887237450361,351.58091548890377,993.9113823847457,82.08151203643058,0.19094523616391967,684.6239692016504,Normal,669.7407348019402,709.7407348019402,SUP002,BetaMetals,MAT104,Steel Sheet
2025-12-04,677.2879822232485,109.25226689689401,346.24254976200825,991.6396686630279,82.15987554199377,-1.8054251330056004,684.0252738890474,Normal,657.2879822232485,697.2879822232485,SUP004,DeltaIron,MAT104,Steel Sheet
2025-12-05,688.3455191865526,108.9829686682357,350.40964983676395,994.300558212732,82.18648788627083,1.632619691110837,684.7569721241045,Normal,668.3455191865526,708.3455191865526,SUP003,CoreSteel,MAT100,Steel Coil
2025-12-06,686.821389786745,108.9681057399159,350.28539077273615,996.6580941079528,82.4467865492375,-0.22141923747954761,685.7534518483848,Normal,666.821389786745,706.821389786745,SUP001,AlphaSteel,MAT104,Steel Sheet
2025-12-07,677.3924800045688,110.22537671369084,348.5982685206791,993.1264549137907,82.71251073485855,-1.3728328678149992,685.2475220025652,Normal,657.3924800045688,697.3924800045688,SUP004,DeltaIron,MAT103,Steel Bar
2025-12-08,687.2366314846461,109.13477519003705,347.34051200830106,990.712061292691,82.17029117382134,1.4532419196638946,685.0358507460533,Normal,667.2366314846461,707.2366314846461,SUP001,AlphaSteel,MAT101,Steel Rod
2025-12-09,688.713123150802,109.28257429921543,348.21283300890536,995.0469487043346,82.14725969577987,0.21484472720352255,685.076837234072,Normal,668.713123150802,708.713123150802,SUP003,CoreSteel,MAT101,Steel Rod
2025-12-10,686.5761284418655,108.708425132406,347.65086182350285,991.5889844125131,82.38678785797558,-0.3102880774450534,684.624750611204,Normal,666.5761284418655,706.5761284418655,SUP004,DeltaIron,MAT101,Steel Rod
2025-12-11,689.950321778206,109.21881877803227,347.7340108951097,994.2796613179017,82.16377185237785,0.491452177924967,686.4336562619122,Normal,669.950321778206,709.950321778206,SUP001,AlphaSteel,MAT100,Steel Coil
2025-12-12,691.6471470140136,107.85995566545527,347.68917231821325,993.2824551811897,82.21062168173619,0.24593440748521544,686.905317380121,Normal,671.6471470140136,711.6471470140136,SUP003,CoreSteel,MAT101,Steel Rod
2025-12-13,684.472876877005,110.34818462914272,349.85102653400736,991.9594495555737,82.1780075188376,-1.0372731483071274,686.5698155358724,Normal,664.472876877005,704.472876877005,SUP003,CoreSteel,MAT102,Steel Plate
2025-12-14,691.1479459676502,109.58925366978744,350.2510773509325,994.5381730581865,82.32929057117568,0.9752130896846012,688.5348821020269,Normal,671.1479459676502,711.1479459676502,SUP005,PrimeSteel,MAT104,Steel Sheet
2025-12-15,683.3387771259916,108.85501673451533,349.1575387674985,990.8618511296019,82.36299877142926,-1.1298838240379028,687.9780457650761,Normal,663.3387771259916,703.3387771259916,SUP001,AlphaSteel,MAT102,Steel Plate
2025-12-16,682.2452548277586,108.9954737320296,347.3599499929456,994.8284067658067,82.09699751685623,-0.16002637854566348,687.0540645760701,Normal,662.2452548277586,702.2452548277586,SUP005,PrimeSteel,MAT101,Steel Rod
2025-12-17,681.6059692544079,109.22594342886963,345.80911543215615,993.1184661401317,82.07150174698064,-0.09370319087261825,686.3440418350048,Normal,661.6059692544079,701.6059692544079,SUP003,CoreSteel,MAT102,Steel Plate
2025-12-18,680.9889821672097,109.40265894424417,349.08961185705704,990.8834775090567,82.3658850275367,-0.09051961324123559,685.0638504620053,Normal,660.9889821672097,700.9889821672097,SUP004,DeltaIron,MAT101,Steel Rod
2025-12-19,694.2723895298343,109.55047982700734,348.6634220728232,992.0944554219196,82.23448609256839,1.9506053270275991,685.4388851071225,Normal,674.2723895298343,714.2723895298343,SUP002,BetaMetals,MAT104,Steel Sheet
2025-12-20,678.3691384313792,108.20045717190271,350.71986762997034,992.2747154361226,82.24957233771916,-2.290635683960429,684.5669224720331,Normal,658.3691384313792,698.3691384313792,SUP001,AlphaSteel,MAT100,Steel Coil
2025-12-21,680.8638766132095,108.92607275854807,349.95531709363087,992.228299234429,82.09196583295505,0.3677552589728794,683.097769707113,Normal,660.8638766132095,700.8638766132095,SUP005,PrimeSteel,MAT101,Steel Rod
2025-12-22,687.3025270238131,109.60460010072259,343.9461543890323,995.4028637743236,82.18119495468599,0.9456589829131667,683.664019692516,Normal,667.3025270238131,707.3025270238131,SUP002,BetaMetals,MAT103,Steel Bar
2025-12-23,683.1766339551355,108.25163239198227,349.0527871887373,994.8308550575829,82.49015064814769,-0.6003023277891595,683.7970738535698,Normal,663.1766339551355,703.1766339551355,SUP002,BetaMetals,MAT101,Steel Rod
2025-12-24,681.2676409148944,109.09755125416473,348.19059981751866,994.6287853801083,82.22584955829059,-0.27942891272338954,683.7487412336394,Normal,661.2676409148944,701.2676409148944,SUP003,CoreSteel,MAT100,Steel Coil
2025-12-25,687.9489207003752,109.27583153563128,350.17759271216755,992.295109286918,82.34885849061743,0.9807129216512278,684.7430181669487,Normal,667.9489207003752,707.9489207003752,SUP001,AlphaSteel,MAT104,Steel Sheet
2025-12-26,680.9925026815308,108.6003310724305,348.90407014272546,995.9108250576741,82.25490038722324,-1.0111823435615452,682.8458914743339,Normal,660.9925026815308,700.9925026815308,SUP003,CoreSteel,MAT103,Steel Bar
2025-12-27,680.8426650817419,108.98537118128439,347.3833162594404,994.7956360164469,82.58775303148192,-0.02200282663890052,683.1992524243858,Normal,660.8426650817419,700.8426650817419,SUP004,DeltaIron,MAT101,Steel Rod
2025-12-28,682.5850209781141,109.95435581029272,349.70167765693145,993.723610901546,82.16079294395075,0.2559116791194471,683.4451301908008,Normal,662.5850209781141,702.5850209781141,SUP005,PrimeSteel,MAT100,Steel Coil
2025-12-29,679.2118699747999,109.74758279734819,350.14986748811333,993.2179276749416,82.2471304281947,-0.49417301869305597,682.2893220409417,Normal,659.2118699747999,699.2118699747999,SUP001,AlphaSteel,MAT101,Steel Rod
2025-12-30,680.2982825618657,109.61038780755737,348.5710726791045,996.6425626435508,82.37126701951911,0.15995194358220388,681.8781289847602,Normal,660.2982825618657,700.2982825618657,SUP005,PrimeSteel,MAT101,Steel Rod
2025-12-31,688.072091737832,109.19205819196078,349.7970872004728,997.6895177414635,82.24491499447659,1.1427059828361896,682.850193388037,Normal,668.072091737832,708.072091737832,SUP003,CoreSteel,MAT100,Steel Coil
2026-01-01,687.7802868890544,108.99452648345752,348.255606751118,995.1292236932092,82.25040349772806,-0.042409051650471596,682.8261028435627,Normal,667.7802868890544,707.7802868890544,SUP003,CoreSteel,MAT100,Steel Coil
2026-01-02,689.0929553332896,109.34292070014584,351.5154318386132,993.8080320807569,82.02569011183583,0.1908557818911305,683.9833103652426,Normal,669.0929553332896,709.0929553332896,SUP003,CoreSteel,MAT100,Steel Coil
2026-01-03,676.6568319620891,109.1767803071313,346.18057611205495,991.5366938183064,82.10403243092622,-1.80470911434375,683.385334205292,Normal,656.6568319620891,696.6568319620891,SUP003,CoreSteel,MAT100,Steel Coil
2026-01-04,687.69944371408,108.90825363851503,350.34490369354256,994.1971392210525,82.13064626537876,1.631936785441268,684.1159660247158,Normal,667.69944371408,707.69944371408,SUP001,AlphaSteel,MAT100,Steel Coil
2026-01-05,686.1772756705112,108.89340294982841,350.22070844796804,996.5542813749271,82.39084397221377,-0.22134204956570924,685.111023981246,Normal,666.1772756705112,706.1772756705112,SUP004,DeltaIron,MAT103,Steel Bar
2026-01-06,676.7609367078619,110.14688967185295,348.534682967449,993.0232269907046,82.65646481467479,-1.3722895374883914,684.6056888592456,Normal,656.7609367078619,696.7609367078619,SUP004,DeltaIron,MAT100,Steel Coil
2026-01-07,686.5917916042675,109.05951077881794,347.2777394457467,990.6092325369688,82.1144960679828,1.4526333248825463,684.3942174115934,Normal,666.5917916042675,706.5917916042675,SUP003,CoreSteel,MAT102,Steel Plate
2026-01-08,688.0662174058048,109.20683669918391,348.1494655961253,994.9433976487578,82.09148780685621,0.21474562026035926,684.435064628272,Normal,668.0662174058048,708.0662174058048,SUP001,AlphaSteel,MAT101,Steel Rod
2026-01-09,685.932006715318,108.6343688955418,347.58784753649826,991.4860059251769,82.33092408291647,-0.3101751890295157,683.9835005399902,Normal,665.932006715318,705.932006715318,SUP001,AlphaSteel,MAT101,Steel Rod
2026-01-10,689.3015872289861,109.14320725081478,347.6709233532926,994.1762337345033,82.10801894105575,0.49124118435641684,685.7898941495471,Normal,669.3015872289861,709.3015872289861,SUP005,PrimeSteel,MAT103,Steel Bar
2026-01-11,690.9960509550333,107.78836737235812,347.6260961151158,993.1791912841275,82.15486132840493,0.24582327350484157,686.2608380411119,Normal,670.9960509550333,710.9960509550333,SUP005,PrimeSteel,MAT103,Steel Bar
2026-01-12,683.8313257156615,110.26913849690708,349.78650319100274,991.8564034800819,82.12227454825117,-1.0368692019975145,685.9257023332763,Normal,663.8313257156615,703.8313257156615,SUP001,AlphaSteel,MAT103,Steel Bar
2026-01-13,690.4973517744355,109.51244037110959,350.1862713076643,994.4346964891182,82.27350436237815,0.9748056001672278,687.8880473427865,Normal,670.4973517744355,710.4973517744355,SUP002,BetaMetals,MAT102,Steel Plate
2026-01-14,682.698580013662,108.78036257784525,349.09343719157465,990.7589834116244,82.30721085527406,-1.1294426750127706,687.3318742584145,Normal,662.698580013662,702.698580013662,SUP003,CoreSteel,MAT104,Steel Sheet
2026-01-15,681.6064413855822,108.92036832679179,347.29701821782874,994.7248779508087,82.04133926382566,-0.15997376588331447,686.4090491126683,Normal,661.6064413855822,701.6064413855822,SUP003,CoreSteel,MAT100,Steel Coil
2026-01-16,680.9679298519344,109.15011814958643,345.74719037134196,993.0152194404723,82.01586772161521,-0.09367745004724704,685.6998952750421,Normal,660.9679298519344,700.9679298519344,SUP002,BetaMetals,MAT100,Steel Coil
2026-01-17,680.3516869018956,109.32627421643211,349.02550031651475,990.7806001673026,82.31013500057917,-0.09049515006863684,684.4213380854578,Normal,660.3516869018956,700.3516869018956,SUP001,AlphaSteel,MAT100,Steel Coil
2026-01-18,693.6171819481292,109.47362188653523,348.5995739334331,991.9913748528905,82.17880669914979,1.9497996847248844,684.7957853701857,Normal,673.6171819481292,713.6171819481292,SUP004,DeltaIron,MAT100,Steel Coil
2026-01-19,677.7351915680465,108.12759611541046,350.654642032999,992.1716029050003,82.19389935667267,-2.2897342789974906,683.9249090633837,Normal,657.7351915680465,697.7351915680465,SUP002,BetaMetals,MAT104,Steel Sheet
2026-01-20,680.226497546878,108.85101415476957,349.890578536308,992.1251924060255,82.03637495637751,0.3675928312159016,682.4576441737327,Normal,660.226497546878,700.226497546878,SUP004,DeltaIron,MAT102,Steel Plate
2026-01-21,686.6564224397971,109.52748448166909,343.88536922142436,995.2992274473243,82.12557797229698,0.9452623377812497,683.0230502346091,Normal,666.6564224397971,706.6564224397971,SUP001,AlphaSteel,MAT101,Steel Rod
2026-01-22,682.5359831300018,108.17852245831352,348.98860859387554,994.7273117664109,82.4344112330636,-0.6000729295088658,683.1558419123833,Normal,662.5359831300018,702.5359831300018,SUP001,AlphaSteel,MAT103,Steel Bar
2026-01-23,680.6294684513933,109.02188475820127,348.12697279992926,994.5252736553886,82.17023899189289,-0.2793280831679401,683.1074902837346,Normal,660.6294684513933,700.6294684513933,SUP001,AlphaSteel,MAT104,Steel Sheet
2026-01-24,687.3016971493278,109.19960095009095,350.11263415072415,992.1919833185689,82.29320698498192,0.9803026473589993,684.1003488905105,Normal,667.3016971493278,707.3016971493278,SUP005,PrimeSteel,MAT101,Steel Rod
2026-01-25,680.3545319678415,108.52608438379124,348.83993502841844,995.8070962888612,82.19930304233223,-1.0107883059652822,682.2056846076123,Normal,660.3545319678415,700.3545319678415,SUP004,DeltaIron,MAT104,Steel Sheet
2026-01-26,680.2048117472698,108.90994336715401,347.3201679981177,994.6920905391087,82.53202274408012,-0.022006206108249327,682.5584874903585,Normal,660.2048117472698,700.2048117472698,SUP003,CoreSteel,MAT101,Steel Rod
2026-01-27,681.9447454319602,109.87600417871383,349.6369788447071,993.6202415435866,82.10526277318485,0.25579555666783715,682.8039514739418,Normal,661.9447454319602,701.9447454319602,SUP003,CoreSteel,MAT101,Steel Rod
2026-01-28,678.5760380437138,109.6698162272314,350.08485418894884,993.1146403324923,82.19157535888459,-0.4939853867651167,681.6496108459297,Normal,658.5760380437138,698.5760380437138,SUP005,PrimeSteel,MAT100,Steel Coil
2026-01-29,679.6609088472285,109.53299865768722,348.5070846002196,996.5387042510764,82.31567047364433,0.1598746113467664,681.2388859483907,Normal,659.6609088472285,699.6609088472285,SUP002,BetaMetals,MAT102,Steel Plate
2026-01-30,687.4242007446038,109.11588547115682,349.7322705470468,997.5854833766937,82.18938676640217,1.142230161587876,682.2095619902778,Normal,667.4242007446038,707.4242007446038,SUP002,BetaMetals,MAT101,Steel Rod
2026-01-31,687.1327039439508,108.91891125712284,348.1917906596104,995.0256127403336,82.19488578591287,-0.04240420985139881,682.1854201037955,Normal,667.1327039439508,707.1327039439508,SUP001,AlphaSteel,MAT104,Steel Sheet
2026-02-01,688.4435270103811,109.26623373719467,351.4494429598617,993.7046386493415,81.97028381786696,0.19076709038974293,683.3409908241582,Normal,668.4435270103811,708.4435270103811,SUP002,BetaMetals,MAT100,Steel Coil
2026-02-02,676.0240112915616,109.1005571641171,346.11809497394654,991.4336757857338,82.04860470023638,-1.8039991998693328,682.7437336162,Normal,656.0240112915616,696.0240112915616,SUP001,AlphaSteel,MAT100,Steel Coil
2026-02-03,687.0517186278072,108.83279987623837,350.2796519547856,994.0936771172838,82.07521976484799,1.6312597114970684,683.4733012156066,Normal,667.0517186278072,707.0517186278072,SUP003,CoreSteel,MAT102,Steel Plate
2026-02-04,685.5315100714284,108.81796151394406,350.15552054565933,996.450425597199,82.33531630061488,-0.22126551977992293,684.4669400767089,Normal,665.5315100714284,705.5315100714284,SUP004,DeltaIron,MAT104,Steel Sheet
2026-02-05,676.1277258194852,110.06767540102861,348.4705911719518,992.9199559277056,82.60083358619774,-1.3717508405942436,683.962199644174,Normal,656.1277258194852,696.1277258194852,SUP001,AlphaSteel,MAT102,Steel Plate
2026-02-06,685.9453027412225,108.98350964440279,347.21446016375285,990.5063605769693,82.05911528505797,1.452029926718068,683.7509285008338,Normal,665.9453027412225,705.9453027412225,SUP003,CoreSteel,MAT104,Steel Sheet
2026-02-07,687.4176662135511,109.1303639113575,348.08559191721827,994.8398035108837,82.0361299719935,0.21464735838916393,683.791637396491,Normal,667.4176662135511,707.4176662135511,SUP001,AlphaSteel,MAT103,Steel Bar
2026-02-08,685.2862365673996,108.55957257632626,347.5243268101219,991.3829842623666,82.27547414369316,-0.3100632629783773,683.3405959046365,Normal,665.2862365673996,705.2862365673996,SUP002,BetaMetals,MAT103,Steel Bar
2026-02-09,688.6512112117542,109.06686040598751,347.6073294806623,994.0727630522148,82.0526795586394,0.49103198996229835,685.1444816075212,Normal,668.6512112117542,708.6512112117542,SUP003,CoreSteel,MAT102,Steel Plate
2026-02-10,690.3433173595586,107.71603187809565,347.56251363384627,993.0758842629386,82.09951424908071,0.24571308672018954,685.6147099977713,Normal,670.3433173595586,710.3433173595586,SUP003,CoreSteel,MAT103,Steel Bar
2026-02-11,683.1881249688702,110.18936754350003,349.7214745864203,991.7533142462318,82.06695458167873,-1.0364686976410131,685.2799406974058,Normal,663.1881249688702,703.1881249688702,SUP003,CoreSteel,MAT100,Steel Coil
2026-02-12,689.8451208944643,109.43489571085891,350.12096024978683,994.3311768351841,82.21813092311335,0.974401586078133,687.23956856526,Normal,669.8451208944643,709.8451208944643,SUP002,BetaMetals,MAT102,Steel Plate
2026-02-13,682.0567330213987,108.70497073910667,349.0288301955498,990.6560725095752,82.25183545175258,-1.1290052849786125,686.6840586052851,Normal,662.0567330213987,702.0567330213987,SUP005,PrimeSteel,MAT103,Steel Bar
2026-02-14,680.965976967455,108.84452670929865,347.2335803095574,994.621306063549,81.98609320911385,-0.15992160199223004,685.7623887129859,Normal,660.965976967455,700.965976967455,SUP003,CoreSteel,MAT104,Steel Sheet
2026-02-15,680.3282391954806,109.07355892951831,345.6847585721028,992.911929623636,81.96064562664256,-0.09365192881066742,685.0541033741401,Normal,660.3282391954806,700.3282391954806,SUP005,PrimeSteel,MAT102,Steel Plate
2026-02-16,679.7127401444748,109.24915734052352,348.96088354276424,990.6776796489602,82.25479669772936,-0.0904708955979383,683.7771789359575,Normal,659.7127401444748,699.7127401444748,SUP005,PrimeSteel,MAT103,Steel Bar
2026-02-17,692.9603476758059,109.396033333281,348.5352204468328,991.8882511430027,82.12353874191203,1.9490009159627286,684.151040409707,Normal,672.9603476758059,712.9603476758059,SUP001,AlphaSteel,MAT102,Steel Plate
2026-02-18,677.0995902390829,108.05399264109235,350.58891205931,992.0684472402913,82.13863755220231,-2.2888405505336773,683.2812497340232,Normal,657.0995902390829,697.0995902390829,SUP002,BetaMetals,MAT103,Steel Bar
2026-02-19,679.5874693813914,108.77521981446975,349.8253353404418,992.0220424450489,81.98119496376175,0.36743178967661994,681.8158709464414,Normal,659.5874693813914,699.5874693813914,SUP005,PrimeSteel,MAT102,Steel Plate
2026-02-20,686.0086812273183,109.44963938798602,343.82407686240856,995.195548077695,82.0703716288602,0.9448690764960688,682.3804349758584,Normal,666.0086812273183,706.0086812273183,SUP001,AlphaSteel,MAT103,Steel Bar
2026-02-21,681.8936891160854,108.10467121865767,348.9239251105037,994.6237254191111,82.37908225431772,-0.5998454864843628,682.5129652828056,Normal,661.8936891160854,701.8936891160854,SUP004,DeltaIron,MAT103,Steel Bar
2026-02-22,679.9896502320025,108.94548470893511,348.0628405893291,994.4217188712566,82.11503854923896,-0.27922811348364274,682.4645954308801,Normal,659.9896502320025,699.9896502320025,SUP002,BetaMetals,MAT102,Steel Plate
2026-02-23,686.652840749357,109.12263861767642,350.0471713363835,992.0888142286707,82.23796536509307,0.9798958726917384,683.4560383744347,Normal,666.652840749357,706.652840749357,SUP005,PrimeSteel,MAT101,Steel Rod
2026-02-24,679.7149167452668,108.45110015060168,348.77529517701197,995.703324500622,82.14411530367303,-1.010397626334536,681.5638339557863,Normal,659.7149167452668,699.7149167452668,SUP004,DeltaIron,MAT102,Steel Plate
2026-02-25,679.5653145049181,108.83378165632271,347.25651440748624,994.5885020138489,82.47670186558264,-0.022009556751390047,681.916080279477,Normal,659.5653145049181,699.5653145049181,SUP005,PrimeSteel,MAT101,Steel Rod
2026-02-26,681.302829987226,109.79692749907406,349.5717757880172,993.5168291104025,82.05014166816721,0.25568042470998087,682.1611317945964,Normal,661.302829987226,701.302829987226,SUP001,AlphaSteel,MAT101,Steel Rod
2026-02-27,677.9385610081154,109.59132298594783,350.01933691319744,993.0113099031508,82.13642911097271,-0.49379935485864834,681.0082574775673,Normal,657.9385610081154,697.9385610081154,SUP003,CoreSteel,MAT102,Steel Plate
2026-02-28,679.0218928552476,109.45488183320313,348.44259192716044,996.4348028685566,82.26048251225416,0.15979793884586257,680.5980008688763,Normal,659.0218928552476,699.0218928552476,SUP002,BetaMetals,MAT102,Steel Plate
2026-03-01,686.774682347473,109.03898156837826,349.66694990709044,997.4814060530787,82.13426683793908,1.141758398926629,681.5672911710863,Normal,666.774682347473,706.774682347473,SUP002,BetaMetals,MAT102,Steel Plate
2026-03-02,686.4834939388934,108.84256330793004,348.1274699802693,994.9219587602187,82.1397761143425,-0.04239940930615971,681.5430987695914,Normal,666.4834939388934,706.4834939388934,SUP002,BetaMetals,MAT104,Steel Sheet
2026-03-03,687.7924748614685,109.1888173726853,351.38295098934486,993.6012021565036,81.91528526071468,0.1906791545801756,682.6970356433346,Normal,667.7924748614685,707.7924748614685,SUP004,DeltaIron,MAT103,Steel Bar
2026-03-04,675.3895452619298,109.02360335818744,346.0551084856743,991.3306146313223,81.9935844613413,-1.8032953329471635,682.1004971800505,Normal,655.3895452619298,695.3895452619298,SUP003,CoreSteel,MAT101,Steel Rod
2026-03-05,686.402368943169,108.75661327777219,350.21389675703557,993.9901719674239,82.0202005013228,1.6305884150114025,682.8290027451852,Normal,666.402368943169,706.402368943169,SUP002,BetaMetals,MAT102,Steel Plate
2026-03-06,684.8841180005238,108.74178732789714,350.08982920214294,996.3465268407529,82.2801956562892,-0.22118964201460756,683.8212251726721,Normal,664.8841180005238,704.8841180005238,SUP002,BetaMetals,MAT104,Steel Sheet
2026-03-07,675.4928723651724,109.98773976230713,348.40599527076205,992.8166417907919,82.54560917647593,-1.371216734119718,683.3170793883756,Normal,655.4928723651724,695.4928723651724,SUP004,DeltaIron,MAT104,Steel Sheet
2026-03-08,685.2971898893561,108.90677767574182,347.1506762990117,990.4034454787,82.00414095736015,1.4514316768221125,683.106009037216,Normal,665.2971898893561,705.2971898893561,SUP001,AlphaSteel,MAT104,Steel Sheet
2026-03-09,686.7674945562312,109.05316181963114,348.02121410837907,994.7361663566976,81.98117832872259,0.21454993374663278,683.1465805539787,Normal,666.7674945562312,706.7674945562312,SUP003,CoreSteel,MAT103,Steel Bar
2026-03-10,684.6388429773842,108.48404207278841,347.4603017804855,991.279919490081,82.22043018302853,-0.3099522903632024,682.6960617133952,Normal,664.6388429773842,704.6388429773842,SUP005,PrimeSteel,MAT104,Steel Sheet
2026-03-11,687.9992186895463,108.98978412688687,347.54323141306105,993.9692493370204,81.99774585307915,0.49082457804296986,684.4974436316261,Normal,667.9992186895463,707.9992186895463,SUP002,BetaMetals,MAT102,Steel Plate
2026-03-12,689.6889711784453,107.64295510099609,347.49842701001444,992.9725341836096,82.04457259691517,0.24560383834701938,684.9669582366656,Normal,669.6889711784453,709.6889711784453,SUP003,CoreSteel,MAT103,Steel Bar
2026-03-13,682.5432995967567,110.10887761998718,349.65594285500015,991.6501819200132,82.01203977747646,-1.0360716033314343,684.632555607556,Normal,662.5432995967567,702.5432995967567,SUP002,BetaMetals,MAT102,Steel Plate
2026-03-14,689.1912782636509,109.35662555914709,350.0551463116794,994.2276141623605,82.16316241692307,0.9740010151475742,686.5894707359101,Normal,669.1912782636509,709.1912782636509,SUP003,CoreSteel,MAT100,Steel Coil
2026-03-15,681.4132610959258,108.62884710680115,348.9637199138737,990.5531184894453,82.19686472959866,-1.1285716190897022,686.0346237654201,Normal,661.4132610959258,701.4132610959258,SUP001,AlphaSteel,MAT104,Steel Sheet
2026-03-16,680.3238865146769,108.76795476319265,347.1696384028551,994.517691169998,81.93125152666846,-0.1598698827047773,685.1141083309122,Normal,660.3238865146769,700.3238865146769,SUP005,PrimeSteel,MAT100,Steel Coil
2026-03-17,679.6869222198261,108.99627164505625,345.6218221693647,992.8085967555986,81.90582764120052,-0.09362662512322206,684.4066910798326,Normal,659.6869222198261,699.6869222198261,SUP001,AlphaSteel,MAT102,Steel Plate
2026-03-18,679.0721668231553,109.17131418708682,348.89576366953924,990.574716020013,82.19986230328487,-0.0904468478903575,683.1313979560625,Normal,659.0721668231553,699.0721668231553,SUP004,DeltaIron,MAT101,Steel Rod
2026-03-19,692.3019116008961,109.31772003275864,348.4703637466339,991.785084358232,82.06867441034491,1.948208956881925,683.5046751592697,Normal,672.3019116008961,712.3019116008961,SUP005,PrimeSteel,MAT100,Steel Coil
2026-03-20,676.4623593629117,107.97965264922038,350.522679841676,991.9652485079683,82.08377911897429,-2.2879544274775565,682.6359694115775,Normal,656.4623593629117,696.4623593629117,SUP004,DeltaIron,MAT102,Steel Plate
2026-03-21,678.9468170210856,108.69869561750889,349.75958963878054,991.9188494174698,81.9264180549615,0.36727212146936417,681.172474948354,Normal,658.9468170210856,698.9468170210856,SUP004,DeltaIron,MAT103,Steel Bar
2026-03-22,685.3593282670923,109.37107068037369,343.762279446223,995.0918257313895,82.01556812939265,0.9444791676234576,681.7361988299491,Normal,665.3593282670923,705.3593282670923,SUP005,PrimeSteel,MAT102,Steel Plate
2026-03-23,681.2497767960258,108.0300845685517,348.8587388711404,994.5200960816375,82.32415592206841,-0.5996199805811897,681.8684688701418,Normal,661.2497767960258,701.2497767960258,SUP005,PrimeSteel,MAT101,Steel Rod
2026-03-24,679.3482111359281,108.86835697829436,347.99820531824076,994.3181210936654,82.06024044567337,-0.2791289956880383,681.8200815724421,Normal,659.3482111359281,699.3482111359281,SUP002,BetaMetals,MAT102,Steel Plate
2026-03-25,686.0023763554692,109.04495040445263,349.9812064008495,991.9856020831847,82.18312585144562,0.9794925651478215,682.8101115056298,Normal,666.0023763554692,706.0023763554692,SUP002,BetaMetals,MAT104,Steel Sheet
2026-03-26,679.0736818775885,108.37538425575698,348.71015272033276,995.5995097588989,82.08932939690538,-1.0100102735344563,680.9203644023002,Normal,659.0736818775885,699.0736818775885,SUP004,DeltaIron,MAT104,Steel Sheet
2026-03-27,678.9241982107892,108.75689192032723,347.1923576195667,994.484870506613,82.42178262677486,-0.022012878836052963,681.2720556662827,Normal,658.9241982107892,698.9241982107892,SUP002,BetaMetals,MAT100,Steel Coil
2026-03-28,680.6592994877626,109.71713161603078,349.5060706179681,993.4133736679411,81.99542186486946,0.25556627404739185,681.5166960186651,Normal,660.6592994877626,700.6592994877626,SUP005,PrimeSteel,MAT102,Steel Plate
2026-03-29,677.2994637119748,109.5121089225269,349.95331779159113,992.9079364528651,82.08168392557026,-0.4936149081216201,680.3652867965054,Normal,657.2994637119748,697.2994637119748,SUP005,PrimeSteel,MAT104,Steel Sheet
2026-03-30,678.3812594192326,109.37604318565735,348.37759679086986,996.3308585619213,82.20569538159278,0.1597219199508837,679.9554985998208,Normal,658.3812594192326,698.3812594192326,SUP003,CoreSteel,MAT103,Steel Bar
2026-03-31,686.1235613529228,108.96135234517281,349.60112741094787,997.3772858365412,82.07954746048219,1.1412906571620862,680.923405773677,Normal,666.1235613529228,706.1235613529228,SUP002,BetaMetals,MAT102,Steel Plate
2026-04-01,685.8326816730419,108.7654885015536,348.06264684363924,994.8182618187966,82.08506673954794,-0.04239464963240458,680.8991636761875,Normal,665.8326816730419,705.8326816730419,SUP001,AlphaSteel,MAT104,Steel Sheet
2026-04-02,687.1398236745109,109.1106774619087,351.31595805642115,993.497722668179,81.86068670206214,0.19059196745776497,682.0514696471764,Normal,667.1398236745109,707.1398236745109,SUP005,PrimeSteel,MAT103,Steel Bar
2026-04-03,674.7534586831957,108.94592474792604,345.99161877789214,991.2275104210158,81.9389639810473,-1.8025974575419768,681.4556497146631,Normal,654.7534586831957,694.7534586831957,SUP005,PrimeSteel,MAT104,Steel Sheet
2026-04-04,685.7514194354476,108.67969970771453,350.14764022949936,993.8866238374019,81.96558074673368,1.6299228422948397,682.1830954214753,Normal,665.7514194354476,705.7514194354476,SUP001,AlphaSteel,MAT104,Steel Sheet
2026-04-05,684.2351242287403,108.66488625555752,350.02363654641687,996.2425851715051,82.22547431626828,-0.22111441022689693,683.1739040667275,Normal,664.2351242287403,704.2351242287403,SUP002,BetaMetals,MAT102,Steel Plate
2026-04-06,674.8564011306156,109.90708858511832,348.3408973931198,992.7132846458936,82.49078386763816,-1.370687175508023,682.6703528826392,Normal,654.8564011306156,694.8564011306156,SUP005,PrimeSteel,MAT101,Steel Rod
2026-04-07,684.6474778025781,108.82932073004443,347.08638998088156,990.3004873080993,81.94956537217996,1.4508385273606539,682.4594838040185,Normal,664.6474778025781,704.6474778025781,SUP002,BetaMetals,MAT102,Steel Plate
2026-04-08,686.1157271761779,108.97523627617588,347.9563342984696,994.6324862521157,81.92662516944885,0.2144533385724623,682.4999188758951,Normal,666.1157271761779,706.1157271761779,SUP005,PrimeSteel,MAT104,Steel Sheet
2026-04-09,683.9898506847553,108.407783251193,347.3957745763684,991.1768116742502,82.16578449841714,-0.3098422623501018,682.0499227345016,Normal,663.9898506847553,703.9898506847553,SUP005,PrimeSteel,MAT104,Steel Sheet
2026-04-10,687.3456343856916,108.91198426513063,347.47863127899967,993.8656926548354,81.94321012699439,0.49061893207578144,683.8488049777152,Normal,667.3456343856916,707.3456343856916,SUP003,CoreSteel,MAT102,Steel Plate
2026-04-11,689.033037122921,107.56914292756639,347.4338383718995,992.8691411120578,81.99002867962636,0.24549551969403893,684.3176075044972,Normal,669.033037122921,709.033037122921,SUP001,AlphaSteel,MAT101,Steel Rod
2026-04-12,681.896874319869,110.02767454581544,349.5899101241532,991.5470065673477,81.9575224484644,-1.0356778875000305,683.9835718032298,Normal,661.896874319869,701.896874319869,SUP004,DeltaIron,MAT104,Steel Sheet
2026-04-13,688.5358485784267,109.2776357544121,349.98883162039294,994.1240085365544,82.10859116171046,0.973603855448002,685.9377785814886,Normal,668.5358485784267,708.5358485784267,SUP005,PrimeSteel,MAT101,Steel Rod
2026-04-14,680.7681889445325,108.55199753770344,348.8981084736684,990.4501214171562,82.1422910118051,-1.1281416428689184,685.3835944589106,Normal,660.7681889445325,700.7681889445325,SUP001,AlphaSteel,MAT100,Steel Coil
2026-04-15,679.6801947291825,108.69065834040575,347.10519462511803,994.4140333360567,81.87680654459382,-0.15981860389758795,684.4642326807683,Normal,659.6801947291825,699.6801947291825,SUP001,AlphaSteel,MAT102,Steel Plate
2026-04-16,679.0440036204569,108.91826214090423,345.5583832907268,992.7052209022669,81.85140609848126,-0.09360153696682527,683.7576831001543,Normal,659.0440036204569,699.0440036204569,SUP005,PrimeSteel,MAT103,Steel Bar
2026-04-17,678.4299916269226,109.09275059502265,348.83014282324797,990.471709346376,82.14532415549546,-0.09042300502773992,682.4840198489017,Normal,658.4299916269226,698.4299916269226,SUP004,DeltaIron,MAT103,Steel Bar
2026-04-18,691.6418983723253,109.23868781883135,348.40500595912323,991.6818745644854,82.01420604778818,1.9474237443011022,682.8567143131022,Normal,671.6418983723253,711.6418983723253,SUP005,PrimeSteel,MAT102,Steel Plate
2026-04-19,675.8235236188709,107.90458200831382,350.4559475055461,991.8620067739351,82.02931640540268,-2.2870758394886836,681.9890927843883,Normal,655.8235236188709,695.8235236188709,SUP003,CoreSteel,MAT104,Steel Sheet
2026-04-20,678.3045651312925,108.62144741205728,349.69334355674954,991.8156133891898,81.87203658347634,0.3671138138453989,680.5274808633691,Normal,658.3045651312925,698.3045651312925,SUP004,DeltaIron,MAT104,Steel Sheet
2026-04-21,684.7083882009247,109.2917841879014,343.69997909978247,994.9880604742923,81.9611598324553,0.9440925800628497,681.0903664714251,Normal,664.7083882009247,704.7083882009247,SUP004,DeltaIron,MAT104,Steel Sheet
2026-04-22,680.6042708136129,107.95476837179949,348.7930520009828,994.4164238198748,82.26962459991613,-0.5993963938568658,681.2223773406294,Normal,660.6042708136129,700.6042708136129,SUP005,PrimeSteel,MAT103,Steel Bar
2026-04-23,678.7051758035938,108.79050740654623,347.9330691118659,994.2144803884983,82.00583704988098,-0.2790307218832,681.1739733667918,Normal,658.7051758035938,698.7051758035938,SUP001,AlphaSteel,MAT100,Steel Coil
2026-04-24,685.3503285839834,108.96654214484302,349.9147414685063,991.882346948003,82.12868081777285,0.9790926925703269,682.1625929320861,Normal,665.3503285839834,705.3503285839834,SUP004,DeltaIron,MAT101,Steel Rod
2026-04-25,678.4308519899507,108.29894255046246,348.6445097828881,995.495652129565,82.0349377008259,-1.0096262167596959,680.2753005917469,Normal,658.4308519899507,698.4308519899507,SUP002,BetaMetals,MAT102,Steel Plate
2026-04-26,678.2814874824213,108.67927999905011,347.12769975906104,994.3811960832768,82.36725741147745,-0.022016172627070674,680.62643828654,Normal,658.2814874824213,698.2814874824213,SUP004,DeltaIron,MAT100,Steel Coil
2026-04-27,680.0141785389354,109.63662234266917,349.4398654583488,993.3098752820811,81.94109575219692,0.2554530955791501,680.870668773346,Normal,660.0141785389354,700.0141785389354,SUP001,AlphaSteel,MAT102,Steel Plate
2026-04-28,676.6587707608384,109.4321798544146,349.8867989475455,992.8045200475136,82.02733219662066,-0.49343203185945317,679.7207234247622,Normal,656.6587707608384,696.6587707608384,SUP003,CoreSteel,MAT100,Steel Coil
2026-04-29,677.7390331341456,109.29648853501298,348.3121013149749,996.226871397031,82.15130148063518,0.1596465485982801,679.3114037562669,Normal,657.7390331341456,697.7390331341456,SUP004,DeltaIron,MAT101,Steel Rod
2026-04-30,685.4708623291871,108.883003631471,349.53480518164815,997.2731227929348,82.02522103805579,1.140826899003633,680.2779304027803,Normal,665.4708623291871,705.4708623291871,SUP003,CoreSteel,MAT102,Steel Plate
2026-05-01,685.1802917073784,108.68769267204046,347.99732337295,994.7145219819304,82.03075007058837,-0.042389930451802726,680.2536394204081,Normal,665.1802917073784,705.1802917073784,SUP003,CoreSteel,MAT104,Steel Sheet
2026-05-02,686.4855979993678,109.03181982856098,351.2484662831359,993.3942002502345,81.80648055601941,0.19050552209209926,681.4043174217534,Normal,666.4855979993678,706.4855979993678,SUP004,DeltaIron,MAT100,Steel Coil
2026-05-03,674.1157761272943,108.8675271603138,345.92762797394073,991.1243632206894,81.88473567848656,-1.8019055182108557,680.8092157995924,Normal,654.1157761272943,694.1157761272943,SUP003,CoreSteel,MAT104,Steel Sheet
2026-05-04,685.0988946419668,108.60206499904449,350.0808844940721,993.7830327930784,81.91135292523589,1.6292629402280268,681.5356038143112,Normal,665.0988946419668,705.0988946419668,SUP002,BetaMetals,MAT104,Steel Sheet
2026-05-05,683.5845532891308,108.58726412918008,349.9569447001681,996.138600655303,82.17114470970746,-0.22103981843780707,682.525001318353,Normal,663.5845532891308,703.5845532891308,SUP003,CoreSteel,MAT104,Steel Sheet
2026-05-06,674.2183366636591,109.82572766738157,348.2752996609546,992.6098845588722,82.43635009383604,-1.3701621226526073,682.022044679712,Normal,654.2183366636591,694.2183366636591,SUP005,PrimeSteel,MAT102,Steel Plate
2026-05-07,683.9961909970546,108.75114463292851,347.0216033314108,990.1974861310377,81.89538096873,1.4502504310073716,681.8113773465502,Normal,663.9961909970546,703.9961909970546,SUP002,BetaMetals,MAT100,Steel Coil
2026-05-08,685.4623885780579,108.89659310158811,347.8909546090429,994.5287632629862,81.8724629383988,0.21435756518850546,681.8516768995045,Normal,665.4623885780579,705.4623885780579,SUP005,PrimeSteel,MAT101,Steel Rod
2026-05-09,683.3392841913958,108.33080194618985,347.330747319242,991.0736608807357,82.11152953907404,-0.3097331701986339,681.4022034983656,Normal,663.3392841913958,703.3392841913958,SUP004,DeltaIron,MAT103,Steel Bar
2026-05-10,686.690482786003,108.83346664076718,347.41353119968176,993.7620930715068,81.88906483462425,0.4904150357128545,683.1985901638955,Normal,666.690482786003,706.690482786003,SUP003,CoreSteel,MAT102,Steel Plate
2026-05-11,688.3755396667755,107.49460121264185,347.36874984047427,992.7657051141327,81.93587495645153,0.24538812216181594,683.6666823102967,Normal,668.3755396667755,708.3755396667755,SUP003,CoreSteel,MAT102,Steel Plate
2026-05-12,681.248873621366,109.94576410896197,349.5233785139853,991.4437882540884,81.90339505888127,-1.035287518911454,683.3330137863303,Normal,661.248873621366,701.248873621366,SUP001,AlphaSteel,MAT101,Steel Rod
2026-05-13,687.8788562979283,109.19793210356728,349.92201829567426,994.0203600236049,82.05440962669691,0.9732100753897521,685.2845165912258,Normal,667.8788562979283,707.8788562979283,SUP005,PrimeSteel,MAT100,Steel Coil
2026-05-14,680.121541037261,108.47442785701077,348.83199799475227,990.3470813585617,82.0881067725825,-1.1277153222031266,684.7309951683983,Normal,660.121541037261,700.121541037261,SUP005,PrimeSteel,MAT103,Steel Bar
2026-05-15,679.0349260757285,108.61264326130865,347.0402510964392,994.3103326275585,81.82275074211165,-0.1597677614908699,683.812786239494,Normal,659.0349260757285,699.0349260757285,SUP004,DeltaIron,MAT100,Steel Coil
2026-05-16,678.3995078557514,108.83953623022832,345.4944440564857,992.6018021294797,81.79737348269413,-0.09357666234480755,683.1071039058305,Normal,658.3995078557514,698.3995078557514,SUP001,AlphaSteel,MAT102,Steel Plate
2026-05-17,677.7862390077257,109.01347237171282,348.76402312299757,990.3686596938956,82.09117474352783,-0.0903993651121704,681.8350690803624,Normal,657.7862390077257,697.7862390077257,SUP004,DeltaIron,MAT102,Steel Plate
2026-05-18,690.9803324020976,109.15894249386027,348.33914920328726,991.5786218276015,81.96012614839847,1.9466452157081093,682.2071823282655,Normal,670.9803324020976,710.9803324020976,SUP004,DeltaIron,MAT103,Steel Bar
2026-05-19,675.1831074493991,107.82878655528827,350.38871716907033,991.7587221040275,81.9752419106184,-2.2862047169680766,681.3406443036989,Normal,655.1831074493991,695.1831074493991,SUP003,CoreSteel,MAT102,Steel Plate
2026-05-20,677.6607381405249,108.54348101474405,349.6265992124758,991.7123344260425,81.8180430534227,0.3669568541910584,679.8809131383554,Normal,657.6607381405249,697.6607381405249,SUP002,BetaMetals,MAT102,Steel Plate
2026-05-21,684.0558854338952,109.21178570815609,343.6371779427032,994.8842523722203,81.90713924712598,0.9437092830430593,680.4429623378746,Normal,664.0558854338952,704.0558854338952,SUP001,AlphaSteel,MAT104,Steel Sheet
2026-05-22,679.9571955759696,107.87872846062066,348.7268666179312,994.3127086996403,82.21548080187836,-0.5991747085584698,680.5747151236234,Normal,659.9571955759696,699.9571955759696,SUP003,CoreSteel,MAT101,Steel Rod
2026-05-23,678.0605686388227,108.71194180244576,347.8674340881099,994.110796821571,81.95182088086388,-0.278933284254812,680.5262952354907,Normal,658.0605686388227,698.0605686388227,SUP001,AlphaSteel,MAT103,Steel Bar
2026-05-24,684.6967218147117,108.88741964177804,349.8477786564429,991.7790488889494,82.07462278802555,0.9786962231428387,681.5135070650601,Normal,664.6967218147117,704.6967218147117,SUP005,PrimeSteel,MAT104,Steel Sheet
2026-05-25,677.7864514710416,108.2217808543821,348.57836848189095,995.3917516784253,81.98093274434908,-1.009245425530192,679.6286669320522,Normal,657.7864514710416,697.7864514710416,SUP004,DeltaIron,MAT104,Steel Sheet
2026-05-26,677.6372067009677,108.6009517008682,347.06254294337737,994.2774788096481,82.31311875352935,-0.022019438386522427,679.979252539419,Normal,657.6372067009677,697.6372067009677,SUP005,PrimeSteel,MAT102,Steel Plate
2026-05-27,679.3674915098031,109.5554054606505,349.37316242565555,993.206334018633,81.88715586897364,0.2553408803007251,680.2230744493161,Normal,659.3674915098031,699.3674915098031,SUP003,CoreSteel,MAT104,Steel Sheet
2026-05-28,676.0165065240075,109.35154156762182,349.8197824971843,992.701060752907,81.9733664678866,-0.4932507115329554,679.0745917479035,Normal,656.0165065240075,696.0165065240075,SUP001,AlphaSteel,MAT103,Steel Bar
2026-05-29,677.0952383587801,109.21622366979234,348.2461076158112,996.1228414396783,82.09729335807626,0.1595718187887618,678.6657407168763,Normal,657.0952383587801,697.0952383587801,SUP005,PrimeSteel,MAT101,Steel Rod
2026-05-30,684.8166096084283,108.80394122573463,349.46798533493035,997.1689169880449,81.97128012430476,1.1403670875553829,679.6308894268199,Normal,664.8166096084283,704.8166096084283,SUP002,BetaMetals,MAT104,Steel Sheet
2026-05-31,684.5263483668853,108.60918162195826,347.9315016841418,994.6107393154148,81.97681866604425,-0.04238525138999805,679.6065503628448,Normal,664.5263483668853,704.5263483668853,SUP002,BetaMetals,MAT104,Steel Sheet
2026-06-01,685.8298221499746,108.95225026489177,351.18047778424597,993.2906349684687,81.75265938611867,0.19041981162581934,680.755603316978,Normal,665.8298221499746,705.8298221499746,SUP003,CoreSteel,MAT101,Steel Rod
2026-06-02,673.4765219302686,108.78841639087705,345.86313818987196,991.0211730961496,81.83089212211416,-1.8012194600958265,680.1612197783068,Normal,653.4765219302686,693.4765219302686,SUP003,CoreSteel,MAT100,Steel Coil
2026-06-03,684.4448188642666,108.52371495327044,350.01363166536186,993.6793989002457,81.85750961020852,1.6286086562544932,680.8865522575159,Normal,664.4448188642666,704.4448188642666,SUP001,AlphaSteel,MAT102,Steel Plate
2026-06-04,682.932429479031,108.50892674955297,349.8897557777974,996.0345733579256,82.11719941488694,-0.22096586073149238,681.8745412510907,Normal,662.932429479031,702.932429479031,SUP004,DeltaIron,MAT101,Steel Rod
2026-06-05,673.5787032764722,109.7436627756538,348.2092041889103,992.5064415955204,82.38230043824713,-1.3696415338914636,681.3721790964753,Normal,653.5787032764722,693.5787032764722,SUP003,CoreSteel,MAT102,Steel Plate
2026-06-06,683.3433537533805,108.67225517856863,346.95631846536253,990.094442013317,81.84158033514984,1.449667340937344,681.1617139743256,Normal,663.3433537533805,703.3433537533805,SUP004,DeltaIron,MAT102,Steel Plate
2026-06-07,684.8075030310441,108.81723808503766,347.8250771543677,994.4249974550888,81.81868422862713,0.21426260599763935,681.2018789263483,Normal,664.8075030310441,704.8075030310441,SUP003,CoreSteel,MAT104,Steel Sheet
2026-06-08,682.6871677637597,108.25310396096211,347.26522212329365,990.970467175331,82.05765790294372,-0.3096250052605387,680.752928299746,Normal,662.6871677637597,702.6871677637597,SUP003,CoreSteel,MAT102,Steel Plate
2026-06-09,686.0337881409471,108.75423704242361,347.3479332890277,993.6584506528135,81.83530257883868,0.4902128727788613,682.5468234727002,Normal,666.0337881409471,706.0337881409471,SUP005,PrimeSteel,MAT100,Steel Coil
2026-06-10,687.7165030485294,107.41933577953442,347.303163529429,992.6622262556155,81.8821040351601,0.2452816372415345,683.014206927595,Normal,667.7165030485294,707.7165030485294,SUP001,AlphaSteel,MAT102,Steel Plate
2026-06-11,680.5993217491869,109.8631520660819,349.4563501373207,991.34052704602,81.84965022139941,-1.0349004666593387,682.6809058233314,Normal,660.5993217491869,700.5993217491869,SUP001,AlphaSteel,MAT101,Steel Rod
2026-06-12,687.2203256461664,109.11752038214925,349.8547084499896,993.9166686892826,82.00061042943894,0.9728196437168268,684.629709019002,Normal,667.2203256461664,707.2203256461664,SUP001,AlphaSteel,MAT100,Steel Coil
2026-06-13,679.4733416090735,108.39614385849089,348.7653905896637,990.2439983794468,82.03430463437826,-1.1272926233386271,684.0768501412439,Normal,659.4733416090735,699.4733416090735,SUP001,AlphaSteel,MAT101,Steel Rod
2026-06-14,678.3881047840604,108.53391531485882,346.9748099296321,994.2065891102679,81.76907674658216,-0.1597173514479855,683.1597932488177,Normal,658.3881047840604,698.3881047840604,SUP003,CoreSteel,MAT101,Steel Rod
2026-06-15,677.7534591491465,108.76009969480464,345.430006579659,992.4983405030071,81.74372242608864,-0.09355199928158253,682.4549777324443,Normal,657.7534591491465,697.7534591491465,SUP004,DeltaIron,MAT101,Steel Rod
2026-06-16,677.1409331826417,108.9334852931683,348.6974066806174,990.26556712835,82.03740670449066,-0.0903759262658399,681.1845698812577,Normal,657.1409331826417,697.1409331826417,SUP002,BetaMetals,MAT103,Steel Bar
2026-06-17,690.3172378674607,109.0784898288525,348.27279559083536,991.4753262133509,81.90642735417622,1.945873309251711,681.5561034268194,Normal,670.3172378674607,710.3172378674607,SUP001,AlphaSteel,MAT102,Steel Plate
2026-06-18,674.5411350621984,107.75227209560397,350.3209909431227,991.6553945640126,81.92154828149802,-2.285340991049001,680.690648185821,Normal,654.5411350621984,694.5411350621984,SUP002,BetaMetals,MAT104,Steel Sheet
2026-06-19,677.0153602426393,108.46480221080533,349.5593587168109,991.6090125937934,81.76443011656461,0.3668012300262147,679.2327959853172,Normal,657.0153602426393,697.0153602426393,SUP004,DeltaIron,MAT102,Steel Plate
2026-06-20,683.4018441365201,109.13108100739035,343.57387808732557,994.7804014909221,81.85349903003224,0.9433292461181297,679.7940106320954,Normal,663.4018441365201,703.4018441365201,SUP004,DeltaIron,MAT104,Steel Sheet
2026-06-21,679.3085752557137,107.80197063579897,348.6601848326117,994.2089507866831,82.16171718942437,-0.5989549071203193,679.92550641376,Normal,659.3085752557137,699.3085752557137,SUP002,BetaMetals,MAT103,Steel Bar
2026-06-22,677.4144138109981,108.63266594338394,347.80130235760475,994.0070704586311,81.89818460497806,-0.27883667507104803,679.877071365453,Normal,657.4144138109981,697.4144138109981,SUP002,BetaMetals,MAT101,Steel Rod
2026-06-23,684.0415801931201,108.80758866684326,349.7803200744762,991.6757079717803,82.02094443341065,0.9783031253850716,680.8628780812357,Normal,664.0415801931201,704.0415801931201,SUP004,DeltaIron,MAT101,Steel Rod
2026-06-24,677.1405044752513,108.14390495578692,348.51173092728243,995.2878084712172,81.9273072035478,-1.00886786968718,678.9804875966345,Normal,657.1405044752513,697.1405044752513,SUP005,PrimeSteel,MAT102,Steel Plate
2026-06-25,676.9913800133555,108.52191280280081,346.9968892826524,994.173718751467,82.25935933383032,-0.02202267637368971,679.3305225896569,Normal,656.9913800133555,696.9913800133555,SUP004,DeltaIron,MAT102,Steel Plate
2026-06-26,678.7192625352757,109.47348672036003,349.30596362911444,993.1027499433396,81.83359490098691,0.25522961930268817,679.5739372028905,Normal,658.7192625352757,698.7192625352757,SUP003,CoreSteel,MAT102,Steel Plate
2026-06-27,675.3726951366951,109.27019981687224,349.75227054936187,992.5975586347879,81.91977942999652,-0.4930709327564675,678.4269159172014,Normal,655.3726951366951,695.3726951366951,SUP004,DeltaIron,MAT101,Steel Rod
2026-06-28,676.4498992179158,109.13525434722477,348.17961780244565,996.018768755588,82.04366370937916,0.15949772458636602,678.0185336260874,Normal,656.4498992179158,696.4498992179158,SUP001,AlphaSteel,MAT102,Steel Plate
2026-06-29,684.1608272888924,108.72417089510468,349.40066997926556,997.0646684875892,81.91771741954481,1.1399111863113154,678.9823069800723,Normal,664.1608272888924,704.1608272888924,SUP004,DeltaIron,MAT101,Steel Rod
2026-06-30,683.8708757426989,108.5299611225434,347.86518388588746,994.5069138849772,81.92326523106962,-0.04238061207662014,678.9579206300122,Normal,663.8708757426989,703.8708757426989,SUP005,PrimeSteel,MAT100,Steel Coil
