date,steel_price,iron_ore_price,scrap_price,freight_index,fx_rate,supplier_id,supplier_name,material_id,material_name
2022-01-01,750.0368968175771,115.61728834415794,328.4685995965521,953.196481284115,80.96061983370983,SUP003,CoreSteel,MAT101,Steel Rod
2022-01-02,648.5562567655729,124.14229973523229,351.16834692587855,1017.5931304120868,82.74730472450621,SUP004,DeltaIron,MAT102,Steel Plate
2022-01-03,742.455673425913,96.03097765385435,347.7039363512567,1061.40631414344,81.00322301269546,SUP001,AlphaSteel,MAT101,Steel Rod
2022-01-04,635.20240313008,114.08024827059255,355.82191771124525,849.1063180803887,83.70064391188309,SUP002,BetaMetals,MAT102,Steel Plate
2022-01-05,714.6059956129333,113.82210094689441,355.64261797281523,1109.5151390533126,83.43705382574764,SUP004,DeltaIron,MAT102,Steel Plate
2022-01-06,684.2922104671318,104.44437309863017,346.9112342290338,928.3716670485106,82.14912984938934,SUP003,CoreSteel,MAT104,Steel Sheet
2022-01-07,726.7994750853202,100.67264441339694,308.04365713564687,915.7476077504724,84.03130948997021,SUP002,BetaMetals,MAT101,Steel Rod
2022-01-08,670.0739730642824,103.54608806919563,319.07200488285764,1035.277852457481,82.24264732356944,SUP005,PrimeSteel,MAT104,Steel Sheet
2022-01-09,679.2900259979639,104.98551581829318,371.5247388125173,1040.8569146956775,83.43794000205583,SUP003,CoreSteel,MAT103,Steel Bar
2022-01-10,681.6551448456148,109.08055742731437,352.05884018872257,986.5488348847409,83.2438335900826,SUP001,AlphaSteel,MAT100,Steel Coil
2022-01-11,656.6486317159137,112.42971990333577,363.4927159430761,1037.5941067468802,84.26193476103313,SUP002,BetaMetals,MAT103,Steel Bar
2022-01-12,644.2919959892046,119.11261729496765,358.68394545444403,1027.8911229828614,82.52873505946985,SUP001,AlphaSteel,MAT100,Steel Coil
2022-01-13,690.5327823441047,104.19778170218682,289.1361985847695,789.048017496288,82.77185245752855,SUP004,DeltaIron,MAT101,Steel Rod
2022-01-14,685.4191075035608,105.89035719094288,327.2750726442827,996.7283701355313,83.19308632776851,SUP005,PrimeSteel,MAT104,Steel Sheet
2022-01-15,640.5235908854241,109.59870962709545,391.29776406619993,1138.0952904566748,83.47932906760649,SUP004,DeltaIron,MAT103,Steel Bar
2022-01-16,752.1964919164301,106.51521835136941,365.5185273433921,1020.0945616186946,83.93964594381416,SUP004,DeltaIron,MAT101,Steel Rod
2022-01-17,660.5038154706809,109.2550356171414,383.4803502408286,1052.5876595962534,85.34972152074695,SUP002,BetaMetals,MAT101,Steel Rod
2022-01-18,723.8368784553471,100.24347953273585,329.7843003694289,893.4565365811097,83.33624483228847,SUP002,BetaMetals,MAT100,Steel Coil
2022-01-19,692.0319893538933,91.13017659736788,345.06856042780225,1084.8419851241838,82.31221797457704,SUP003,CoreSteel,MAT104,Steel Sheet
2022-01-20,746.779359586047,102.20667548139876,360.13488791252047,1031.815833297129,84.87229982956448,SUP005,PrimeSteel,MAT100,Steel Coil
2022-01-21,710.0893476822883,119.85401240154533,345.199795951078,1020.5888197083501,84.37815547742387,SUP002,BetaMetals,MAT104,Steel Sheet
2022-01-22,718.4544712622316,111.53995547272483,385.2524446095432,895.6361492459118,83.20532836805691,SUP003,CoreSteel,MAT104,Steel Sheet
2022-01-23,711.6244187560603,102.47084397237418,329.62728168836634,989.7013325219282,82.98336921458878,SUP001,AlphaSteel,MAT100,Steel Coil
2022-01-24,753.5956428684982,104.49042955392156,375.38580578847865,1081.7552766032404,82.78659069687136,SUP003,CoreSteel,MAT102,Steel Plate
2022-01-25,696.8534922123417,106.52366776430749,342.5869641044848,955.178480418273,82.69277563173621,SUP001,AlphaSteel,MAT103,Steel Bar
2022-01-26,704.3281175987264,110.30993761477373,373.7836124522522,1157.00968861256,81.63301346090824,SUP003,CoreSteel,MAT102,Steel Plate
2022-01-27,717.208007693565,98.60502090426432,325.5366861670208,954.579564371248,81.42398049632563,SUP004,DeltaIron,MAT104,Steel Sheet
2022-01-28,731.0662707024688,91.54014724528938,356.1762748245231,1108.0875018274114,82.02082469395289,SUP001,AlphaSteel,MAT101,Steel Rod
2022-01-29,718.1399389701362,122.23699052016079,333.50324000126193,874.2571567624688,84.06617614414398,SUP005,PrimeSteel,MAT104,Steel Sheet
2022-01-30,683.6134990628126,106.91753289019546,364.98551181948733,1079.334911570816,84.44092328751026,SUP001,AlphaSteel,MAT102,Steel Plate
2022-01-31,724.8842477480897,119.51407606278997,336.34607908284335,978.693095656071,82.1174549672692,SUP003,CoreSteel,MAT102,Steel Plate
2022-02-01,716.2743206362287,97.8943418828103,387.83894083178603,1022.0996686972205,83.95939964391818,SUP001,AlphaSteel,MAT102,Steel Plate
2022-02-02,646.6738072182037,107.7228136896095,372.31747131446355,959.335909743382,83.2935155829393,SUP004,DeltaIron,MAT104,Steel Sheet
2022-02-03,693.9874617879817,103.7827132500103,327.64453847376626,1041.1348727760308,83.44056662046468,SUP002,BetaMetals,MAT102,Steel Plate
2022-02-04,779.8053486267543,104.68537965503253,368.8245953729699,958.4666119302915,83.17099484561373,SUP005,PrimeSteel,MAT103,Steel Bar
2022-02-05,769.8573577623745,108.0943419841986,321.3079740185105,1047.831110150864,83.4274571656429,SUP001,AlphaSteel,MAT102,Steel Plate
2022-02-06,671.6657486449701,103.53313436623331,353.9580119135182,1010.6078938506023,84.06595913861707,SUP004,DeltaIron,MAT101,Steel Rod
2022-02-07,728.98437028536,118.0322456557081,348.3825365255255,1114.5831915295985,83.84383725480795,SUP004,DeltaIron,MAT103,Steel Bar
2022-02-08,642.2027380194545,108.43716731244054,356.7834601938104,832.4480659677838,81.43006393822537,SUP001,AlphaSteel,MAT101,Steel Rod
2022-02-09,690.0541637860524,125.59191239711056,379.50657503454215,1011.2285787598375,83.52868647482128,SUP003,CoreSteel,MAT102,Steel Plate
2022-02-10,685.3712462024735,113.69241274036388,358.46660251267565,1005.5631582361345,83.71647403256216,SUP003,CoreSteel,MAT103,Steel Bar
2022-02-11,722.5812583349765,107.5800053896448,343.71766836876174,1054.7876884665234,82.24001532176153,SUP002,BetaMetals,MAT103,Steel Bar
2022-02-12,611.5976360914336,119.02174919869228,322.9725602564476,983.6654609985803,80.86541860463208,SUP003,CoreSteel,MAT103,Steel Bar
2022-02-13,725.5630243906437,107.65200646318483,351.6704216790465,1137.0586513711744,85.68370602998682,SUP004,DeltaIron,MAT100,Steel Coil
2022-02-14,657.2605689351495,110.24148959538759,350.6798137010614,893.5915135643926,81.72887834337617,SUP003,CoreSteel,MAT103,Steel Bar
2022-02-15,675.0425949856066,119.62775757762059,317.9373026709008,985.8382164134663,82.7497475127802,SUP005,PrimeSteel,MAT101,Steel Rod
2022-02-16,681.7433901462002,109.90374192842224,314.8087744512628,1042.3670814153675,83.22551030218612,SUP001,AlphaSteel,MAT100,Steel Coil
2022-02-17,629.6390283161359,112.24981392196595,352.21024983358535,941.8870678594392,81.2808209431776,SUP004,DeltaIron,MAT102,Steel Plate
2022-02-18,723.7388820364272,92.87181043116557,347.11045511094784,1184.64842403603,84.1478477572349,SUP004,DeltaIron,MAT101,Steel Rod
2022-02-19,681.0251478082973,102.70735634186143,327.1088842175158,925.3000769325694,83.61521944886769,SUP005,PrimeSteel,MAT103,Steel Bar
2022-02-20,646.0476667463929,125.29683398183504,344.6553102214124,1093.5125573879088,82.69216784069577,SUP003,CoreSteel,MAT102,Steel Plate
2022-02-21,723.4266223152254,105.81340745081741,347.0815012259978,981.3639568986599,84.20084858405532,SUP004,DeltaIron,MAT101,Steel Rod
2022-02-22,645.2432044176524,110.22135159631279,341.16155748909256,971.0135331603022,83.51475488410755,SUP002,BetaMetals,MAT101,Steel Rod
2022-02-23,693.0393068364591,123.96802772119783,345.9948522619128,982.2274592352749,84.86980086773134,SUP001,AlphaSteel,MAT101,Steel Rod
2022-02-24,701.7564166935855,113.58504256963911,348.80708168496886,1014.9169353421161,82.85693936934783,SUP002,BetaMetals,MAT103,Steel Bar
2022-02-25,655.5620715482219,103.62381431678037,314.23406862447126,832.1856713909474,83.0361942581058,SUP001,AlphaSteel,MAT100,Steel Coil
2022-02-26,742.6568523033632,106.9110483524292,351.9358287540538,957.953794199349,81.98052098916607,SUP004,DeltaIron,MAT103,Steel Bar
2022-02-27,746.8274994921967,119.9836495775826,328.11573929963413,926.2374452719457,81.66969535432668,SUP005,PrimeSteel,MAT101,Steel Rod
2022-02-28,704.6051409737372,95.09285607179915,360.55070953095856,927.8517297974253,82.6123695858919,SUP001,AlphaSteel,MAT101,Steel Rod
2022-03-01,729.657119182538,114.95830952978265,398.0414765176763,1009.2656749078543,82.256451507224,SUP001,AlphaSteel,MAT104,Steel Sheet
2022-03-02,724.741451505401,100.09911797700153,405.2767476777406,1030.4028801085751,83.40428672390328,SUP001,AlphaSteel,MAT101,Steel Rod
2022-03-03,721.2607859193716,114.41067223348216,338.99711694230956,1047.090608555349,83.91690231838847,SUP001,AlphaSteel,MAT102,Steel Plate
2022-03-04,697.7775078592587,121.853689213781,328.2388866695849,976.0549244294159,83.79567442929736,SUP001,AlphaSteel,MAT103,Steel Bar
2022-03-05,699.8124847978717,107.66096338925297,342.64200836214224,1096.6071132750528,82.81301799516358,SUP002,BetaMetals,MAT104,Steel Sheet
2022-03-06,706.1795799595765,117.51294722580624,339.4348218021401,1038.1790160289754,82.96208114664284,SUP001,AlphaSteel,MAT104,Steel Sheet
2022-03-07,700.2140579640743,108.6309561907198,351.3275692935169,993.3702277003225,81.55998551620249,SUP001,AlphaSteel,MAT101,Steel Rod
2022-03-08,664.7184473581409,130.1508754049991,342.3655955982259,1072.751619961247,83.11207389048751,SUP001,AlphaSteel,MAT102,Steel Plate
2022-03-09,717.5705196688845,110.08010270380382,360.9150997115872,910.7507944304854,84.13590001476155,SUP003,CoreSteel,MAT101,Steel Rod
2022-03-10,737.2193687846178,110.9831113732882,338.73947257970053,1000.7825266857161,83.10998709873243,SUP005,PrimeSteel,MAT104,Steel Sheet
2022-03-11,708.264180398665,121.90807162891213,371.9358182055518,1010.3489403028939,83.70017756947402,SUP005,PrimeSteel,MAT104,Steel Sheet
2022-03-12,668.6150757422793,106.1248171512783,344.98965295547686,1040.6687865141598,84.97631675246762,SUP001,AlphaSteel,MAT104,Steel Sheet
2022-03-13,663.620113818074,116.39663205447717,366.13561513788557,1119.5287184192962,83.88968557127771,SUP003,CoreSteel,MAT104,Steel Sheet
2022-03-14,655.3423095062761,89.43765616683083,348.38010405786025,990.9767369495428,82.15231156282573,SUP001,AlphaSteel,MAT101,Steel Rod
2022-03-15,691.4744612460541,103.93121773028506,330.7133410911931,1081.659482068205,82.21440363108408,SUP001,AlphaSteel,MAT103,Steel Bar
2022-03-16,727.3530811758392,105.69076446312445,345.202160949137,992.5118088214786,82.56681584026421,SUP004,DeltaIron,MAT101,Steel Rod
2022-03-17,745.2616724821704,105.49783370367965,342.56341686966226,804.9449593552529,83.28915299500306,SUP001,AlphaSteel,MAT100,Steel Coil
2022-03-18,661.4302927048492,94.33359726563492,397.52028864490694,964.3676651749365,82.84508707008621,SUP002,BetaMetals,MAT102,Steel Plate
2022-03-19,688.0543542583183,122.847054894622,332.24748501517655,870.7145747514301,83.06769421724739,SUP001,AlphaSteel,MAT100,Steel Coil
2022-03-20,644.3705509655857,116.43745160959655,346.4413236873187,998.1995184480685,82.49999715732253,SUP005,PrimeSteel,MAT100,Steel Coil
2022-03-21,733.1048381311108,117.77030036004389,315.1400302244458,1149.4789800575027,81.61037416274044,SUP005,PrimeSteel,MAT100,Steel Coil
2022-03-22,641.9682074766561,112.35738570093477,374.478447659409,1066.0115508309273,84.78445038375862,SUP005,PrimeSteel,MAT100,Steel Coil
2022-03-23,731.3478664974184,130.95693061094832,364.4028018646127,990.8385744151806,83.58747694171245,SUP001,AlphaSteel,MAT102,Steel Plate
2022-03-24,655.4894527528154,129.0186320221062,329.38736180593827,1002.1982777841338,82.71053944310111,SUP004,DeltaIron,MAT104,Steel Sheet
2022-03-25,693.4471032457975,122.44034055341768,363.56149687713327,1047.8406385775502,82.10875395279915,SUP001,AlphaSteel,MAT104,Steel Sheet
2022-03-26,613.5848813362271,108.75113129362752,371.78968362417606,1116.7333033823122,85.1939387205965,SUP005,PrimeSteel,MAT104,Steel Sheet
2022-03-27,683.4041556815115,107.64712091765658,325.6186100080919,1146.5530593703406,81.14089472950978,SUP004,DeltaIron,MAT103,Steel Bar
2022-03-28,739.306719807579,109.07185366824821,334.9448044529837,848.2573293330795,83.66867324502732,SUP005,PrimeSteel,MAT103,Steel Bar
2022-03-29,723.3607845376616,122.62650453338632,340.67746612499246,997.3854924134877,82.5485212987305,SUP002,BetaMetals,MAT100,Steel Coil
2022-03-30,638.7023475945756,122.9196847183685,392.93141068753306,1113.6689872702723,83.70663762879617,SUP003,CoreSteel,MAT103,Steel Bar
2022-03-31,737.462463201896,101.25489783627071,342.447135975977,934.1677206410413,81.30921107605727,SUP003,CoreSteel,MAT104,Steel Sheet
2022-04-01,650.9824069685742,100.61000851999388,308.6737294383815,1083.989763667877,82.75880487490937,SUP001,AlphaSteel,MAT102,Steel Plate
2022-04-02,682.0967021372013,127.80280059786766,338.16486415048024,1004.2900210639411,82.89885798990342,SUP003,CoreSteel,MAT100,Steel Coil
2022-04-03,698.3570647223204,125.68838189689328,361.6224265392012,900.0262176241717,82.88769941023725,SUP002,BetaMetals,MAT104,Steel Sheet
2022-04-04,616.9785298806956,120.39275317498407,358.23396142454675,1011.6833539183507,83.24904920647306,SUP001,AlphaSteel,MAT100,Steel Coil
2022-04-05,664.5461835874561,112.54830258385196,350.7194209255283,1109.4501312659286,83.3357413159921,SUP005,PrimeSteel,MAT102,Steel Plate
2022-04-06,751.2907444802603,114.82607847990586,328.23219277855617,954.5318701951194,81.97490039060307,SUP003,CoreSteel,MAT102,Steel Plate
2022-04-07,651.3374299105583,120.54676499707134,319.3707485541901,992.8102605059368,84.17851232950422,SUP005,PrimeSteel,MAT100,Steel Coil
2022-04-08,681.1267641222862,95.88159344214262,351.9307723332157,880.2883486526179,82.35134472874665,SUP004,DeltaIron,MAT102,Steel Plate
2022-04-09,736.589323010067,125.58510002246156,338.4804455885767,1029.8539725809426,82.46082440467879,SUP004,DeltaIron,MAT101,Steel Rod
2022-04-10,792.789727509978,123.56123864165733,351.47107119106647,1007.6491638172741,82.12570489699286,SUP002,BetaMetals,MAT100,Steel Coil
2022-04-11,696.1177338065021,108.76922617150214,335.228371236072,924.2837967579023,82.05148560469719,SUP005,PrimeSteel,MAT102,Steel Plate
2022-04-12,784.1056571705539,122.62906914317033,366.39474261958605,935.4451951558171,81.94871390723462,SUP005,PrimeSteel,MAT100,Steel Coil
2022-04-13,682.4218513451623,107.94286030392915,356.56247862139355,990.8380609809227,80.96346885970237,SUP004,DeltaIron,MAT101,Steel Rod
2022-04-14,728.5569922461311,105.30794037587452,363.2617526093214,1030.7436607424877,83.71551073948926,SUP005,PrimeSteel,MAT100,Steel Coil
2022-04-15,679.5542094185498,110.0872668081007,355.0551441287483,895.1804599558881,84.55682131067172,SUP003,CoreSteel,MAT101,Steel Rod
2022-04-16,646.5871998973014,101.63174544250337,353.8861518247969,947.4341256369362,83.63508711968645,SUP004,DeltaIron,MAT104,Steel Sheet
2022-04-17,752.1518314604195,111.04410603536488,352.8372866462946,1021.2573634121695,83.51355603133884,SUP002,BetaMetals,MAT104,Steel Sheet
2022-04-18,644.959303583927,117.53070663977124,377.36423682580255,991.582925221933,82.43059502442223,SUP003,CoreSteel,MAT104,Steel Sheet
2022-04-19,665.2592261990424,105.00927248574409,383.8556649467021,994.7460273325291,83.58767861903162,SUP004,DeltaIron,MAT104,Steel Sheet
2022-04-20,674.6138902977364,115.2060113503971,350.38329798569873,1051.9543391412763,82.48512320879755,SUP002,BetaMetals,MAT104,Steel Sheet
2022-04-21,680.9412307836755,97.69347701927563,325.73749899148197,1071.078642851309,83.4734209344256,SUP004,DeltaIron,MAT100,Steel Coil
2022-04-22,791.377367626613,119.43934351544195,329.18559038708287,1025.4810434832948,83.13243832911081,SUP004,DeltaIron,MAT101,Steel Rod
2022-04-23,625.9361502285669,93.40361114314413,351.7134438859649,1036.8873049738897,83.45724368504008,SUP003,CoreSteel,MAT102,Steel Plate
2022-04-24,740.4458265289715,108.7845241538469,380.0979700314815,1120.0207511413312,83.01111623390142,SUP005,PrimeSteel,MAT102,Steel Plate
2022-04-25,686.7941193470889,120.94457544093433,364.5349556544302,995.0262982092752,83.36712502135893,SUP001,AlphaSteel,MAT103,Steel Bar
2022-04-26,705.817532171182,107.79918436589497,331.1078484734241,967.937788150332,81.93936520758305,SUP001,AlphaSteel,MAT101,Steel Rod
2022-04-27,621.2795574150565,129.30602937118914,344.6980728309268,886.0295686344607,84.29878842295663,SUP002,BetaMetals,MAT100,Steel Coil
2022-04-28,705.9323141397143,105.80083714725905,354.81632282199956,1078.5524905590592,82.17609713379012,SUP004,DeltaIron,MAT100,Steel Coil
2022-04-29,661.9142329969626,111.27153513504454,357.32047388506777,978.1448774166935,82.64269366831697,SUP001,AlphaSteel,MAT103,Steel Bar
2022-04-30,731.3257085824509,104.69085701280781,362.54128897176884,1056.1144964683815,85.26407084965004,SUP005,PrimeSteel,MAT100,Steel Coil
2022-05-01,726.8593806478024,116.34288779427754,411.27264129714496,950.6515933894497,83.40428491317341,SUP005,PrimeSteel,MAT103,Steel Bar
2022-05-02,701.2209790927134,128.4265685492663,347.8108909060121,1013.4325468731895,81.93826206984392,SUP003,CoreSteel,MAT101,Steel Rod
2022-05-03,690.8079991029596,91.86972539943177,379.92322067656073,1083.6029289097353,82.2275004004844,SUP004,DeltaIron,MAT103,Steel Bar
2022-05-04,703.6476672042977,117.26664345737306,351.60890933423957,1165.1717455316648,83.52513839238424,SUP005,PrimeSteel,MAT104,Steel Sheet
2022-05-05,716.5290216026214,111.09039551246492,335.8493024447303,809.1706066603142,81.1627567829995,SUP001,AlphaSteel,MAT100,Steel Coil
2022-05-06,749.0466425044477,102.18126961467466,313.4009436159606,875.7253221877789,82.47920430344776,SUP001,AlphaSteel,MAT104,Steel Sheet
2022-05-07,764.4352904395919,86.70237694890753,349.1110865431887,832.7481217672959,82.06532113932694,SUP004,DeltaIron,MAT104,Steel Sheet
2022-05-08,761.5545387159923,120.04009100451688,331.2461232655045,1053.5839015267293,82.08350966662134,SUP001,AlphaSteel,MAT103,Steel Bar
2022-05-09,728.4240252867637,105.78995167526318,337.3005635048148,1056.0067768513322,81.80699098798628,SUP004,DeltaIron,MAT101,Steel Rod
2022-05-10,638.9194031767759,103.14703396893724,355.6777245320046,917.3889536744575,82.03114580521165,SUP003,CoreSteel,MAT100,Steel Coil
2022-05-11,702.6811471499759,132.87681430231936,358.7886505633537,1066.437431204808,82.96619294798083,SUP005,PrimeSteel,MAT103,Steel Bar
2022-05-12,728.9095746598211,112.5611725930485,342.6457549846001,981.6629119593042,83.02329925757172,SUP005,PrimeSteel,MAT101,Steel Rod
2022-05-13,695.0434589108144,113.2254496139507,364.0708410858512,996.1238270854135,82.9944160982547,SUP005,PrimeSteel,MAT100,Steel Coil
2022-05-14,697.314272208866,130.9984189946457,382.7705117775006,1048.2234767683642,82.61795114969429,SUP003,CoreSteel,MAT102,Steel Plate
2022-05-15,661.0145415903353,120.83483711406434,351.02711236745495,861.3539404635005,82.72965091726846,SUP001,AlphaSteel,MAT101,Steel Rod
2022-05-16,830.6324567608232,102.58734030327712,386.35066365548073,1078.652228479176,82.58517450100064,SUP003,CoreSteel,MAT100,Steel Coil
2022-05-17,706.8730082529273,115.81204623279478,337.58886795410035,1037.4268384383856,83.60345270946694,SUP001,AlphaSteel,MAT102,Steel Plate
2022-05-18,710.6021985665786,105.19254371423722,328.3015752656099,1050.2256522323305,81.67319034413835,SUP004,DeltaIron,MAT104,Steel Sheet
2022-05-19,690.673571045126,91.12872843481541,330.5858231231741,979.9879733292977,81.99259257012862,SUP003,CoreSteel,MAT103,Steel Bar
2022-05-20,724.4141808750567,102.45563578646508,350.39475818925615,1129.901378728749,81.65298180708193,SUP002,BetaMetals,MAT104,Steel Sheet
2022-05-21,694.8813410339309,104.78375698999578,372.9029848045967,1044.2819250071395,83.10616656699123,SUP001,AlphaSteel,MAT102,Steel Plate
2022-05-22,675.2643427489633,114.50302983848427,317.7141916684559,1038.6521818464466,81.11031596928498,SUP002,BetaMetals,MAT102,Steel Plate
2022-05-23,697.2183161548543,106.88765953771316,322.31705834285845,934.5912842538751,82.26257120615635,SUP001,AlphaSteel,MAT102,Steel Plate
2022-05-24,740.3481371831234,114.0815443041159,368.37762722101826,825.0420160921515,84.45191637719486,SUP001,AlphaSteel,MAT101,Steel Rod
2022-05-25,735.9487086992232,107.60958406630435,352.79760396604763,1022.3658894651312,80.89360046168643,SUP002,BetaMetals,MAT103,Steel Bar
2022-05-26,655.6901062427929,128.65856881690547,344.7598840951166,947.8317710454738,82.93303809667792,SUP003,CoreSteel,MAT102,Steel Plate
2022-05-27,678.065388245269,99.95814928101349,355.9420403019129,1079.1412225540987,83.55034490732787,SUP002,BetaMetals,MAT101,Steel Rod
2022-05-28,638.9804355354238,119.52350954862426,345.92621399726715,1075.662865041773,81.66935880533964,SUP001,AlphaSteel,MAT104,Steel Sheet
2022-05-29,730.1004389025004,100.91177052061985,336.2997090933658,998.0358496107681,83.19994189933257,SUP001,AlphaSteel,MAT101,Steel Rod
2022-05-30,722.5958347482313,112.00433011513375,329.91102409157696,972.1757101196337,84.28318617591609,SUP001,AlphaSteel,MAT102,Steel Plate
2022-05-31,677.6177962950229,133.04565607172484,324.18613714900863,928.3528486300469,84.1847425664918,SUP001,AlphaSteel,MAT103,Steel Bar
2022-06-01,729.977281285839,104.37863295447316,346.47811255344214,957.6410564043078,81.3667600910218,SUP005,PrimeSteel,MAT103,Steel Bar
2022-06-02,717.1129100814029,98.74485317645382,366.29223573712585,927.454599212342,83.08140010498431,SUP003,CoreSteel,MAT101,Steel Rod
2022-06-03,709.7190055499206,116.3429045925736,350.3470066023389,1085.267437529552,81.91645873796303,SUP004,DeltaIron,MAT102,Steel Plate
2022-06-04,709.827005364646,88.6514383113057,378.5913635439734,1074.070519985735,83.07889939043694,SUP002,BetaMetals,MAT103,Steel Bar
2022-06-05,718.5119018618203,119.39129762302433,374.5924468022828,1013.4518773439245,81.93142772216162,SUP001,AlphaSteel,MAT104,Steel Sheet
2022-06-06,713.9648073026356,109.3889800875339,402.8548010352348,1029.6817422340796,83.55277646957155,SUP003,CoreSteel,MAT102,Steel Plate
2022-06-07,682.6433323142945,116.83646081077221,338.2059555703345,1137.3594925695056,83.19052603982313,SUP005,PrimeSteel,MAT104,Steel Sheet
2022-06-08,701.1019669952675,106.90884019177318,333.11298067901276,881.760059523343,82.85161240313494,SUP005,PrimeSteel,MAT102,Steel Plate
2022-06-09,729.2317457110548,126.49652395937251,339.7872295706624,991.0508106549378,83.02665134160813,SUP003,CoreSteel,MAT101,Steel Rod
2022-06-10,724.7379927493467,112.22380324257264,359.9315997958901,943.1350142745388,81.2309426119164,SUP004,DeltaIron,MAT104,Steel Sheet
2022-06-11,681.1825775923123,116.8929794314924,340.70833014408004,994.6388768863949,81.9025550796582,SUP002,BetaMetals,MAT103,Steel Bar
2022-06-12,609.519577610841,115.60710268788601,305.3799142983135,1098.993525177283,83.563106218698,SUP005,PrimeSteel,MAT104,Steel Sheet
2022-06-13,771.839217680542,108.90453987294543,376.2142785024323,1135.4654884095844,80.65861974376537,SUP001,AlphaSteel,MAT101,Steel Rod
2022-06-14,741.5411370509214,104.5756673703849,369.8486111628383,973.9433640061224,82.09740998183105,SUP003,CoreSteel,MAT103,Steel Bar
2022-06-15,726.049409827996,102.71195585125825,346.42596261559805,1002.4185075648436,82.67822374579474,SUP005,PrimeSteel,MAT100,Steel Coil
2022-06-16,659.1525854043211,116.44120042408929,399.3943808896851,866.7586407411866,81.94094854110301,SUP004,DeltaIron,MAT100,Steel Coil
2022-06-17,744.667477811225,114.37260938542518,333.6675636216888,1084.179422815245,83.46110127526946,SUP004,DeltaIron,MAT102,Steel Plate
2022-06-18,627.5244735566499,97.26117138243926,365.83966188803544,896.068682363397,83.15001057006899,SUP001,AlphaSteel,MAT102,Steel Plate
2022-06-19,711.1284607825252,92.1866015144119,353.2635998139051,1047.6447619170237,83.63551781639252,SUP002,BetaMetals,MAT102,Steel Plate
2022-06-20,702.0821484046518,117.51942577177738,352.2880035208379,1146.52615405244,81.78886576221569,SUP001,AlphaSteel,MAT102,Steel Plate
2022-06-21,664.4091239922672,119.98703118637343,331.3594450333749,1056.1731331634717,82.5420997662188,SUP002,BetaMetals,MAT103,Steel Bar
2022-06-22,694.6381901552518,123.61066900700594,332.62207048304845,1046.0141842641906,81.03353343786952,SUP002,BetaMetals,MAT102,Steel Plate
2022-06-23,745.1990144026345,120.27512771180697,347.25282848559397,1075.2651084641907,83.5147421688162,SUP001,AlphaSteel,MAT100,Steel Coil
2022-06-24,664.788782546471,100.01173556904277,312.8657038094532,1030.0396039356337,83.37722866619029,SUP004,DeltaIron,MAT102,Steel Plate
2022-06-25,689.4104234931646,122.03043500652105,358.4417717936843,971.4624620936318,83.37699867732448,SUP001,AlphaSteel,MAT103,Steel Bar
2022-06-26,695.3286787329636,123.99499780797449,345.85667985218714,1105.7951261727585,83.50068943143629,SUP001,AlphaSteel,MAT100,Steel Coil
2022-06-27,753.9560977882167,95.67666101189148,377.7789811443823,1103.1101772902175,83.74715227819156,SUP004,DeltaIron,MAT103,Steel Bar
2022-06-28,713.6740534928749,108.36509410981054,370.4548880369423,1090.6855263133982,81.3875071946481,SUP001,AlphaSteel,MAT103,Steel Bar
2022-06-29,745.1020436078632,130.74366156049035,336.05689623013944,1033.3807379089765,81.99282558630729,SUP001,AlphaSteel,MAT102,Steel Plate
2022-06-30,695.0875036437831,116.55604233989641,363.1763130127251,1016.4072480536034,82.28912765111859,SUP004,DeltaIron,MAT100,Steel Coil
2022-07-01,741.8837035971981,116.66994246489521,365.86487287650795,1074.008318606905,83.30933200797314,SUP003,CoreSteel,MAT101,Steel Rod
2022-07-02,635.9024587585179,117.99066247017167,360.25605744385734,1135.6654647354883,83.0474072211779,SUP001,AlphaSteel,MAT103,Steel Bar
2022-07-03,690.3233179296172,114.07222932214938,350.92894589726706,1001.0904901914676,82.03938482328961,SUP005,PrimeSteel,MAT100,Steel Coil
2022-07-04,631.0518994204903,114.4953227841385,370.69124838196547,1076.694491918869,84.27715351096298,SUP002,BetaMetals,MAT101,Steel Rod
2022-07-05,696.8661632024192,111.18693452950711,388.1033986389869,1111.9726977044202,83.82666718897939,SUP002,BetaMetals,MAT104,Steel Sheet
2022-07-06,708.5736515587029,120.20505242024434,347.7882436611422,1022.6515068293862,81.62521781885674,SUP005,PrimeSteel,MAT102,Steel Plate
2022-07-07,682.3668501459023,109.7141591373525,332.043996242538,1010.9643010589966,81.5873477904204,SUP005,PrimeSteel,MAT101,Steel Rod
2022-07-08,676.8875607482358,96.52524652544272,352.0762844437894,1036.794579867257,82.73685241019206,SUP003,CoreSteel,MAT104,Steel Sheet
2022-07-09,694.4281165231735,87.01623899892135,369.879508725651,918.3068686274314,84.06989676324496,SUP004,DeltaIron,MAT104,Steel Sheet
2022-07-10,752.6138783929184,113.44106161435417,352.6322969615184,1120.6962555204398,83.4827581397852,SUP004,DeltaIron,MAT103,Steel Bar
2022-07-11,721.5422863832847,134.2179702079318,351.7123047091448,1064.6733495114706,83.86798052747888,SUP002,BetaMetals,MAT101,Steel Rod
2022-07-12,677.816502312957,97.20093950895803,338.69157735871056,963.4507566246507,81.41951337644434,SUP002,BetaMetals,MAT101,Steel Rod
2022-07-13,675.2427010429938,100.10970770308387,368.07066632049464,1047.3245506763055,84.62738535136329,SUP001,AlphaSteel,MAT103,Steel Bar
2022-07-14,676.4070427377811,114.80639359734803,344.9965255596672,1037.5473545999416,82.45113417836578,SUP005,PrimeSteel,MAT101,Steel Rod
2022-07-15,760.3153032419791,111.25811029164714,352.0196141552619,918.5454573226585,84.04071367655833,SUP001,AlphaSteel,MAT103,Steel Bar
2022-07-16,700.0026182903139,105.43617412322016,372.3280681744477,870.6316003562406,82.52055126926913,SUP004,DeltaIron,MAT102,Steel Plate
2022-07-17,778.0930031890048,103.86160056265804,344.3825492208282,951.236818190877,83.06283165257693,SUP004,DeltaIron,MAT104,Steel Sheet
2022-07-18,704.6065187818527,94.7130718281551,326.5490421475726,982.4919799888779,85.81157031056044,SUP002,BetaMetals,MAT103,Steel Bar
2022-07-19,660.2773732443414,101.9257927554412,351.6849723470641,1076.3844530991396,83.32086123640579,SUP003,CoreSteel,MAT104,Steel Sheet
2022-07-20,759.9450223760047,108.62674570782445,383.8390868080209,921.088282176804,81.51298425746387,SUP003,CoreSteel,MAT102,Steel Plate
2022-07-21,680.3154427452723,127.43665406142313,329.70682561135663,990.3947472104687,84.56742337064829,SUP003,CoreSteel,MAT102,Steel Plate
2022-07-22,751.3354261527188,124.10558865461061,326.2476788104106,956.962534106544,83.17593668880065,SUP004,DeltaIron,MAT103,Steel Bar
2022-07-23,677.6368983990805,112.80929391486563,355.3059048342013,1080.2354606794797,83.93426444034121,SUP001,AlphaSteel,MAT103,Steel Bar
2022-07-24,643.8898803505898,93.48122518936616,316.1325328247159,1123.3760129605046,81.89189822069054,SUP002,BetaMetals,MAT104,Steel Sheet
2022-07-25,781.5856115469243,125.84497472703505,333.79419269717687,1007.3932370389692,83.08787490644661,SUP001,AlphaSteel,MAT102,Steel Plate
2022-07-26,705.5779913297865,104.05095433956055,339.19768455957444,876.2938841681643,83.89232289960945,SUP005,PrimeSteel,MAT101,Steel Rod
2022-07-27,756.8900823300265,125.66923752382777,368.1817704747876,1127.6630887552576,83.00009774631658,SUP001,AlphaSteel,MAT104,Steel Sheet
2022-07-28,697.8507765907418,110.60850850767332,370.5446287536584,1015.8748867577943,82.74568156582018,SUP003,CoreSteel,MAT104,Steel Sheet
2022-07-29,727.2385988187675,122.34470804868855,354.3576290798014,995.24277739037,83.46113614152087,SUP003,CoreSteel,MAT100,Steel Coil
2022-07-30,702.9482871774183,105.06088621273582,360.1726703997569,995.7775371300348,82.45994628535098,SUP003,CoreSteel,MAT102,Steel Plate
2022-07-31,687.3113244493013,111.90348224379578,372.7279662516956,1072.1177366098143,83.73974483545402,SUP005,PrimeSteel,MAT104,Steel Sheet
2022-08-01,670.1426775776617,119.05580376042015,368.4117811850972,1049.4744468221386,84.35111338537224,SUP001,AlphaSteel,MAT101,Steel Rod
2022-08-02,686.6651895238941,95.47691352257999,340.96825664609156,1111.051508615069,83.85145799012417,SUP003,CoreSteel,MAT103,Steel Bar
2022-08-03,666.2835627459696,102.33463805457451,375.44864174472195,1033.6980324512663,83.62535319096729,SUP003,CoreSteel,MAT103,Steel Bar
2022-08-04,699.4437336659299,105.74582599969811,384.81624919146014,834.1333045586695,83.43341089622484,SUP001,AlphaSteel,MAT102,Steel Plate
2022-08-05,691.6162890026258,112.56331129019344,317.3867150322306,885.2312337226891,84.16334992587383,SUP003,CoreSteel,MAT104,Steel Sheet
2022-08-06,811.557083329456,118.88144600840945,352.25966863026235,1010.2226900966257,82.94403532356829,SUP003,CoreSteel,MAT103,Steel Bar
2022-08-07,721.802507935295,94.36577749197724,365.73582159936944,956.0350818041285,83.41964498895497,SUP002,BetaMetals,MAT102,Steel Plate
2022-08-08,738.6989523006193,121.11201341120685,358.860549498171,804.8194025388926,84.34479365615472,SUP003,CoreSteel,MAT103,Steel Bar
2022-08-09,713.9826710676548,109.91365162150336,321.5173763491604,996.7163421023344,80.60025449638869,SUP003,CoreSteel,MAT104,Steel Sheet
2022-08-10,752.416981203352,117.09945726582175,339.0317967384769,1018.2641451051104,83.27484218648156,SUP002,BetaMetals,MAT102,Steel Plate
2022-08-11,702.15802051741,90.81515111418084,327.08223411824804,988.8167129481692,81.86064699862996,SUP005,PrimeSteel,MAT103,Steel Bar
2022-08-12,728.5664827569968,122.4654052128677,355.91878580063224,1016.4921940823992,82.59436687977555,SUP001,AlphaSteel,MAT104,Steel Sheet
2022-08-13,684.6433428265146,109.47323400673147,329.40488809927325,912.1856649490028,82.1536856636569,SUP001,AlphaSteel,MAT101,Steel Rod
2022-08-14,722.3772188653664,119.029140736408,329.65855726391163,950.8602664693207,83.40518532627327,SUP001,AlphaSteel,MAT100,Steel Coil
2022-08-15,673.0323182398514,106.1604709398232,311.8374489921716,948.6067373461984,83.99202678461961,SUP004,DeltaIron,MAT103,Steel Bar
2022-08-16,703.2765830050463,120.94029719229931,350.6199971564347,1004.4697328900561,82.356803246861,SUP001,AlphaSteel,MAT103,Steel Bar
2022-08-17,743.0039758093986,100.34490913946075,318.1552098741815,995.3850909400497,82.71189497696531,SUP003,CoreSteel,MAT104,Steel Sheet
2022-08-18,747.8781852917109,118.97208748118354,363.4886515217822,954.7201160373174,82.29839024467458,SUP005,PrimeSteel,MAT103,Steel Bar
2022-08-19,660.9034748117235,122.73258134538305,363.8266931533898,1051.5171735136378,83.58936985028393,SUP004,DeltaIron,MAT100,Steel Coil
2022-08-20,717.2348782142915,115.91345878856777,373.0069860402445,950.1814322024908,82.25866887785665,SUP004,DeltaIron,MAT104,Steel Sheet
2022-08-21,737.3856623825601,97.76973852837551,336.9575628952692,990.8870023535364,83.27937255564515,SUP003,CoreSteel,MAT101,Steel Rod
2022-08-22,734.7114159980235,116.8650514318408,356.4748828964598,1020.2424703388406,82.79419342691531,SUP002,BetaMetals,MAT101,Steel Rod
2022-08-23,684.7734606920129,122.22341921094711,374.6312123333416,1074.1804016195072,82.9692104875798,SUP003,CoreSteel,MAT103,Steel Bar
2022-08-24,731.8894452301329,116.83928202258318,371.6657762302323,923.5543726117847,83.14567978581002,SUP002,BetaMetals,MAT104,Steel Sheet
2022-08-25,793.7181872686117,94.49654256845996,345.62204525678055,958.6495021260356,82.10678173844035,SUP003,CoreSteel,MAT103,Steel Bar
2022-08-26,716.2671908996278,121.12386425912393,364.1711363057466,1049.809686096511,82.85536686462392,SUP003,CoreSteel,MAT103,Steel Bar
2022-08-27,680.8958085924296,111.63592875682029,357.244503826612,931.4852143348537,83.97068945650726,SUP004,DeltaIron,MAT103,Steel Bar
2022-08-28,668.2922989782307,124.41406249797147,354.8158208285835,1085.2731048022863,84.20743756325552,SUP005,PrimeSteel,MAT103,Steel Bar
2022-08-29,732.1879211659943,115.24226930557384,335.6129974925312,1161.9890546155782,82.07444236738132,SUP002,BetaMetals,MAT102,Steel Plate
2022-08-30,678.8659369395867,109.60668241650647,322.1787386979441,973.0743387728331,84.35779548725507,SUP002,BetaMetals,MAT102,Steel Plate
2022-08-31,643.3871911993189,86.96699005626849,333.2096572993537,1119.7980161897008,82.26176114647583,SUP004,DeltaIron,MAT104,Steel Sheet
2022-09-01,770.8381364787515,119.58480818339719,360.99584031300935,1184.6302417538893,81.76790761388952,SUP005,PrimeSteel,MAT103,Steel Bar
2022-09-02,671.9418899883226,122.66956230337564,352.32796073332213,1129.4677366031037,83.29553604781914,SUP001,AlphaSteel,MAT101,Steel Rod
2022-09-03,724.8137422588266,106.46400957100238,313.1243501884352,1012.5803430226543,82.88860172441615,SUP003,CoreSteel,MAT103,Steel Bar
2022-09-04,711.3497955798297,105.85898482345384,331.96180773629567,1067.110778742562,81.73213377378534,SUP004,DeltaIron,MAT101,Steel Rod
2022-09-05,674.2103242614731,106.80041862919046,371.3426001103563,1049.9325400829239,81.1956882071316,SUP001,AlphaSteel,MAT101,Steel Rod
2022-09-06,704.4484557407948,119.2172890350115,331.73702076619423,982.8572563102914,81.06653431751245,SUP003,CoreSteel,MAT102,Steel Plate
2022-09-07,667.6987080538148,109.4920638455099,332.27238199196734,1050.524651310438,82.91176872878522,SUP001,AlphaSteel,MAT100,Steel Coil
2022-09-08,751.3500489788431,97.30407804763445,336.0510463882218,1057.14003542221,81.77352180703886,SUP002,BetaMetals,MAT101,Steel Rod
2022-09-09,754.0498039971045,97.98818304446453,340.4963396553441,1041.2723076702705,83.3057918813517,SUP001,AlphaSteel,MAT102,Steel Plate
2022-09-10,677.0608080625716,105.18944591731216,356.9894387073416,1023.7058052387209,85.06996014203087,SUP003,CoreSteel,MAT101,Steel Rod
2022-09-11,701.3082798866968,99.90087975736083,299.8577804572596,1037.1162115477223,83.03704943883113,SUP002,BetaMetals,MAT100,Steel Coil
2022-09-12,743.9192918144804,105.06863373746417,337.9168040977819,911.581352537644,82.77541375959301,SUP001,AlphaSteel,MAT103,Steel Bar
2022-09-13,741.7148578658805,99.1333689898662,344.2902914885533,906.1941272022557,82.29277653729781,SUP001,AlphaSteel,MAT100,Steel Coil
2022-09-14,712.427529657858,96.27662216237752,357.3639617741224,974.8060163135458,82.44772311086224,SUP001,AlphaSteel,MAT104,Steel Sheet
2022-09-15,733.9107703828148,103.14481247822559,349.1559120817213,1022.400057806831,84.15785349712908,SUP001,AlphaSteel,MAT103,Steel Bar
2022-09-16,721.6645347109971,117.74480317278768,304.40356009593927,1011.4939369501368,83.45492753080264,SUP001,AlphaSteel,MAT101,Steel Rod
2022-09-17,740.721513603134,95.31350763529518,373.49365431353783,972.7305388156102,82.43879930639847,SUP004,DeltaIron,MAT103,Steel Bar
2022-09-18,736.5856168780281,103.1348769755672,336.573648037099,906.0828118516393,83.88433665946798,SUP004,DeltaIron,MAT102,Steel Plate
2022-09-19,759.8965038277446,95.55434299047967,319.021683340953,1010.7525806611715,84.06439147988192,SUP005,PrimeSteel,MAT100,Steel Coil
2022-09-20,682.4061567449463,103.54678869958194,326.83219451842666,951.3712820516095,82.57748746751948,SUP001,AlphaSteel,MAT101,Steel Rod
2022-09-21,626.3598828362419,95.09334288633168,359.6516636730984,958.0358951229193,82.29238994748007,SUP004,DeltaIron,MAT103,Steel Bar
2022-09-22,750.8461986746321,100.60038870757742,310.89348687977133,985.1684926462566,83.48913252417027,SUP002,BetaMetals,MAT104,Steel Sheet
2022-09-23,697.5618976476667,110.34226848427306,338.075779603322,1057.7969221980488,82.51441492731809,SUP005,PrimeSteel,MAT103,Steel Bar
2022-09-24,654.1644821028394,113.73616465317048,338.01972755117566,849.0143631855376,81.85172264538446,SUP001,AlphaSteel,MAT104,Steel Sheet
2022-09-25,719.724145411967,87.56238514755698,353.1904288793203,891.6277524577763,82.47782463794785,SUP005,PrimeSteel,MAT101,Steel Rod
2022-09-26,702.3288688251529,120.99991178280312,348.78176382424095,981.9017633673564,84.12820106792414,SUP003,CoreSteel,MAT104,Steel Sheet
2022-09-27,739.2278194718407,104.48810833313284,370.1022601561774,1058.0161737120661,82.07187892804598,SUP002,BetaMetals,MAT103,Steel Bar
2022-09-28,782.4544112657671,110.22099904905325,337.8653158743617,904.0252715537317,82.39264282046992,SUP001,AlphaSteel,MAT102,Steel Plate
2022-09-29,707.3350759382243,114.94633634939859,356.73448138762313,1090.746938548121,82.38900677294974,SUP002,BetaMetals,MAT104,Steel Sheet
2022-09-30,677.7337605925351,117.03010043808311,362.49720460185966,1139.3070720073008,82.9759382182932,SUP005,PrimeSteel,MAT102,Steel Plate
2022-10-01,717.7127282921858,111.06316272225439,322.3899731882693,927.4703443703294,83.15750304618135,SUP003,CoreSteel,MAT104,Steel Sheet
2022-10-02,677.7596143003763,104.85944644820226,342.8649995148377,968.0275403105801,82.18104961728174,SUP002,BetaMetals,MAT100,Steel Coil
2022-10-03,678.318846869258,107.41831484969862,349.7625713359099,878.1987578898224,83.33696775077185,SUP005,PrimeSteel,MAT102,Steel Plate
2022-10-04,685.3995754549328,116.57956238515439,358.13450439279075,1047.8434182886695,83.64036519123631,SUP005,PrimeSteel,MAT102,Steel Plate
2022-10-05,701.8604633336272,105.45765449720537,341.4712265045603,940.9833890555643,82.7365513664727,SUP005,PrimeSteel,MAT103,Steel Bar
2022-10-06,720.2047430991655,108.98968422739023,349.73127554675693,891.0551814708851,84.03813757224681,SUP005,PrimeSteel,MAT103,Steel Bar
2022-10-07,714.9848142515921,113.65619960427847,310.7500549141384,984.1849900983593,83.75944171927452,SUP002,BetaMetals,MAT101,Steel Rod
2022-10-08,739.6036447833691,105.33346413991708,372.6438813157767,985.4373136696904,84.14705616344999,SUP002,BetaMetals,MAT102,Steel Plate
2022-10-09,761.2155812853283,108.26156259939906,373.1793742652794,1054.6966688267642,82.65403009308683,SUP004,DeltaIron,MAT104,Steel Sheet
2022-10-10,747.5349778969454,124.48221178294756,359.70510466390334,1021.9439281391653,81.65523662616525,SUP003,CoreSteel,MAT103,Steel Bar
2022-10-11,771.9353535447892,108.78759687566938,369.3889050640176,982.3153208110188,81.8669579635207,SUP001,AlphaSteel,MAT102,Steel Plate
2022-10-12,656.4819523382612,117.04909061604559,331.6201778249651,855.5618016366266,83.5497766680362,SUP004,DeltaIron,MAT102,Steel Plate
2022-10-13,734.1241102384546,131.22233091510248,346.56163025294785,1022.0579526363592,83.93342109846198,SUP001,AlphaSteel,MAT103,Steel Bar
2022-10-14,726.2639535103533,123.48924148615528,358.86409276019253,1067.6397035481039,84.54145356025838,SUP003,CoreSteel,MAT101,Steel Rod
2022-10-15,673.1949010488265,120.78867869357909,335.64608582728783,1014.0890262081075,81.57569722385352,SUP001,AlphaSteel,MAT102,Steel Plate
2022-10-16,710.6253252434275,125.14855293840046,359.73107914365943,932.1154713464409,82.98816367257615,SUP004,DeltaIron,MAT104,Steel Sheet
2022-10-17,665.2133152829308,117.17345756560431,336.445194680284,999.6948355358868,81.94026987581289,SUP005,PrimeSteel,MAT100,Steel Coil
2022-10-18,718.6588095032242,107.31757568567507,305.2604636551747,1006.307594107595,82.36284069076652,SUP005,PrimeSteel,MAT104,Steel Sheet
2022-10-19,699.4779805289802,124.26125924193119,305.6061492250305,959.5706875207024,81.311919110827,SUP004,DeltaIron,MAT103,Steel Bar
2022-10-20,622.3739394634638,116.47434907278152,341.5688084902507,1004.7076517514896,82.91553556334637,SUP001,AlphaSteel,MAT101,Steel Rod
2022-10-21,721.9902953936413,120.33042317198239,360.8933378279455,961.2273037231699,83.4453761277783,SUP001,AlphaSteel,MAT103,Steel Bar
2022-10-22,679.9136514031042,116.4906576159646,337.39030176122264,915.4032843601607,80.72556429729612,SUP004,DeltaIron,MAT100,Steel Coil
2022-10-23,648.6954861995192,117.81652730544168,355.0658471770122,1018.9300811907982,84.22315570241297,SUP003,CoreSteel,MAT102,Steel Plate
2022-10-24,718.6503016894285,95.64362928203425,347.6144871614713,959.7385381298119,82.17983583992029,SUP002,BetaMetals,MAT100,Steel Coil
2022-10-25,754.3026140821618,113.85208127162967,328.63969472731696,1157.9083755651482,81.18714093360859,SUP005,PrimeSteel,MAT102,Steel Plate
2022-10-26,707.2880306775807,108.39471665149468,354.07483761246385,946.7243743411067,83.56723847604943,SUP003,CoreSteel,MAT100,Steel Coil
2022-10-27,716.3593597671612,118.31132465122309,348.7630425517456,935.2384059715042,82.61066980195926,SUP005,PrimeSteel,MAT101,Steel Rod
2022-10-28,638.220231479819,118.05672229212709,350.65784775708266,1073.567000463413,84.0655243008955,SUP005,PrimeSteel,MAT101,Steel Rod
2022-10-29,667.672304386927,113.30301968564004,345.359839445213,999.7815797826036,83.46772105715922,SUP001,AlphaSteel,MAT101,Steel Rod
2022-10-30,761.6459700775467,121.70100827655357,331.6159363292361,1021.5928466257869,83.52595602734608,SUP003,CoreSteel,MAT104,Steel Sheet
2022-10-31,690.4830614933471,110.87222218523176,365.65919371691933,1087.1192873610526,82.2518058143162,SUP005,PrimeSteel,MAT102,Steel Plate
2022-11-01,577.7972882875225,129.38334458429574,368.1365746682178,1191.494256547184,83.52710168904177,SUP005,PrimeSteel,MAT104,Steel Sheet
2022-11-02,717.7983876721069,115.2094431430002,362.17445986438224,917.7217089029036,85.1883205424024,SUP002,BetaMetals,MAT104,Steel Sheet
2022-11-03,662.4188939325363,121.97699867156325,393.24285064333037,1080.9046182310558,84.37621909935308,SUP003,CoreSteel,MAT104,Steel Sheet
2022-11-04,666.9588773989665,126.37636186722845,347.1886263053887,903.3785990106566,81.77838796742354,SUP005,PrimeSteel,MAT100,Steel Coil
2022-11-05,694.7158059957584,103.47406819828494,358.84143112466836,1010.2140201729494,82.05474087225457,SUP001,AlphaSteel,MAT104,Steel Sheet
2022-11-06,672.6588327020676,100.57758762747474,376.7583927127846,1034.2343328406885,84.06171889673,SUP003,CoreSteel,MAT104,Steel Sheet
2022-11-07,721.9490340271835,113.36049031759549,342.05626336140966,1108.0957185878287,82.91400215042097,SUP005,PrimeSteel,MAT104,Steel Sheet
2022-11-08,754.1684487030184,107.62906463559327,334.1734487523862,918.1165058853169,85.36050572804547,SUP002,BetaMetals,MAT103,Steel Bar
2022-11-09,719.8387709901751,123.24410461271788,361.59124296782466,949.849889152636,83.28623545434759,SUP002,BetaMetals,MAT102,Steel Plate
2022-11-10,726.8135896928613,119.53263239926989,350.9715066588479,989.1847555540726,81.3875058022272,SUP005,PrimeSteel,MAT102,Steel Plate
2022-11-11,769.4229565941462,111.26072288491768,351.1393895231844,966.2824762538683,84.24802161255658,SUP004,DeltaIron,MAT100,Steel Coil
2022-11-12,708.8899910632476,115.39430527424003,379.0651626089805,931.7454921607488,82.58078111829708,SUP002,BetaMetals,MAT102,Steel Plate
2022-11-13,708.1632123783785,130.22819793482103,355.19073801834384,1053.754904594835,83.85025942123237,SUP002,BetaMetals,MAT104,Steel Sheet
2022-11-14,736.9406021645768,103.92793272235784,362.1725389868159,1080.852817739337,83.63561664489573,SUP002,BetaMetals,MAT103,Steel Bar
2022-11-15,764.8648248027308,102.69834892740005,338.98794047013644,1066.32623601339,81.38939632352982,SUP003,CoreSteel,MAT103,Steel Bar
2022-11-16,689.4997890772926,131.43270023059063,322.6447510551735,1067.4227787929865,82.2575477244681,SUP005,PrimeSteel,MAT102,Steel Plate
2022-11-17,711.5549587507948,133.07139418964408,354.313234085941,1032.67729037032,82.46634698873079,SUP005,PrimeSteel,MAT100,Steel Coil
2022-11-18,666.0981036874211,106.43882328855116,355.95839473768746,921.9317015220747,82.73685922369447,SUP004,DeltaIron,MAT103,Steel Bar
2022-11-19,739.5683720786034,109.12312242178524,312.0422716941606,1040.8790311735831,83.6062179675224,SUP003,CoreSteel,MAT100,Steel Coil
2022-11-20,657.7650572366192,124.2488374399039,346.77661725010296,997.9829246162345,83.66598696613906,SUP005,PrimeSteel,MAT101,Steel Rod
2022-11-21,622.5689326131701,123.84792404253648,331.23818192391616,1039.7672372728964,82.77476573634871,SUP004,DeltaIron,MAT104,Steel Sheet
2022-11-22,671.8318815452894,106.06638036580196,370.6507035377899,853.8893853031608,82.73578694788884,SUP003,CoreSteel,MAT102,Steel Plate
2022-11-23,640.1475272748557,93.95479270628422,332.668406640283,1048.6491905153714,82.34331972594092,SUP002,BetaMetals,MAT103,Steel Bar
2022-11-24,687.1864065179585,123.21841908109448,379.6209793280216,994.6284842074257,82.27761104603877,SUP004,DeltaIron,MAT100,Steel Coil
2022-11-25,653.0937127884102,110.2181194474112,362.9093430595741,1013.983829692162,83.93191548065978,SUP004,DeltaIron,MAT103,Steel Bar
2022-11-26,678.1122705231164,118.45025521013014,371.5263518875449,960.6238055396946,82.5601913273183,SUP004,DeltaIron,MAT104,Steel Sheet
2022-11-27,693.7763250437413,116.49768644099349,381.2088291573513,830.0112721131256,82.84848420263862,SUP001,AlphaSteel,MAT100,Steel Coil
2022-11-28,717.9312263121784,95.14794030789554,309.57600712689697,1054.8313201594901,85.13426865183621,SUP004,DeltaIron,MAT103,Steel Bar
2022-11-29,724.9702601417905,111.04019629167125,357.5178285285708,1020.307394722378,82.79213086226424,SUP004,DeltaIron,MAT104,Steel Sheet
2022-11-30,723.7675820518541,93.11454161668581,374.8422248766129,920.0366489065219,82.39959389353987,SUP003,CoreSteel,MAT101,Steel Rod
2022-12-01,646.6418496788582,115.76220584205691,370.3251756723462,998.2232122547437,82.78899366329283,SUP001,AlphaSteel,MAT100,Steel Coil
2022-12-02,700.1192325014104,123.26889635934955,364.98436565047535,951.9938758388212,83.25301520528605,SUP001,AlphaSteel,MAT103,Steel Bar
2022-12-03,701.4935403167265,133.39929141329065,311.85416762325053,1040.5793384549925,84.097669561713,SUP005,PrimeSteel,MAT101,Steel Rod
2022-12-04,700.4224619408446,106.74969641401069,359.9699736691144,957.3967294489503,85.4756293477363,SUP004,DeltaIron,MAT102,Steel Plate
2022-12-05,668.1200215363236,100.65976468183032,341.1764511513754,952.0466420508261,83.43091048022755,SUP002,BetaMetals,MAT103,Steel Bar
2022-12-06,731.5659618000868,121.99656498078477,361.03958438391675,1016.3982550557084,82.55106699400864,SUP004,DeltaIron,MAT100,Steel Coil
2022-12-07,672.5742301627289,112.15368414706309,387.07601274186305,1043.7055173412934,84.14963249493604,SUP004,DeltaIron,MAT100,Steel Coil
2022-12-08,725.2203504554209,115.86818540018035,371.17865745837395,938.271879706632,81.92061091351493,SUP004,DeltaIron,MAT104,Steel Sheet
2022-12-09,681.2345167763192,114.52673258558715,364.27876763681314,1054.0174310118143,83.39541690398782,SUP005,PrimeSteel,MAT102,Steel Plate
2022-12-10,678.4995082390312,91.97549500734662,376.08273224813775,969.1054403196263,83.66077467553104,SUP002,BetaMetals,MAT104,Steel Sheet
2022-12-11,703.4094259889657,128.66611948670425,347.0698770820247,968.7815128923472,83.28111610860806,SUP004,DeltaIron,MAT101,Steel Rod
2022-12-12,686.0778319261054,101.77644349607672,355.6743032569782,999.0974311389365,82.47130571435011,SUP002,BetaMetals,MAT101,Steel Rod
2022-12-13,737.285735454715,118.48358931794317,344.0306940297912,965.836657756495,83.40668803982128,SUP004,DeltaIron,MAT102,Steel Plate
2022-12-14,737.719308729037,106.15041651340104,357.67822167488976,1176.5999376115851,82.22463385009146,SUP004,DeltaIron,MAT101,Steel Rod
2022-12-15,672.4551350746168,92.58320801158239,357.3396576537777,1111.6170194725682,83.0014853648226,SUP005,PrimeSteel,MAT100,Steel Coil
2022-12-16,721.6443174700352,103.29040031711588,314.7388195759754,1083.5556050545258,83.04197618568784,SUP005,PrimeSteel,MAT101,Steel Rod
2022-12-17,694.573341874963,124.1502705297571,357.97731666541,965.4284463403327,81.61967622325666,SUP003,CoreSteel,MAT100,Steel Coil
2022-12-18,727.1181264528091,98.76653509511249,352.8880560445522,935.9081006894621,83.97764520210929,SUP002,BetaMetals,MAT103,Steel Bar
2022-12-19,639.0348439188292,107.59834328002835,368.25233175804874,913.5397258518603,84.2106390347072,SUP002,BetaMetals,MAT102,Steel Plate
2022-12-20,634.8840752742906,115.80245918493343,291.52618700080006,1008.6974337965385,83.54212239427461,SUP004,DeltaIron,MAT104,Steel Sheet
2022-12-21,728.6033353605413,98.9004049431681,353.10363328199145,844.58035044326,83.48251423406963,SUP004,DeltaIron,MAT104,Steel Sheet
2022-12-22,747.5634503150338,106.10619384410424,352.09407832239873,974.3626362630182,83.93265248753552,SUP001,AlphaSteel,MAT104,Steel Sheet
2022-12-23,664.0799715796333,124.65813661792039,351.4823168321765,954.7622444257272,84.48970089417149,SUP001,AlphaSteel,MAT104,Steel Sheet
2022-12-24,711.312744031131,95.91482304827723,365.91512516592707,798.2430595292276,82.8327236696362,SUP001,AlphaSteel,MAT104,Steel Sheet
2022-12-25,700.2982798546375,111.83150329459264,354.8770382327259,931.9948256734474,83.36871552242131,SUP005,PrimeSteel,MAT104,Steel Sheet
2022-12-26,761.499182147989,99.08456298649547,328.1119081544129,1096.5711654808056,82.70538023566344,SUP005,PrimeSteel,MAT100,Steel Coil
2022-12-27,694.9884132435661,106.54482681121134,363.75073967183585,1014.9669288618602,83.12396649149984,SUP004,DeltaIron,MAT102,Steel Plate
2022-12-28,683.5004501850523,102.4367896327708,357.93789734517435,1029.305006283473,82.01902460256694,SUP002,BetaMetals,MAT101,Steel Rod
2022-12-29,738.2697513047697,108.95640027462157,354.42571614326596,1005.940968021143,82.03734178785653,SUP004,DeltaIron,MAT101,Steel Rod
2022-12-30,661.5536739707443,109.95793274129866,344.98232680112494,1080.6412884067724,82.64352163925004,SUP001,AlphaSteel,MAT100,Steel Coil
2022-12-31,684.9498743328555,105.54062176360415,354.36101594286646,1047.7310813591082,83.91843885590183,SUP001,AlphaSteel,MAT103,Steel Bar
2023-01-01,722.3256230127056,98.65995301683337,342.7848347889667,984.1082979416476,82.06089173900205,SUP001,AlphaSteel,MAT102,Steel Plate
2023-01-02,635.4111680933258,119.55751163596499,346.63602308798306,979.7931064807835,82.07745211662447,SUP003,CoreSteel,MAT101,Steel Rod
2023-01-03,712.0525263561801,108.3302923525789,354.98841230570304,874.4663749942565,83.12826311826167,SUP005,PrimeSteel,MAT101,Steel Rod
2023-01-04,761.8821035252971,110.09042521068437,337.3926690219739,952.0449986997555,82.1976808616591,SUP003,CoreSteel,MAT103,Steel Bar
2023-01-05,640.9295644700397,86.01097261234605,352.90646186238706,955.7654898608697,82.32368524015062,SUP002,BetaMetals,MAT100,Steel Coil
2023-01-06,706.0125477092004,114.35599177171761,334.9006235840382,914.7809784859994,82.74582404795827,SUP005,PrimeSteel,MAT104,Steel Sheet
2023-01-07,715.3764870118669,110.52389410583766,335.9260073288634,979.1305725913703,82.80050059015264,SUP001,AlphaSteel,MAT104,Steel Sheet
2023-01-08,682.8963331738373,93.4376362022518,372.4808625210763,1165.9265269744694,83.47666125232868,SUP005,PrimeSteel,MAT104,Steel Sheet
2023-01-09,729.585060298258,111.88497101876722,347.0476706446188,943.469007074783,83.3963701964974,SUP001,AlphaSteel,MAT103,Steel Bar
2023-01-10,691.5066801937826,103.83458079851377,336.42401263909636,1103.3898317457997,84.26915281420645,SUP004,DeltaIron,MAT104,Steel Sheet
2023-01-11,684.6236037302901,105.16315282666167,366.2964412600903,1079.3256617716988,81.7289035800339,SUP001,AlphaSteel,MAT101,Steel Rod
2023-01-12,686.5745440095008,91.23570750997587,373.3378615451319,958.1862761841641,82.96375933979068,SUP005,PrimeSteel,MAT103,Steel Bar
2023-01-13,675.4060944880396,104.38266448814703,354.6005724034564,953.4538923645598,83.71662624565593,SUP001,AlphaSteel,MAT100,Steel Coil
2023-01-14,703.3168159452264,120.67345565779176,368.3382326003675,1110.0069764649004,82.62108659952366,SUP004,DeltaIron,MAT101,Steel Rod
2023-01-15,716.5022580488146,101.70080587401279,376.6825032219724,1148.9320194302445,82.28387184027612,SUP001,AlphaSteel,MAT103,Steel Bar
2023-01-16,715.4457265231345,103.28349667829175,343.65393392423096,936.9848073333446,84.07139061639032,SUP005,PrimeSteel,MAT103,Steel Bar
2023-01-17,722.1319337659197,110.46829940866819,337.97155069152234,1098.3178568596898,81.32214868896538,SUP004,DeltaIron,MAT101,Steel Rod
2023-01-18,736.0551639406985,118.29173663605451,372.7625215657124,1149.019130225346,82.83878156944681,SUP005,PrimeSteel,MAT104,Steel Sheet
2023-01-19,667.8133202326111,117.62458188113759,356.75145926201736,923.1860639586413,80.2412384671516,SUP003,CoreSteel,MAT103,Steel Bar
2023-01-20,676.7130027560252,110.25186243548235,353.64466611488734,993.3870476360985,83.69111287189295,SUP004,DeltaIron,MAT102,Steel Plate
2023-01-21,705.750459702393,122.86408957913183,368.7498285256128,1014.3632067579687,82.64131866804249,SUP005,PrimeSteel,MAT102,Steel Plate
2023-01-22,712.7748970565102,114.40997815645136,339.5481326218076,1167.284513716377,81.79303946361698,SUP002,BetaMetals,MAT102,Steel Plate
2023-01-23,672.266369144761,92.21918851907128,347.6557727645386,995.05160813027,81.43960805442102,SUP003,CoreSteel,MAT100,Steel Coil
2023-01-24,658.7638683937969,109.00889860231139,360.1051850040951,1006.6530738219212,81.72517586599733,SUP003,CoreSteel,MAT100,Steel Coil
2023-01-25,687.4336571497553,103.13283052872576,330.4695399419565,832.2120859529125,83.46485015762234,SUP003,CoreSteel,MAT103,Steel Bar
2023-01-26,781.3941986035569,95.47407793045419,353.90087370236284,1007.5776148546776,83.9244629995623,SUP005,PrimeSteel,MAT100,Steel Coil
2023-01-27,661.5547495021954,107.17098665674101,334.30222958094805,954.9003736647644,81.12961900890046,SUP001,AlphaSteel,MAT101,Steel Rod
2023-01-28,691.7108262589414,109.93891415209029,329.7717487352694,989.5356602667599,83.79323617505236,SUP002,BetaMetals,MAT104,Steel Sheet
2023-01-29,716.5032836804369,94.59642913216419,340.59139438944163,948.5232866629736,84.53792675048996,SUP004,DeltaIron,MAT104,Steel Sheet
2023-01-30,647.6068713195135,103.88365367312092,349.7911679709521,1013.328881745287,83.05631313336646,SUP002,BetaMetals,MAT103,Steel Bar
2023-01-31,692.8400485439157,113.95305439528423,374.65257234662624,1003.2327393181,82.78284279463942,SUP005,PrimeSteel,MAT100,Steel Coil
2023-02-01,713.3424134087768,100.40384757129847,344.98463489849956,931.9988776602147,81.48885441680547,SUP003,CoreSteel,MAT102,Steel Plate
2023-02-02,728.9452339451204,115.95360001637982,365.7886085196646,907.2343323025209,83.35943131748927,SUP001,AlphaSteel,MAT102,Steel Plate
2023-02-03,657.1768893427386,119.79400171505192,368.53356930749345,945.8993917981784,83.33666665002025,SUP004,DeltaIron,MAT103,Steel Bar
2023-02-04,687.5739548652319,98.60421108497592,350.7757374510141,1035.6622494806986,82.99736653624568,SUP004,DeltaIron,MAT104,Steel Sheet
2023-02-05,685.8513790653749,105.67356022911858,354.93366934678846,1094.3118904449761,82.31637747476033,SUP002,BetaMetals,MAT102,Steel Plate
2023-02-06,694.6880233371447,100.23305727516794,350.7206535979624,889.6227797601412,82.4378635296368,SUP003,CoreSteel,MAT103,Steel Bar
2023-02-07,695.1107392083336,101.43574015261774,317.9324099534062,926.1154351447144,83.22552093081315,SUP004,DeltaIron,MAT104,Steel Sheet
2023-02-08,641.427829036464,107.43283582428502,342.99563375182015,991.5047394056269,84.39379193835195,SUP002,BetaMetals,MAT103,Steel Bar
2023-02-09,731.5498784089916,116.73565425148315,349.7024002280709,802.332796077506,82.4958680658537,SUP003,CoreSteel,MAT102,Steel Plate
2023-02-10,613.2732305140897,111.08915992084175,333.40984221282713,998.5043416959141,84.36703143385476,SUP003,CoreSteel,MAT103,Steel Bar
2023-02-11,705.8507373349216,113.30150146520651,322.4665445560666,1025.3104146602018,81.97200531734433,SUP001,AlphaSteel,MAT103,Steel Bar
2023-02-12,650.2329674176775,107.17653255304884,374.9739209550851,1074.5253380239508,83.3862961994054,SUP005,PrimeSteel,MAT100,Steel Coil
2023-02-13,632.3212685921571,112.07025445134084,343.2360630945983,997.5360813003608,83.78867459108787,SUP005,PrimeSteel,MAT103,Steel Bar
2023-02-14,718.2133579938295,119.34762031950474,327.4926667422708,953.5965463153905,83.41304814659605,SUP004,DeltaIron,MAT102,Steel Plate
2023-02-15,681.1044860986882,93.69751181347326,337.59557467703183,1142.129845090147,81.5798721068552,SUP004,DeltaIron,MAT102,Steel Plate
2023-02-16,758.9959398900094,110.57857181295074,326.12033664925235,1157.291452253224,83.15969555185454,SUP004,DeltaIron,MAT104,Steel Sheet
2023-02-17,684.9148505338073,117.14693066296383,349.54481177634227,997.6623041682325,85.00383036610408,SUP002,BetaMetals,MAT102,Steel Plate
2023-02-18,644.9722367120384,114.5916395331536,350.0512201429167,958.7177101037064,83.7531872644668,SUP002,BetaMetals,MAT103,Steel Bar
2023-02-19,677.4294066533575,115.69537519838158,353.3400708487042,1027.1665159459812,83.13602060878588,SUP003,CoreSteel,MAT101,Steel Rod
2023-02-20,713.4442506364363,103.49343424571046,345.4397580525007,1037.0039805238882,82.32250787489319,SUP002,BetaMetals,MAT102,Steel Plate
2023-02-21,648.857169761091,124.7314348648124,326.02499096237386,877.9781149690012,82.42986384383035,SUP002,BetaMetals,MAT100,Steel Coil
2023-02-22,724.5399145596725,109.0455702230412,372.7765452677797,938.8749419585263,83.2648646267562,SUP003,CoreSteel,MAT100,Steel Coil
2023-02-23,702.950210490635,121.34207421278269,346.8303155226166,1180.6069918010503,84.39427675713439,SUP005,PrimeSteel,MAT102,Steel Plate
2023-02-24,683.6165175890881,120.58993084048316,353.8799188585902,929.6507491897472,83.03588945099158,SUP001,AlphaSteel,MAT102,Steel Plate
2023-02-25,683.4262385098546,118.93548987606226,364.80125734194763,980.2247599287615,84.8604899841183,SUP005,PrimeSteel,MAT104,Steel Sheet
2023-02-26,683.7508908479441,107.51640003860255,298.97747409990427,957.06878022761,84.43715246380982,SUP004,DeltaIron,MAT102,Steel Plate
2023-02-27,670.5011690358671,107.65588148392013,343.0832808824003,1001.9047672791716,82.33011680423468,SUP004,DeltaIron,MAT104,Steel Sheet
2023-02-28,703.9960562766987,102.93623432777405,365.6077704279551,876.8187350796688,81.51196721584745,SUP005,PrimeSteel,MAT103,Steel Bar
2023-03-01,720.8858554161601,101.56631886023112,342.4092800041115,973.3095021757679,84.74166589257905,SUP001,AlphaSteel,MAT104,Steel Sheet
2023-03-02,703.8001204463939,110.84914969126004,363.7353128987636,1071.5342712869572,83.8436068231023,SUP001,AlphaSteel,MAT103,Steel Bar
2023-03-03,711.2880640958808,114.84829150720967,322.925847717305,1017.6844727416187,83.17336443133159,SUP005,PrimeSteel,MAT102,Steel Plate
2023-03-04,692.7355333970185,114.73477419222205,381.21514501129764,1127.290152187669,83.03084385968123,SUP002,BetaMetals,MAT104,Steel Sheet
2023-03-05,748.6823968501981,100.6464354369536,328.21166549115344,921.8951640278252,84.2339649762169,SUP002,BetaMetals,MAT104,Steel Sheet
2023-03-06,714.2097920373335,101.36792053347705,358.0131303499473,989.7734703511184,81.90346259199987,SUP001,AlphaSteel,MAT101,Steel Rod
2023-03-07,704.8834735892955,114.9329972423318,356.6183318937284,954.8700715094873,84.81256185659159,SUP003,CoreSteel,MAT104,Steel Sheet
2023-03-08,756.9423399184501,123.6858730363325,329.94395896134967,894.587965050023,84.21875274047778,SUP001,AlphaSteel,MAT101,Steel Rod
2023-03-09,684.1302343241977,120.74348091859574,364.1199213857463,865.0118716108353,85.64840579470464,SUP001,AlphaSteel,MAT104,Steel Sheet
2023-03-10,713.5677524854035,109.58554524618701,341.84830976784684,953.0678952954963,85.24016286922041,SUP001,AlphaSteel,MAT104,Steel Sheet
2023-03-11,704.3460885869096,94.77332454028561,392.67581962112433,1043.5334783108333,81.29865025544292,SUP001,AlphaSteel,MAT103,Steel Bar
2023-03-12,702.7042658272248,106.82860942986761,361.21357119960504,982.5063714630666,83.58050639506187,SUP003,CoreSteel,MAT100,Steel Coil
2023-03-13,742.6349037461702,113.86861299525648,345.1900888112027,1086.5696483780923,81.55162132489455,SUP001,AlphaSteel,MAT100,Steel Coil
2023-03-14,754.9024009870096,97.22935766200231,385.64551456305503,1005.3784504065771,84.49549358858775,SUP005,PrimeSteel,MAT103,Steel Bar
2023-03-15,705.3873720800522,114.55996327555673,340.91698574466125,845.5571297503041,83.47908890105202,SUP003,CoreSteel,MAT102,Steel Plate
2023-03-16,740.5442066044117,105.36480886844288,324.57123571640915,1006.2206434925971,84.64633758431869,SUP005,PrimeSteel,MAT103,Steel Bar
2023-03-17,695.468058972441,115.11081532334214,341.8826690752885,1113.051685610219,81.41655970707976,SUP003,CoreSteel,MAT101,Steel Rod
2023-03-18,773.2644456530516,98.07119293058787,367.64516169179524,1124.1146238283068,83.71347436282099,SUP001,AlphaSteel,MAT101,Steel Rod
2023-03-19,731.8599570435241,118.46879895683767,383.67185352340323,1059.0228924711205,82.87851850814265,SUP005,PrimeSteel,MAT104,Steel Sheet
2023-03-20,722.2966685582234,117.24083027469507,352.57925723525926,907.797412162187,82.09541939001114,SUP002,BetaMetals,MAT103,Steel Bar
2023-03-21,723.4373990018005,91.93011962502321,369.38136407833787,1058.7738718314852,83.34775484336022,SUP005,PrimeSteel,MAT104,Steel Sheet
2023-03-22,741.3732921856376,102.24495488639086,376.01013863524685,1104.674043050558,84.87198885792353,SUP003,CoreSteel,MAT101,Steel Rod
2023-03-23,631.3146183857662,126.94114033809963,332.18157459173176,985.8844906224234,85.25862707431062,SUP001,AlphaSteel,MAT102,Steel Plate
2023-03-24,744.780577586639,115.21318268914932,342.8777051673304,766.1290997850003,84.58001067685035,SUP005,PrimeSteel,MAT104,Steel Sheet
2023-03-25,696.2412658251897,103.26148204844144,379.81885037412167,1062.0751381094426,82.20961203788258,SUP003,CoreSteel,MAT100,Steel Coil
2023-03-26,752.5154424155309,88.83285316508463,317.28630755078814,1028.7458682439806,83.41587967568525,SUP003,CoreSteel,MAT102,Steel Plate
2023-03-27,717.4427124387345,108.63075366516053,341.85000283751845,874.3326601157975,83.49233018912622,SUP005,PrimeSteel,MAT104,Steel Sheet
2023-03-28,779.5410423738045,97.14217122439179,347.5349985767161,868.088036782019,83.4228655625229,SUP003,CoreSteel,MAT101,Steel Rod
2023-03-29,645.2177214437476,111.98984471343097,346.7223925634016,986.9305288819527,82.17717423333121,SUP002,BetaMetals,MAT102,Steel Plate
2023-03-30,728.0459821251357,123.05251946172338,347.556553179195,1069.4105138501616,83.62636264451432,SUP003,CoreSteel,MAT102,Steel Plate
2023-03-31,685.9309730926819,117.87130078623596,318.10049363081777,946.8204434006661,83.67864079367399,SUP003,CoreSteel,MAT104,Steel Sheet
2023-04-01,686.8325878190049,113.0940608889191,332.67404934806797,1057.3011699684882,84.2935503354358,SUP002,BetaMetals,MAT102,Steel Plate
2023-04-02,704.3783541186908,109.54784608549069,323.2189854126957,1000.660827352769,83.39060010820404,SUP002,BetaMetals,MAT104,Steel Sheet
2023-04-03,681.017456475303,123.77167798117213,411.7117539991393,1020.6169294476663,83.49404595874978,SUP005,PrimeSteel,MAT104,Steel Sheet
2023-04-04,779.3360106728853,107.14297708535597,347.8637529668388,901.7054933002348,82.86026978950733,SUP001,AlphaSteel,MAT102,Steel Plate
2023-04-05,604.2071187101002,113.52726877339177,332.3094325341308,996.5384246195373,82.3559066441055,SUP004,DeltaIron,MAT103,Steel Bar
2023-04-06,673.9465792160622,105.7677744750914,321.1252584629009,993.306959074121,82.22430855175631,SUP005,PrimeSteel,MAT103,Steel Bar
2023-04-07,643.3557605650117,92.73023991110284,337.764649224761,981.8484656807699,80.67775209365999,SUP003,CoreSteel,MAT101,Steel Rod
2023-04-08,732.8466118199505,117.16657252904156,347.0116601070371,1017.2762712560515,83.24977070941434,SUP003,CoreSteel,MAT101,Steel Rod
2023-04-09,724.9873765245204,122.88329002107014,358.6642901413402,1115.019883074614,84.89845359667608,SUP002,BetaMetals,MAT102,Steel Plate
2023-04-10,675.533621944027,112.84481915846526,353.3139557214824,1056.7857259607208,82.65193142193655,SUP004,DeltaIron,MAT102,Steel Plate
2023-04-11,685.3819053781558,113.9181262764808,330.96807781768103,1103.9957756498839,81.24284242991158,SUP005,PrimeSteel,MAT104,Steel Sheet
2023-04-12,699.8998139512714,109.2141979784056,340.89788986721925,1077.9881383463144,82.70693359166503,SUP004,DeltaIron,MAT100,Steel Coil
2023-04-13,714.6652904468014,113.60680944575961,356.93794816910065,1012.8853450529994,82.28230268874759,SUP003,CoreSteel,MAT100,Steel Coil
2023-04-14,737.4177448389252,97.61284756689214,330.45464129364365,1011.0853240177987,82.96567454716718,SUP005,PrimeSteel,MAT103,Steel Bar
2023-04-15,723.531896233967,117.3070391014626,368.9064445233105,1075.7923694702001,84.54983901652571,SUP001,AlphaSteel,MAT104,Steel Sheet
2023-04-16,690.5532832565104,106.6637121003574,337.7269162306475,1191.48130313608,82.75706932294642,SUP005,PrimeSteel,MAT100,Steel Coil
2023-04-17,722.4913982888609,119.11860975821568,348.73961472357337,971.4944352811943,84.69493361856586,SUP002,BetaMetals,MAT102,Steel Plate
2023-04-18,687.280445598629,111.3319457950019,390.2744374056144,860.2574669021833,81.72815243912315,SUP001,AlphaSteel,MAT101,Steel Rod
2023-04-19,718.6760918341846,103.71376272644547,351.73679506105424,849.9800740465976,83.06109500691552,SUP003,CoreSteel,MAT103,Steel Bar
2023-04-20,679.7000152517978,122.66432250222789,366.5608850858735,965.0434449762993,83.74054003352758,SUP002,BetaMetals,MAT103,Steel Bar
2023-04-21,728.8510207771945,92.74810695533125,330.6035973346619,1058.5171154559064,83.27743641617921,SUP003,CoreSteel,MAT101,Steel Rod
2023-04-22,573.4365757593758,110.42216154788599,335.42710515359835,1043.6162895796888,83.10262667030405,SUP003,CoreSteel,MAT100,Steel Coil
2023-04-23,624.1277244629853,110.94572502138668,350.36134690306517,1124.946000289997,83.31493962455855,SUP001,AlphaSteel,MAT104,Steel Sheet
2023-04-24,689.4481099885263,94.34392730168973,357.14469702607175,1095.7884750172332,82.29373160589836,SUP004,DeltaIron,MAT102,Steel Plate
2023-04-25,766.1064087981194,105.20252138108745,408.810078516837,1064.133539434586,83.20442297534821,SUP002,BetaMetals,MAT102,Steel Plate
2023-04-26,685.123299744344,123.82711197561851,314.2657872216072,1104.1763816802545,83.03847192545147,SUP003,CoreSteel,MAT100,Steel Coil
2023-04-27,712.2438059938574,117.1678523568988,317.1952476973566,932.9653161970045,81.80228742611835,SUP005,PrimeSteel,MAT100,Steel Coil
2023-04-28,689.880100430073,123.31450688814627,367.4699699645804,1099.1146765553844,82.90046829021134,SUP005,PrimeSteel,MAT102,Steel Plate
2023-04-29,678.0262411261416,122.469833695312,345.05749532567205,1021.3640667851985,83.92802983949493,SUP002,BetaMetals,MAT100,Steel Coil
2023-04-30,777.3800106753416,94.33579755363604,358.8695481350964,956.3648144636769,82.83253303151808,SUP003,CoreSteel,MAT102,Steel Plate
2023-05-01,686.2770919928327,101.2192143931204,340.22180984712287,1121.0690047233982,82.477122337729,SUP005,PrimeSteel,MAT100,Steel Coil
2023-05-02,704.2429599766937,107.35683404610855,345.0545146063868,1127.97017222453,83.90540578825158,SUP005,PrimeSteel,MAT103,Steel Bar
2023-05-03,658.7925004020353,114.1704173786523,373.20388421536796,1081.3324165217891,83.28375003174335,SUP001,AlphaSteel,MAT104,Steel Sheet
2023-05-04,763.0296025610936,116.2875601017741,326.0088376597467,952.9554350560214,83.32137084186904,SUP005,PrimeSteel,MAT104,Steel Sheet
2023-05-05,651.0612214201752,117.93632776011655,339.09617216682574,1109.2492828373229,82.92211652277307,SUP003,CoreSteel,MAT104,Steel Sheet
2023-05-06,754.7390176293934,118.68908978478531,354.4425555804469,948.3955891647695,83.4056200028337,SUP001,AlphaSteel,MAT100,Steel Coil
2023-05-07,708.5920373028382,108.55237286100117,333.0745007985023,997.136964211312,84.99014812913067,SUP001,AlphaSteel,MAT101,Steel Rod
2023-05-08,776.4036837031496,106.15049018855021,356.20748483454094,911.715240802611,82.61143799834792,SUP004,DeltaIron,MAT102,Steel Plate
2023-05-09,766.4529998113749,106.45106116265619,327.0899449305818,971.4201144472943,82.7887117525306,SUP003,CoreSteel,MAT103,Steel Bar
2023-05-10,689.8694996822358,110.61625839467956,337.31345026768395,959.3484526360645,81.55818669237065,SUP004,DeltaIron,MAT103,Steel Bar
2023-05-11,695.6394657280524,113.40582383670629,350.36253849895445,1067.847673294892,84.05940626586302,SUP004,DeltaIron,MAT101,Steel Rod
2023-05-12,707.4446230997161,125.04319696931857,359.6908005129158,980.6248546161746,83.61285949774295,SUP005,PrimeSteel,MAT100,Steel Coil
2023-05-13,678.0088963442726,115.03477453781603,349.1527014666051,1045.54581362885,81.25676483935477,SUP003,CoreSteel,MAT101,Steel Rod
2023-05-14,722.9068000159768,95.01464770493934,372.8906798683573,899.8973007739529,83.87476316861398,SUP001,AlphaSteel,MAT100,Steel Coil
2023-05-15,670.4829395196751,114.57215491490177,361.6904476219748,1071.1656897986375,83.1121483202598,SUP005,PrimeSteel,MAT100,Steel Coil
2023-05-16,680.1497702396397,104.07800249891174,371.1598892382163,1024.446465426713,81.39879113363742,SUP001,AlphaSteel,MAT101,Steel Rod
2023-05-17,690.8047144423832,106.5907559583371,346.8203686682914,995.3378140656584,81.51648461107598,SUP001,AlphaSteel,MAT103,Steel Bar
2023-05-18,658.5963598070457,130.9035408694722,344.54470225532765,887.4796764863706,83.4256416097186,SUP004,DeltaIron,MAT101,Steel Rod
2023-05-19,640.9825416955753,123.72172521609629,349.04129830569764,946.2405470908566,82.82223557636344,SUP005,PrimeSteel,MAT101,Steel Rod
2023-05-20,723.7072773301423,94.63638822758179,354.5039343641991,943.8295165435637,82.89423334412295,SUP001,AlphaSteel,MAT103,Steel Bar
2023-05-21,668.4647896160247,121.88423784539313,351.33620746162194,965.9372775066954,84.71786793101614,SUP004,DeltaIron,MAT101,Steel Rod
2023-05-22,711.6274535907929,117.30262799884184,322.7206467585674,1048.1118730194019,83.2002543385741,SUP002,BetaMetals,MAT100,Steel Coil
2023-05-23,771.2957872847575,98.85148578848899,324.6716071781671,994.6923367792589,84.0590909743414,SUP002,BetaMetals,MAT103,Steel Bar
2023-05-24,653.3202062562725,112.59534748573454,361.4365331053928,961.993823822564,81.89002864001091,SUP002,BetaMetals,MAT101,Steel Rod
2023-05-25,631.099513747882,112.43757239147308,327.765774421977,937.5498088345985,83.52319300535741,SUP005,PrimeSteel,MAT100,Steel Coil
2023-05-26,703.7324791037124,102.05900102719158,338.8902050481488,961.2268322742732,81.80152446000383,SUP004,DeltaIron,MAT104,Steel Sheet
2023-05-27,779.6201961131962,99.99497607948861,362.4727721887869,1032.5010648085668,81.92999064649882,SUP005,PrimeSteel,MAT101,Steel Rod
2023-05-28,678.7817273426413,108.31967783004477,369.4198500191378,1163.972258327518,81.6865186486705,SUP002,BetaMetals,MAT104,Steel Sheet
2023-05-29,737.7346553676614,115.28802689202641,339.87441575233413,1019.8244485250323,82.13269910577569,SUP003,CoreSteel,MAT104,Steel Sheet
2023-05-30,724.1025911857555,112.3987298183815,321.40537720881815,908.6959997809037,83.81075423637957,SUP003,CoreSteel,MAT102,Steel Plate
2023-05-31,705.7391867801936,100.31945383069646,351.2981453871298,1015.2279420579326,82.49507283192895,SUP004,DeltaIron,MAT100,Steel Coil
2023-06-01,705.3155410275054,108.2553757905768,356.1953770083364,984.2105094803819,83.85703624196648,SUP001,AlphaSteel,MAT104,Steel Sheet
2023-06-02,710.1152577312351,106.8921806314767,330.625119140872,920.2253275979112,83.0252481338317,SUP002,BetaMetals,MAT101,Steel Rod
2023-06-03,744.5712267958344,103.38443988842467,353.8621806836707,959.4463458745573,83.79979049170024,SUP002,BetaMetals,MAT102,Steel Plate
2023-06-04,692.4580369849493,101.30871649705354,339.2705914699018,990.0970293451303,82.91682273551302,SUP002,BetaMetals,MAT100,Steel Coil
2023-06-05,680.2963542723986,114.21412511634429,366.6843725825516,1048.570091710607,83.02516195752534,SUP003,CoreSteel,MAT101,Steel Rod
2023-06-06,679.0923360764931,115.7351074614449,320.18650689499026,957.4546047739623,82.6499976471808,SUP001,AlphaSteel,MAT101,Steel Rod
2023-06-07,694.9047172637527,110.02475363489117,318.20205912042445,1095.5924597445276,82.80192979703767,SUP003,CoreSteel,MAT100,Steel Coil
2023-06-08,722.9245825223646,113.22102124974778,331.1886035163655,980.3072925894103,82.35909702952333,SUP003,CoreSteel,MAT101,Steel Rod
2023-06-09,704.7792755738807,103.12329829007392,305.2199726416163,870.7220272896495,81.19189560338125,SUP002,BetaMetals,MAT103,Steel Bar
2023-06-10,701.8530074401006,110.45445764588972,360.03734633357476,932.4062280649241,83.47051707345142,SUP005,PrimeSteel,MAT103,Steel Bar
2023-06-11,736.95340413356,119.4247057364341,328.61629591497893,844.3492364686796,84.20431881901071,SUP004,DeltaIron,MAT102,Steel Plate
2023-06-12,710.6958996093381,120.61458088234558,314.4855565724479,939.7464479378978,80.48740897775606,SUP001,AlphaSteel,MAT102,Steel Plate
2023-06-13,697.5919299578277,115.66042914045224,366.51466706235345,980.0501270375471,84.4004922790184,SUP003,CoreSteel,MAT102,Steel Plate
2023-06-14,697.3081335638966,128.5037722392675,337.14981603323,1042.2639612729529,83.84504940815528,SUP002,BetaMetals,MAT103,Steel Bar
2023-06-15,702.1325962031561,114.34359838665385,350.8002718004819,1032.7935434111846,82.58328157101637,SUP005,PrimeSteel,MAT104,Steel Sheet
2023-06-16,727.052151002129,126.51479342196353,356.2688261922304,949.3227900830692,81.96369630153828,SUP005,PrimeSteel,MAT101,Steel Rod
2023-06-17,746.9176472723577,102.22607686354925,375.3999153951255,1046.228062838069,83.28579543636168,SUP002,BetaMetals,MAT101,Steel Rod
2023-06-18,623.7802099414736,113.66914005538827,356.259088389063,1107.2763420789297,82.80751336410836,SUP004,DeltaIron,MAT101,Steel Rod
2023-06-19,709.618898791014,118.77696537131958,320.8189579770659,932.073458195541,83.73667009136355,SUP002,BetaMetals,MAT102,Steel Plate
2023-06-20,741.4708556888627,96.47174681047811,352.45054501915786,1187.3591505877007,82.85421175564939,SUP003,CoreSteel,MAT104,Steel Sheet
2023-06-21,672.3316178904385,118.86821768016483,332.6451621154572,965.6119773416788,82.27189446577651,SUP001,AlphaSteel,MAT100,Steel Coil
2023-06-22,747.1176938746906,107.02341653707228,356.40230663953497,1048.0557726459256,83.57852770563323,SUP005,PrimeSteel,MAT100,Steel Coil
2023-06-23,686.2744769375713,124.56911432085172,365.36457733306054,883.8459290614292,83.37007718030328,SUP002,BetaMetals,MAT104,Steel Sheet
2023-06-24,717.168852674453,100.08358785400051,306.3504749011445,1012.2787757492888,81.4601629075741,SUP001,AlphaSteel,MAT104,Steel Sheet
2023-06-25,701.9088542683699,120.86321854001005,385.62758269960244,965.4170401997252,81.25512571159923,SUP003,CoreSteel,MAT102,Steel Plate
2023-06-26,643.6229335453703,105.24385965908897,360.3919419352691,966.4281229410228,82.52104422904085,SUP004,DeltaIron,MAT101,Steel Rod
2023-06-27,634.6772684398076,110.81776429949925,327.0463773305907,886.6561550964645,81.71738695034051,SUP003,CoreSteel,MAT103,Steel Bar
2023-06-28,796.1881569957216,103.27035400357445,390.29772804438085,1058.317788045469,84.1664438298558,SUP001,AlphaSteel,MAT100,Steel Coil
2023-06-29,684.1709051265212,132.6945935074027,391.47625919387656,1005.406809701893,82.6270005404956,SUP002,BetaMetals,MAT101,Steel Rod
2023-06-30,656.1341579941952,108.97877386209264,320.920019904684,1001.8707503449316,84.04746332797063,SUP003,CoreSteel,MAT101,Steel Rod
2023-07-01,687.2537059494762,120.89723065744609,347.4410089349984,921.9661284512766,82.64170286611449,SUP004,DeltaIron,MAT103,Steel Bar
2023-07-02,766.0309862853152,107.82040734957735,346.994294499194,897.0391450259331,83.507649711607,SUP003,CoreSteel,MAT102,Steel Plate
2023-07-03,732.4533979807164,106.32173128602935,371.58087635953973,942.2349701098215,83.79022972669381,SUP002,BetaMetals,MAT104,Steel Sheet
2023-07-04,744.9975259471795,108.69299245255412,328.2141216082769,923.5032419710417,82.59721718217615,SUP002,BetaMetals,MAT102,Steel Plate
2023-07-05,629.5964699205077,106.91823001843024,329.2681077019811,989.0294763609572,82.31974046108733,SUP004,DeltaIron,MAT104,Steel Sheet
2023-07-06,725.8917912466108,109.39631897616276,350.7218216254964,1074.4145629193822,84.06030698247872,SUP004,DeltaIron,MAT100,Steel Coil
2023-07-07,629.3256146010075,107.71664780383904,328.4570623497282,1144.2883500775313,84.75294843619541,SUP004,DeltaIron,MAT104,Steel Sheet
2023-07-08,719.5169583972154,118.38951991551879,354.1072021973676,832.340122412718,82.84873343409106,SUP001,AlphaSteel,MAT100,Steel Coil
2023-07-09,699.3148585633688,117.17518434234697,336.3289948046294,1066.1225210417206,84.19917451924366,SUP005,PrimeSteel,MAT104,Steel Sheet
2023-07-10,732.173730846007,104.45187721106583,343.96218716347187,1075.0491304442369,83.10509300305671,SUP003,CoreSteel,MAT101,Steel Rod
2023-07-11,668.0757741867282,99.9669964433995,333.9601519011365,1014.3146437150594,82.4876161496715,SUP004,DeltaIron,MAT102,Steel Plate
2023-07-12,666.45280406562,107.21043668504534,347.561682743521,991.117490944685,82.98365750296539,SUP004,DeltaIron,MAT100,Steel Coil
2023-07-13,636.243281381136,133.14983015742644,384.54146111633605,1055.1420860427008,83.08510436796475,SUP001,AlphaSteel,MAT100,Steel Coil
2023-07-14,684.0189632188482,127.24451281320708,352.76741997308966,1172.6784140827592,82.73232093814083,SUP002,BetaMetals,MAT102,Steel Plate
2023-07-15,705.0612031096941,111.37308429477737,337.1676876843607,950.2997556147069,84.03820684390523,SUP003,CoreSteel,MAT103,Steel Bar
2023-07-16,697.4656998751288,96.93383737963387,361.927020065091,948.1114182118778,82.8606355911743,SUP001,AlphaSteel,MAT104,Steel Sheet
2023-07-17,712.7208848222066,118.94527400452705,393.7177167650336,1033.7740529795537,83.74725937323481,SUP001,AlphaSteel,MAT103,Steel Bar
2023-07-18,713.807393091745,122.32435868571758,348.12911775016653,1084.6116646952391,82.29392808706399,SUP005,PrimeSteel,MAT103,Steel Bar
2023-07-19,751.9340434127774,124.08320667603375,321.92870149198825,962.5343197401713,81.76731145473953,SUP001,AlphaSteel,MAT104,Steel Sheet
2023-07-20,690.1300055140435,99.4437125579813,361.72426492014654,1094.9272860718543,84.74272817023093,SUP005,PrimeSteel,MAT102,Steel Plate
2023-07-21,673.3937696299363,98.15337022392426,364.9316698038633,1012.4842223299968,84.7692413337638,SUP001,AlphaSteel,MAT100,Steel Coil
2023-07-22,655.3857795832075,127.0529421772335,318.59719250504605,991.2783565069872,83.22965642324816,SUP005,PrimeSteel,MAT103,Steel Bar
2023-07-23,696.082151189557,102.78680485031637,339.3040299752192,899.4443516131531,81.81794337369746,SUP002,BetaMetals,MAT101,Steel Rod
2023-07-24,682.8398677742525,122.36233479291171,342.87342415406556,999.7977509195836,84.27983237233904,SUP003,CoreSteel,MAT100,Steel Coil
2023-07-25,713.1938925378447,114.25245904855606,353.82780272074785,1042.25284980034,82.51368345336112,SUP003,CoreSteel,MAT103,Steel Bar
2023-07-26,749.6150525210763,99.68414514917953,344.7779081408367,1178.111128084751,83.15222096230274,SUP001,AlphaSteel,MAT104,Steel Sheet
2023-07-27,712.5601964964249,127.60173672018148,389.05643149483444,938.577712847317,85.13920527970289,SUP004,DeltaIron,MAT104,Steel Sheet
2023-07-28,733.5190052500213,101.14906771253251,368.261739001219,999.0353082839356,82.79963237318323,SUP005,PrimeSteel,MAT100,Steel Coil
2023-07-29,688.0764211341595,114.07727594197092,389.7623645123769,958.9020008996134,83.24844169370924,SUP001,AlphaSteel,MAT103,Steel Bar
2023-07-30,738.8360340828507,105.76596007671198,376.8625869338499,1032.4837125143492,81.64136605937799,SUP004,DeltaIron,MAT103,Steel Bar
2023-07-31,657.05727470215,121.99115678483454,346.7664752389999,916.2360550092296,81.96077157434114,SUP002,BetaMetals,MAT101,Steel Rod
2023-08-01,727.6065660610777,97.8243544485213,338.67226327044176,949.4841793225073,83.74965539757358,SUP005,PrimeSteel,MAT102,Steel Plate
2023-08-02,734.9102141622326,122.77362981344743,357.5264332203066,1156.8927021268164,83.20207778989945,SUP004,DeltaIron,MAT102,Steel Plate
2023-08-03,682.71572163533,113.6052518592232,357.28682520207104,1068.1863574121096,82.60387307918813,SUP002,BetaMetals,MAT103,Steel Bar
2023-08-04,633.1859194309864,117.2745591255858,346.92455632411543,994.0999106920594,82.84072546247225,SUP001,AlphaSteel,MAT100,Steel Coil
2023-08-05,648.3678835797851,94.32667279212002,354.66511171634545,1001.6889378085325,82.5693745836794,SUP002,BetaMetals,MAT101,Steel Rod
2023-08-06,650.3913690700323,91.33740440170389,358.41955715890066,892.865599612561,82.54109475765719,SUP005,PrimeSteel,MAT102,Steel Plate
2023-08-07,653.0823965980605,115.24170313995027,361.3606291840199,973.4526486949957,83.03000753870029,SUP001,AlphaSteel,MAT101,Steel Rod
2023-08-08,639.2280673606922,107.92187887507389,366.0774213512616,953.5840362550524,82.44443597906,SUP004,DeltaIron,MAT101,Steel Rod
2023-08-09,665.9123444390844,118.76655106609536,367.93677003569655,898.0141704537779,83.20111598404782,SUP004,DeltaIron,MAT100,Steel Coil
2023-08-10,689.2468028141957,103.5498046532117,350.2440010969462,965.5206805103974,83.7325625439851,SUP005,PrimeSteel,MAT100,Steel Coil
2023-08-11,649.0981492317889,114.74093515828426,366.53774766423834,909.0249977920417,81.33465119409976,SUP002,BetaMetals,MAT100,Steel Coil
2023-08-12,705.9037371658543,120.10936708883035,359.56534899901914,980.0900123763599,82.40853440998131,SUP003,CoreSteel,MAT103,Steel Bar
2023-08-13,719.8825548654644,126.64311035342988,350.2265943720749,1010.4543484530811,82.96666873531566,SUP005,PrimeSteel,MAT100,Steel Coil
2023-08-14,767.8499741543794,107.35786117056075,289.8539267092827,983.2759128473272,82.93788579086953,SUP005,PrimeSteel,MAT103,Steel Bar
2023-08-15,732.5733815656337,103.68264725652918,328.79276466731824,991.9430526184112,83.34362592835441,SUP001,AlphaSteel,MAT104,Steel Sheet
2023-08-16,806.835918180234,96.4243132999539,322.001510800979,1001.3677893005578,82.85155600765002,SUP005,PrimeSteel,MAT104,Steel Sheet
2023-08-17,647.4427303628327,100.99495273774295,319.2831715624832,931.0379673587555,84.83690901018984,SUP002,BetaMetals,MAT101,Steel Rod
2023-08-18,675.4384195721909,99.0802539232556,337.9113916981845,1187.1670202508512,83.23938892994951,SUP003,CoreSteel,MAT103,Steel Bar
2023-08-19,687.1615918925135,118.70021854285085,343.0152684956431,1048.0635925762085,84.01151248159258,SUP005,PrimeSteel,MAT102,Steel Plate
2023-08-20,677.6749995432614,109.96247950369148,338.86952721662027,992.3020514232928,84.4117386358373,SUP003,CoreSteel,MAT103,Steel Bar
2023-08-21,658.8009932841027,108.9119845577145,363.2812899286754,1026.5548390082204,80.92174591868081,SUP001,AlphaSteel,MAT101,Steel Rod
2023-08-22,778.2970764840647,102.00391365200731,374.6536204155462,897.4041580856904,83.91090569261831,SUP003,CoreSteel,MAT103,Steel Bar
2023-08-23,749.2034467906905,111.90332544213491,364.15693083840887,983.293391901293,83.00791730309082,SUP002,BetaMetals,MAT103,Steel Bar
2023-08-24,809.7291369259997,105.84226955236895,358.72200158810716,972.1521077252711,81.58237262700541,SUP001,AlphaSteel,MAT101,Steel Rod
2023-08-25,754.2080072221701,98.92956348898284,336.03681708071935,984.9871567993011,82.78449283645688,SUP005,PrimeSteel,MAT101,Steel Rod
2023-08-26,725.4274496372267,124.29491695577636,347.83575376060105,910.9964665199891,82.29738120769667,SUP001,AlphaSteel,MAT100,Steel Coil
2023-08-27,743.9826563475248,125.15639548444231,380.4207250660342,1022.7698748613285,82.90797963167302,SUP002,BetaMetals,MAT104,Steel Sheet
2023-08-28,642.9329611864072,102.47366183536671,371.24766684213307,815.022269706018,83.89512793380698,SUP001,AlphaSteel,MAT100,Steel Coil
2023-08-29,702.9379856861106,110.9846885442279,343.7884644209491,966.8308135348489,82.7114427355942,SUP001,AlphaSteel,MAT101,Steel Rod
2023-08-30,642.7836034443628,107.04312428710315,347.9051759007425,982.0387722337719,84.68531480951359,SUP001,AlphaSteel,MAT103,Steel Bar
2023-08-31,658.1047017134481,98.5666384558419,332.24868963646907,856.2575965853039,83.41178381154283,SUP001,AlphaSteel,MAT102,Steel Plate
2023-09-01,730.5749063820077,112.04639801816097,356.57628515354054,992.5345671464141,83.79589607855864,SUP002,BetaMetals,MAT103,Steel Bar
2023-09-02,744.4406191565579,102.01305631684443,354.62955103306007,946.0895184502542,83.56732176327459,SUP005,PrimeSteel,MAT104,Steel Sheet
2023-09-03,685.2741255917741,118.96349522513924,375.76693910570896,951.1514300928932,83.3418049915314,SUP003,CoreSteel,MAT102,Steel Plate
2023-09-04,693.5987112840102,120.85364919235874,312.84803148094977,1109.879734055104,82.29232558823644,SUP001,AlphaSteel,MAT104,Steel Sheet
2023-09-05,699.4765166097753,96.71447659622926,337.34943671534734,1098.1070582828877,83.2043030148504,SUP004,DeltaIron,MAT102,Steel Plate
2023-09-06,768.4968214740317,109.46938438828366,348.7956982930788,1036.8657427557396,82.79758670320304,SUP001,AlphaSteel,MAT102,Steel Plate
2023-09-07,637.1270543695656,119.42017981977325,324.3248916441312,932.6853311984997,83.71930363382671,SUP002,BetaMetals,MAT100,Steel Coil
2023-09-08,694.9635530726808,120.26045661904357,374.02945381036955,1150.5797005578079,83.17132639014403,SUP002,BetaMetals,MAT100,Steel Coil
2023-09-09,671.6339430101739,96.38180557561287,353.8597905433543,941.0213734174145,84.89724855985047,SUP005,PrimeSteel,MAT103,Steel Bar
2023-09-10,654.1226671055026,122.99726598558189,321.3489153027268,1122.87786645297,83.6432562351919,SUP001,AlphaSteel,MAT100,Steel Coil
2023-09-11,674.3358759852731,113.07957953765973,310.3704849183647,905.4561638766027,84.6861807372146,SUP001,AlphaSteel,MAT101,Steel Rod
2023-09-12,626.4095742950301,95.97312771032638,358.6312729399737,968.3160791066717,81.21420226187873,SUP001,AlphaSteel,MAT104,Steel Sheet
2023-09-13,735.1592293336099,115.46244762683028,375.8167687685375,1054.0128325490314,83.46498178760064,SUP003,CoreSteel,MAT104,Steel Sheet
2023-09-14,658.812375479602,106.52627302359188,364.3976159167975,1058.385598600157,83.1822176529177,SUP004,DeltaIron,MAT100,Steel Coil
2023-09-15,667.121835276145,106.67671343144579,317.60534967972717,983.824461361433,80.42311458902026,SUP002,BetaMetals,MAT104,Steel Sheet
2023-09-16,738.0433129855978,98.430363434387,324.1476984488236,859.6977534621992,82.78892893316566,SUP002,BetaMetals,MAT102,Steel Plate
2023-09-17,667.1119373281493,112.07327661591275,322.55783169067405,1105.5420401214774,82.30527822626603,SUP003,CoreSteel,MAT103,Steel Bar
2023-09-18,687.39335441789,110.57353894581279,329.8404914561023,927.0547662888343,82.37798239361945,SUP001,AlphaSteel,MAT101,Steel Rod
2023-09-19,702.4269006562268,117.26528209419199,336.12543605701075,1045.0279627749608,82.83734324265528,SUP004,DeltaIron,MAT103,Steel Bar
2023-09-20,664.8344082150404,109.52008120335843,345.5919544816043,1010.7574764121816,82.55041707310649,SUP001,AlphaSteel,MAT103,Steel Bar
2023-09-21,732.6972277840595,87.68158902476141,324.2419885092132,1097.2802962555202,83.50311388627668,SUP002,BetaMetals,MAT100,Steel Coil
2023-09-22,711.6274517531452,122.99417377460063,353.3883406363177,897.8841509159288,82.08984591580966,SUP004,DeltaIron,MAT100,Steel Coil
2023-09-23,767.3936402015543,122.27496153920231,328.0185616798839,1045.509317168462,82.43300710361358,SUP004,DeltaIron,MAT103,Steel Bar
2023-09-24,738.3750134168395,107.84653696374785,344.04046377940176,1016.2489518329551,83.2469047839808,SUP002,BetaMetals,MAT101,Steel Rod
2023-09-25,798.4221758552873,110.0069307388404,366.0001646373517,982.7535396000535,81.19907600558624,SUP001,AlphaSteel,MAT103,Steel Bar
2023-09-26,650.3810844357714,127.47876888590017,358.703764773224,1170.9768967626048,82.90474499207056,SUP003,CoreSteel,MAT104,Steel Sheet
2023-09-27,667.3698718748847,113.08498808984197,391.311551897774,1198.1261821380772,82.06354687400498,SUP004,DeltaIron,MAT104,Steel Sheet
2023-09-28,698.2919939556133,120.83077612724976,353.5859068691067,1066.2717167136168,82.42481884416401,SUP001,AlphaSteel,MAT102,Steel Plate
2023-09-29,720.6413960338128,125.7292349622704,340.6740402748122,982.240468323859,83.37406881448584,SUP004,DeltaIron,MAT100,Steel Coil
2023-09-30,631.0248721832887,121.63710388923886,355.5412008901489,808.5740899602281,83.80158590081692,SUP003,CoreSteel,MAT103,Steel Bar
2023-10-01,687.2387593146439,107.38655936049311,376.8353876419156,1009.2615306746677,82.35497061712177,SUP002,BetaMetals,MAT104,Steel Sheet
2023-10-02,681.3857929156011,103.17379125744549,345.1921951808046,920.4634707255428,83.62007046954517,SUP005,PrimeSteel,MAT100,Steel Coil
2023-10-03,769.079770095916,112.2299775558711,337.53710492638805,928.0512287023012,82.40923527520684,SUP003,CoreSteel,MAT102,Steel Plate
2023-10-04,709.07892820432,133.45712016735087,333.36645554733633,1218.4580755231307,84.82409353501839,SUP001,AlphaSteel,MAT101,Steel Rod
2023-10-05,719.085260619193,109.71800146995217,365.64414599405245,1047.171685101846,83.4127371919854,SUP001,AlphaSteel,MAT103,Steel Bar
2023-10-06,662.5197718272201,105.84247621038237,374.87211979749316,1031.3335668414907,81.81777827383083,SUP002,BetaMetals,MAT101,Steel Rod
2023-10-07,666.1164663278971,110.68136680026693,367.1488643834727,972.9117216931654,83.30185876027024,SUP001,AlphaSteel,MAT104,Steel Sheet
2023-10-08,712.3628619455816,95.0119798743316,351.4447726870407,936.4943697278334,81.80336133969591,SUP002,BetaMetals,MAT102,Steel Plate
2023-10-09,727.6148357321817,105.78375676824392,371.3763042364878,1119.1556769703548,84.85346306927019,SUP004,DeltaIron,MAT102,Steel Plate
2023-10-10,711.6535444198938,106.24894889925966,354.3249929043145,765.3854979281444,82.20398984457712,SUP002,BetaMetals,MAT103,Steel Bar
2023-10-11,680.4182986831153,109.56277227217878,337.59739167182283,980.4120491502644,81.12645171669867,SUP005,PrimeSteel,MAT104,Steel Sheet
2023-10-12,678.9691454519414,119.32260997677626,410.0540521045052,959.6540302636357,83.31151433917735,SUP001,AlphaSteel,MAT103,Steel Bar
2023-10-13,736.6957610479462,109.38835156865774,353.01421841694923,1013.206787724551,82.30380223822553,SUP003,CoreSteel,MAT102,Steel Plate
2023-10-14,724.79484756876,101.55357341507761,331.4369991752847,846.0710537863607,84.6462242469855,SUP005,PrimeSteel,MAT102,Steel Plate
2023-10-15,766.8795206244772,99.91922149290716,327.84640949798296,979.9776664527087,83.68050244670638,SUP003,CoreSteel,MAT101,Steel Rod
2023-10-16,654.841326472002,118.75981770054433,311.62894291193584,941.6384769909455,84.6035630632668,SUP001,AlphaSteel,MAT104,Steel Sheet
2023-10-17,781.6669288393502,91.28942501074874,367.6334247177065,806.7991389526082,82.6235672098993,SUP005,PrimeSteel,MAT104,Steel Sheet
2023-10-18,695.9423179418508,94.7698905515057,391.0680673437619,953.2768558865287,84.35073753819523,SUP001,AlphaSteel,MAT104,Steel Sheet
2023-10-19,743.7806003808241,123.88778887789769,346.91387336493483,1071.7532366936446,82.67249438570855,SUP002,BetaMetals,MAT103,Steel Bar
2023-10-20,652.8799800301867,111.64411772759578,390.81567703417704,1033.514983685458,83.15676986462691,SUP002,BetaMetals,MAT101,Steel Rod
2023-10-21,738.8950991543878,102.5782780014473,325.116402092981,1035.5286017963506,82.18302043885966,SUP004,DeltaIron,MAT100,Steel Coil
2023-10-22,738.3268798338803,103.26530378918898,344.27919017461824,883.463289305756,84.97324967316005,SUP003,CoreSteel,MAT101,Steel Rod
2023-10-23,732.1992747001487,124.68135787919458,340.7524307008718,1027.7512695186806,82.76587136205342,SUP004,DeltaIron,MAT103,Steel Bar
2023-10-24,698.2659226644356,104.86074743559082,340.72908670051856,1144.8122114176883,83.04564914376698,SUP005,PrimeSteel,MAT104,Steel Sheet
2023-10-25,790.785694679147,117.41405872959749,326.38059037749355,942.0342545796844,84.08890575675922,SUP002,BetaMetals,MAT101,Steel Rod
2023-10-26,786.0090610578163,112.56411380964755,308.27718553605234,858.2274172215987,83.36282592592896,SUP002,BetaMetals,MAT101,Steel Rod
2023-10-27,684.4622809691749,122.55749472657901,336.9915132539477,997.7386086695061,84.12267318463336,SUP001,AlphaSteel,MAT100,Steel Coil
2023-10-28,755.4540159939957,110.04120673751805,355.87482027373306,959.7487027915346,83.94762466710303,SUP002,BetaMetals,MAT102,Steel Plate
2023-10-29,709.5052222136478,122.885698959795,352.66603802504284,891.9684723956094,83.78169438069486,SUP004,DeltaIron,MAT100,Steel Coil
2023-10-30,715.2580267909185,103.34141193264311,362.4384905358208,1005.1558396170858,82.87354055626886,SUP004,DeltaIron,MAT104,Steel Sheet
2023-10-31,667.8208129905789,124.38297263272646,340.8073732413185,871.9071563849877,82.44713564836948,SUP005,PrimeSteel,MAT104,Steel Sheet
2023-11-01,657.2138969900167,111.21257022535022,325.451906967931,933.5201583830549,83.10032067512536,SUP003,CoreSteel,MAT104,Steel Sheet
2023-11-02,763.3192349286926,113.29151155420587,399.54214079883553,902.9026882035489,82.77867254076557,SUP004,DeltaIron,MAT100,Steel Coil
2023-11-03,694.5205718846928,124.27565181185146,314.0089437911543,1005.7646431329051,80.67408371040953,SUP003,CoreSteel,MAT103,Steel Bar
2023-11-04,711.0177040645955,86.12973964257796,345.36842854144675,992.1977910215777,84.7637638580127,SUP004,DeltaIron,MAT100,Steel Coil
2023-11-05,750.4506467529227,106.48269232943484,329.39510861523223,903.1216882237687,78.95122852267637,SUP004,DeltaIron,MAT102,Steel Plate
2023-11-06,690.4685734628387,118.36460180289758,351.07125654928655,1156.0800370507777,83.18908376141877,SUP002,BetaMetals,MAT100,Steel Coil
2023-11-07,791.1088861501253,116.50143277388935,358.528900222786,930.4836244482972,83.40490333189716,SUP003,CoreSteel,MAT100,Steel Coil
2023-11-08,662.6715046935532,107.89148743495488,312.40565132211736,1026.4089587953006,83.39483093006221,SUP002,BetaMetals,MAT104,Steel Sheet
2023-11-09,739.5169629633089,104.50085598291882,329.4460646415863,985.3038300906435,81.87620650625374,SUP003,CoreSteel,MAT102,Steel Plate
2023-11-10,726.1623271125778,110.87487063032309,344.96275860185267,958.4481520148037,82.81679557439226,SUP005,PrimeSteel,MAT104,Steel Sheet
2023-11-11,789.9345715829115,114.74371000962577,343.85116445173014,1129.3887322918993,82.35255525772544,SUP003,CoreSteel,MAT104,Steel Sheet
2023-11-12,675.7977761951006,105.22435296111405,363.9100155321315,885.4914153210611,83.21253836052485,SUP001,AlphaSteel,MAT102,Steel Plate
2023-11-13,687.9656092901533,108.75353428698546,351.72956590500115,1051.7078300270298,82.68531824754817,SUP001,AlphaSteel,MAT100,Steel Coil
2023-11-14,727.5991134679388,111.25119497460392,407.6812960102858,1078.630245233186,82.26931400755286,SUP005,PrimeSteel,MAT100,Steel Coil
2023-11-15,629.3302140913271,97.08926882930258,352.06973459058514,1139.0016118563208,84.23631377244821,SUP002,BetaMetals,MAT103,Steel Bar
2023-11-16,695.1034650206832,115.01223520676639,336.6154216748251,1021.9612396358854,81.3587107820209,SUP004,DeltaIron,MAT102,Steel Plate
2023-11-17,721.5598029429101,100.19523040013844,305.6670717797252,1008.6184214824563,82.57148266808302,SUP001,AlphaSteel,MAT103,Steel Bar
2023-11-18,732.6766851636866,123.05172132899118,366.12010754466985,1044.4017537732914,83.50186384238448,SUP005,PrimeSteel,MAT100,Steel Coil
2023-11-19,634.420432471258,107.15346436105096,336.10832642080305,971.8967200548032,81.26493790417035,SUP002,BetaMetals,MAT102,Steel Plate
2023-11-20,748.3629298944288,106.95639383175137,360.6798204176621,992.9996098743546,83.51752370293977,SUP005,PrimeSteel,MAT100,Steel Coil
2023-11-21,659.1806633890203,103.86313674199423,389.55019672201234,1050.0684293358127,80.04831035571887,SUP005,PrimeSteel,MAT104,Steel Sheet
2023-11-22,695.0414983558477,113.12215934240758,346.18654841072794,897.936350036061,84.4436042768649,SUP001,AlphaSteel,MAT102,Steel Plate
2023-11-23,713.0700319367689,99.67455536565,346.4098736163258,1006.0592391312707,83.86315736558366,SUP001,AlphaSteel,MAT100,Steel Coil
2023-11-24,681.3687834194208,119.30550651657347,338.646672161736,919.4745112580244,84.95886989446807,SUP004,DeltaIron,MAT100,Steel Coil
2023-11-25,779.6697013576279,124.01835338312846,365.414647061244,922.3878828866416,83.29485972048559,SUP001,AlphaSteel,MAT102,Steel Plate
2023-11-26,665.8977826041684,105.8188662473153,361.87911872776675,878.2526009165642,83.88140089769257,SUP005,PrimeSteel,MAT103,Steel Bar
2023-11-27,727.493008475115,106.44227739676673,333.40406752352413,1060.805004523613,84.03221849910574,SUP002,BetaMetals,MAT101,Steel Rod
2023-11-28,702.9346470682688,119.6465523568997,341.66313268606064,987.6160850553792,80.20677696888977,SUP004,DeltaIron,MAT104,Steel Sheet
2023-11-29,612.9527764000354,121.340907280186,336.0280502420575,862.5783720576271,84.90659945695944,SUP004,DeltaIron,MAT103,Steel Bar
2023-11-30,730.6325538673007,113.95196767978766,334.2910551683519,990.799007805376,84.70495027117357,SUP005,PrimeSteel,MAT103,Steel Bar
2023-12-01,700.1508009183467,106.00862366555181,337.1087320620142,965.147998277783,84.38039549545286,SUP001,AlphaSteel,MAT100,Steel Coil
2023-12-02,684.934848400394,115.19401145106114,368.2090241945288,983.9348641080263,81.8951928852286,SUP001,AlphaSteel,MAT104,Steel Sheet
2023-12-03,663.7362760831853,117.59652568518442,356.05397265623714,962.6863782668253,85.65735393247805,SUP003,CoreSteel,MAT102,Steel Plate
2023-12-04,673.7166894029183,102.94964326516751,353.04677983706836,858.5464170410478,83.08050228273883,SUP002,BetaMetals,MAT104,Steel Sheet
2023-12-05,684.8217724643334,120.12869905319548,357.8827951869065,1008.6367446162681,82.66856052421502,SUP001,AlphaSteel,MAT103,Steel Bar
2023-12-06,723.0351637734792,134.7539555486211,340.80392570400505,932.2802993268836,84.47127189711843,SUP004,DeltaIron,MAT104,Steel Sheet
2023-12-07,689.5121179807953,118.12621239385365,349.55021700103896,1025.8095830255638,82.78567166437136,SUP002,BetaMetals,MAT104,Steel Sheet
2023-12-08,746.7111492123072,107.29973607423959,352.4596193122263,1074.5906743749197,83.51546689732031,SUP001,AlphaSteel,MAT101,Steel Rod
2023-12-09,824.4342385037244,123.52173800175805,343.4012649112297,1048.8448245804498,84.06571149848932,SUP002,BetaMetals,MAT101,Steel Rod
2023-12-10,650.0535866586125,134.47268806972616,339.2296918095991,932.7784605487587,81.9219311289293,SUP004,DeltaIron,MAT100,Steel Coil
2023-12-11,604.7647157148865,112.66565979847837,335.8822156516084,1010.73327730234,83.12687494399019,SUP004,DeltaIron,MAT101,Steel Rod
2023-12-12,731.5565774918717,116.47737381326843,377.7672775032681,1013.7086552555367,83.15944205347814,SUP002,BetaMetals,MAT103,Steel Bar
2023-12-13,653.4999192483203,111.40067928374144,350.816137732059,958.677123112635,82.06828994604825,SUP005,PrimeSteel,MAT100,Steel Coil
2023-12-14,693.4038856291761,123.81544637286241,354.97998837498994,810.9502045654871,81.8831707647915,SUP004,DeltaIron,MAT101,Steel Rod
2023-12-15,742.6340326332012,110.59618710778543,326.1458607217053,927.861804406283,83.06665409150222,SUP001,AlphaSteel,MAT102,Steel Plate
2023-12-16,712.2790737647663,98.9977685819977,379.2695365370293,780.9129537127711,81.59375845834728,SUP001,AlphaSteel,MAT103,Steel Bar
2023-12-17,752.9977339195567,108.51458976718467,361.4040502453613,964.3896557508325,82.17074206781093,SUP003,CoreSteel,MAT101,Steel Rod
2023-12-18,782.3389779339234,103.59676567075593,370.7638041689957,1019.8939977048326,83.94243972811583,SUP003,CoreSteel,MAT102,Steel Plate
2023-12-19,722.3935135965879,105.61960657571707,358.4473375773349,1019.9989278680067,84.70025438998535,SUP003,CoreSteel,MAT100,Steel Coil
2023-12-20,759.9187698630383,116.86573285022698,349.172390821166,1058.4514377562243,82.81428669627479,SUP003,CoreSteel,MAT100,Steel Coil
2023-12-21,674.288021010037,110.65394504457079,350.34526775678415,1087.3019733445474,83.66241521080119,SUP005,PrimeSteel,MAT101,Steel Rod
2023-12-22,700.860469304617,108.79311773572225,352.7471244577568,949.8283707895681,82.23819592453165,SUP001,AlphaSteel,MAT103,Steel Bar
2023-12-23,713.0385574114545,115.4023891625223,331.31509199546235,1066.4340636371853,83.2650979042059,SUP005,PrimeSteel,MAT103,Steel Bar
2023-12-24,622.5574005056156,118.89266166312743,369.074723093447,990.1593165976642,84.92628134150935,SUP002,BetaMetals,MAT104,Steel Sheet
2023-12-25,763.7435772081127,103.5423486173553,342.48008492891074,1093.0725016796919,83.90525600258215,SUP001,AlphaSteel,MAT103,Steel Bar
2023-12-26,661.1408117230811,105.22846378018716,334.0475902513341,994.2121884726637,81.29266106116549,SUP005,PrimeSteel,MAT101,Steel Rod
2023-12-27,639.5830014660656,101.67182130536092,325.8649249013263,880.4151216727182,82.1788270464875,SUP004,DeltaIron,MAT102,Steel Plate
2023-12-28,702.0224742940003,101.57192720219801,311.882280594637,1061.7986770321704,82.53839952235671,SUP001,AlphaSteel,MAT100,Steel Coil
2023-12-29,663.9370167272159,105.15276954386073,354.4917333122978,900.4576227803716,81.60988830020547,SUP001,AlphaSteel,MAT102,Steel Plate
2023-12-30,673.5962993485281,122.46750552236082,337.75197117001903,1126.9059147520188,81.69606613915842,SUP001,AlphaSteel,MAT101,Steel Rod
2023-12-31,768.6122822979886,108.43219707465445,364.6266472167998,897.3670268582005,82.93561505035214,SUP002,BetaMetals,MAT101,Steel Rod
2024-01-01,649.8757717086149,125.03938769234612,365.51855252350344,1023.2866511798348,81.37503248423323,SUP002,BetaMetals,MAT101,Steel Rod
2024-01-02,729.512704048323,112.96157374312489,331.2074779011968,997.9287291353709,82.34041289122356,SUP003,CoreSteel,MAT101,Steel Rod
2024-01-03,747.1151893476793,104.72885046692554,325.83561812310796,1070.6631674591356,82.41190207571091,SUP003,CoreSteel,MAT101,Steel Rod
2024-01-04,734.7709084363399,92.85240870065374,349.5838186280814,1038.2406085696668,83.6431620649702,SUP004,DeltaIron,MAT102,Steel Plate
2024-01-05,713.0227255433274,100.51645325947187,371.2722252443521,975.9960687920884,81.2264130695907,SUP002,BetaMetals,MAT104,Steel Sheet
2024-01-06,644.8501903194333,105.18589686966989,350.2515236284096,1083.8342418668417,84.41332139676892,SUP005,PrimeSteel,MAT103,Steel Bar
2024-01-07,691.0290706085397,91.70148130339749,347.40243496300826,971.4506759588603,82.93973203040812,SUP003,CoreSteel,MAT104,Steel Sheet
2024-01-08,713.7547490584279,102.83355426891764,361.2204466082633,1004.7543294708714,81.84986761745274,SUP001,AlphaSteel,MAT103,Steel Bar
2024-01-09,677.8399412411762,122.52437776854958,326.8572115616535,968.6731823640334,84.8662163502126,SUP004,DeltaIron,MAT101,Steel Rod
2024-01-10,653.8137323717991,106.01764781461434,345.25790648270566,1094.5977991669758,84.58551646990642,SUP001,AlphaSteel,MAT102,Steel Plate
2024-01-11,724.4991640574856,131.4346071738663,345.17017223528495,961.8660373696018,84.34743412684828,SUP005,PrimeSteel,MAT101,Steel Rod
2024-01-12,788.9206267887719,112.78893616068555,370.7291135364126,1071.687324506316,81.8829923329641,SUP001,AlphaSteel,MAT100,Steel Coil
2024-01-13,670.0135688120632,128.22178172372372,341.95699023228764,943.4638610802151,83.5375447242618,SUP005,PrimeSteel,MAT101,Steel Rod
2024-01-14,681.0554103229168,128.5360511750986,377.6489758927037,974.302037705374,83.2515184672753,SUP003,CoreSteel,MAT102,Steel Plate
2024-01-15,656.7490120080674,108.39698914742851,344.58688119555734,1039.0898171592496,83.65247191760882,SUP005,PrimeSteel,MAT104,Steel Sheet
2024-01-16,711.511538285233,107.8695740395932,358.45706142081616,995.2706750868185,84.59839597767872,SUP002,BetaMetals,MAT100,Steel Coil
2024-01-17,663.7916591927961,123.36566440168326,360.6751009299277,947.8146118536883,81.62550782827289,SUP003,CoreSteel,MAT103,Steel Bar
2024-01-18,734.219233647361,117.54285736499759,356.3138626808671,1018.3238289078694,83.11735738230354,SUP003,CoreSteel,MAT103,Steel Bar
2024-01-19,767.3037204048927,112.29800757370298,356.9048962815255,1150.9476509640763,83.60404216988778,SUP001,AlphaSteel,MAT100,Steel Coil
2024-01-20,701.517439190942,97.34681559747392,360.8336774684861,1093.5757953874072,83.31041325031732,SUP003,CoreSteel,MAT102,Steel Plate
2024-01-21,699.0007752784636,107.56709572445838,346.5046217953987,996.2986537532145,82.75905395452402,SUP001,AlphaSteel,MAT101,Steel Rod
2024-01-22,707.7644462074836,114.32642263760414,327.54282070449426,1022.0705537108865,84.14748349878917,SUP003,CoreSteel,MAT103,Steel Bar
2024-01-23,765.7732092225308,103.4727059621445,336.82012386470427,913.1533404283988,84.2487418909019,SUP001,AlphaSteel,MAT101,Steel Rod
2024-01-24,605.9171840196425,126.50919592852765,345.55780467474,989.7015642192753,83.6636333667447,SUP001,AlphaSteel,MAT100,Steel Coil
2024-01-25,683.0083256064614,89.6603950800116,382.6442283908343,1124.0618169309876,83.05863637132435,SUP004,DeltaIron,MAT102,Steel Plate
2024-01-26,715.5533700240602,121.14183054270026,316.4896374657375,1007.5140111545267,83.30626151413095,SUP003,CoreSteel,MAT102,Steel Plate
2024-01-27,704.3852473737243,102.25863210049177,355.5246704579372,886.5455199576484,83.0839145736863,SUP003,CoreSteel,MAT102,Steel Plate
2024-01-28,663.2343512457014,113.67414019005983,349.9639990829972,953.6585682422395,82.09471189660626,SUP002,BetaMetals,MAT100,Steel Coil
2024-01-29,732.5832012595855,117.28130843574694,351.6624475149437,1074.0882032102456,82.98801997803456,SUP001,AlphaSteel,MAT104,Steel Sheet
2024-01-30,711.1076832067507,109.45814284770648,323.28849420752675,1122.2551485550307,82.39601487894416,SUP002,BetaMetals,MAT103,Steel Bar
2024-01-31,715.6553911153838,111.77550439365072,327.6676529127156,925.4558555023226,82.15718792581316,SUP004,DeltaIron,MAT102,Steel Plate
2024-02-01,654.9791303012378,107.57200351325399,346.52005641424483,907.5818027701736,83.11558646131446,SUP004,DeltaIron,MAT104,Steel Sheet
2024-02-02,711.9379502610561,103.65406862256214,349.13698507548304,984.351969110837,83.68275636485646,SUP002,BetaMetals,MAT102,Steel Plate
2024-02-03,736.2414169068294,131.3294242419966,297.3118632164296,913.2699717931758,83.40793653781925,SUP001,AlphaSteel,MAT104,Steel Sheet
2024-02-04,650.957711344591,115.38505387083353,333.7066151343954,979.8542541604686,83.18486771380562,SUP003,CoreSteel,MAT104,Steel Sheet
2024-02-05,656.526856822888,109.56862788448703,336.88215041401713,946.4141865257404,83.5500627622339,SUP003,CoreSteel,MAT102,Steel Plate
2024-02-06,619.3004734219599,106.11641844689187,366.0967955439706,1193.2547033222122,84.02079728438375,SUP004,DeltaIron,MAT102,Steel Plate
2024-02-07,686.229289863465,134.69901784278983,354.0511255354713,1029.6341108080155,83.72729735752317,SUP001,AlphaSteel,MAT103,Steel Bar
2024-02-08,756.0968008388927,102.3261485662336,388.6794203166221,1043.6573400084858,83.05175108870952,SUP001,AlphaSteel,MAT103,Steel Bar
2024-02-09,647.7959481721722,113.928896391794,338.3333115123409,1190.5696398549446,82.93466731163447,SUP003,CoreSteel,MAT104,Steel Sheet
2024-02-10,711.4644128220965,115.10353456830654,336.27228789353103,1139.2213347738734,82.69044016251708,SUP001,AlphaSteel,MAT104,Steel Sheet
2024-02-11,665.4094768536966,113.95172170886845,292.5280674635263,959.8486399373936,84.35583772319117,SUP004,DeltaIron,MAT103,Steel Bar
2024-02-12,684.965755212983,99.7085727826021,334.2328198227324,1067.4325637809552,81.85200464529066,SUP003,CoreSteel,MAT101,Steel Rod
2024-02-13,748.9978549860816,89.84886829293298,347.34496094354796,967.2957653452179,83.96364624213173,SUP005,PrimeSteel,MAT102,Steel Plate
2024-02-14,739.5114724108346,116.13516479135016,333.58964910361124,1001.2811664540648,82.55648818430896,SUP002,BetaMetals,MAT101,Steel Rod
2024-02-15,668.9260088126857,119.29124208342914,350.3744402494797,1037.85093832306,82.50261577851823,SUP005,PrimeSteel,MAT104,Steel Sheet
2024-02-16,657.8265998022606,114.5753033980979,386.5970530532118,1148.5040817886704,86.41785604196542,SUP004,DeltaIron,MAT104,Steel Sheet
2024-02-17,660.5780689816659,95.61837610687887,339.3156354345289,879.986310934804,83.51130254420225,SUP004,DeltaIron,MAT104,Steel Sheet
2024-02-18,568.0496382854699,112.42471285509895,342.6257787779795,1039.70109964009,84.27184414356493,SUP002,BetaMetals,MAT104,Steel Sheet
2024-02-19,733.330685691841,94.75206687352359,352.72571982016757,950.8012179935652,83.15831183053534,SUP004,DeltaIron,MAT103,Steel Bar
2024-02-20,705.8957592587899,101.82455276096432,339.99941805930416,1109.7900004132102,82.71649985622915,SUP001,AlphaSteel,MAT101,Steel Rod
2024-02-21,694.0576649367996,107.92908273535178,339.6040374856563,998.9789047178884,82.93362902910903,SUP002,BetaMetals,MAT104,Steel Sheet
2024-02-22,724.5334995310246,110.18868691945993,380.2008822604074,1197.7384524896988,82.25787959416182,SUP002,BetaMetals,MAT101,Steel Rod
2024-02-23,681.9447992570746,106.01652802269086,345.99151342934357,1017.1198821326608,82.56719252438197,SUP004,DeltaIron,MAT103,Steel Bar
2024-02-24,693.7681655605993,105.38283037753735,309.47914308099934,881.3233866628506,82.00314227537311,SUP003,CoreSteel,MAT104,Steel Sheet
2024-02-25,654.5123079063529,117.64324543845419,332.40516776437244,953.3358743076394,82.85664253351074,SUP002,BetaMetals,MAT102,Steel Plate
2024-02-26,649.5727074622282,100.52142775718777,361.52367884422995,1004.2372854710795,84.54445481748037,SUP003,CoreSteel,MAT104,Steel Sheet
2024-02-27,752.8634923378256,118.52989434071716,347.32274285827117,1052.7466321568947,83.20540210886523,SUP002,BetaMetals,MAT102,Steel Plate
2024-02-28,666.4927593906937,109.77636145984381,361.68562379799914,1011.5943145024537,82.50225022851049,SUP002,BetaMetals,MAT100,Steel Coil
2024-02-29,652.4492489582401,107.25157585213884,326.5029941605045,1123.7036062139896,82.48073485729887,SUP001,AlphaSteel,MAT104,Steel Sheet
2024-03-01,672.3943982397709,101.12534677722233,318.882691719103,976.13402971333,83.84503209378957,SUP003,CoreSteel,MAT100,Steel Coil
2024-03-02,760.5710348316398,111.89258105867916,331.45213207849343,1100.317491208225,81.93251394105754,SUP001,AlphaSteel,MAT103,Steel Bar
2024-03-03,691.3772894470767,110.56985086485886,320.8426341116336,979.0574300028314,84.24897488262357,SUP002,BetaMetals,MAT100,Steel Coil
2024-03-04,661.5218040856573,101.67120159677215,368.715774425311,1009.5872782455956,84.16830861270073,SUP003,CoreSteel,MAT100,Steel Coil
2024-03-05,738.1718354661882,116.69791713167756,361.1491094523382,1046.9508212403152,83.5523822466957,SUP003,CoreSteel,MAT100,Steel Coil
2024-03-06,693.7818640947293,90.42946123956717,354.22559063413144,888.6730850369894,84.16009387126098,SUP003,CoreSteel,MAT102,Steel Plate
2024-03-07,704.8019652177132,118.19043310653537,326.1941356748111,805.6808754645997,82.96663521454866,SUP002,BetaMetals,MAT103,Steel Bar
2024-03-08,629.6359402632613,107.92879447687035,341.5199125486226,989.0527156894301,82.58816263546468,SUP003,CoreSteel,MAT100,Steel Coil
2024-03-09,718.8620151614997,122.01210725147965,382.3659278127942,1015.9403850052827,83.30208955331784,SUP005,PrimeSteel,MAT101,Steel Rod
2024-03-10,710.7375701024572,119.89562304473318,333.7253973628865,1093.5857008096293,82.63966492524494,SUP003,CoreSteel,MAT101,Steel Rod
2024-03-11,701.3338538262425,111.97492770696405,354.9669799362535,1083.68836522563,85.2517384255993,SUP004,DeltaIron,MAT103,Steel Bar
2024-03-12,663.9822803197071,111.49034564836141,357.89401585193076,1041.703979015338,82.4524742202527,SUP003,CoreSteel,MAT103,Steel Bar
2024-03-13,718.2473086566443,113.81469536239165,362.34016315422593,958.0860592759317,81.45837361290269,SUP004,DeltaIron,MAT101,Steel Rod
2024-03-14,710.4976600017,115.99172489249804,363.93252731487854,1015.0488973402173,82.76068828295256,SUP005,PrimeSteel,MAT100,Steel Coil
2024-03-15,706.9248286013959,97.55075917203337,337.5836324005732,1009.9611502352152,83.23324913372963,SUP001,AlphaSteel,MAT104,Steel Sheet
2024-03-16,705.6414277803797,125.1431928298923,306.58170965226736,1015.1808743320819,83.8896992254014,SUP003,CoreSteel,MAT101,Steel Rod
2024-03-17,695.2432112896889,95.89938677268603,387.2458377372203,812.7884221685933,82.72362345781116,SUP001,AlphaSteel,MAT104,Steel Sheet
2024-03-18,731.7271754425774,97.62108130952451,348.70707588367554,995.6717808956354,82.47524478036223,SUP005,PrimeSteel,MAT100,Steel Coil
2024-03-19,678.8866124838235,109.38501326101792,327.825478688087,1008.7917198376579,84.00012990460195,SUP004,DeltaIron,MAT100,Steel Coil
2024-03-20,744.9485805738665,126.46734085929339,332.2452058136902,1078.508460388968,84.2809364573133,SUP004,DeltaIron,MAT103,Steel Bar
2024-03-21,598.6310799702803,103.03179797351284,319.5978160023998,912.4242363335765,83.78825832874043,SUP001,AlphaSteel,MAT104,Steel Sheet
2024-03-22,738.7104004587396,89.76175671227347,337.3250384702897,852.4883934836449,83.65432851121362,SUP004,DeltaIron,MAT101,Steel Rod
2024-03-23,645.181503119959,123.71562529844662,351.8660228703564,960.5793542736036,81.94002956717885,SUP005,PrimeSteel,MAT102,Steel Plate
2024-03-24,716.1137280815545,120.702876647722,352.3047936003753,987.8150729240789,82.46464459329442,SUP002,BetaMetals,MAT102,Steel Plate
2024-03-25,753.2660344817083,116.64637577837229,350.7916250654702,949.6907805944355,82.9478530021211,SUP001,AlphaSteel,MAT104,Steel Sheet
2024-03-26,689.4995803055222,99.68560482070033,366.1654160572441,1062.045374704905,82.5465383149856,SUP002,BetaMetals,MAT101,Steel Rod
2024-03-27,675.5440849035757,99.75625256416316,330.50846550297786,984.0002753726582,80.91225479086278,SUP002,BetaMetals,MAT101,Steel Rod
2024-03-28,683.7585780928674,114.98769351515665,310.18094138529875,953.5901656738558,83.93666032465403,SUP004,DeltaIron,MAT103,Steel Bar
2024-03-29,728.7815593351619,118.96022143437537,371.3142419705107,989.2216230289923,82.65268177669509,SUP002,BetaMetals,MAT100,Steel Coil
2024-03-30,692.6005646651657,113.23550128493648,371.83497471595547,939.455316698662,82.86146161227548,SUP003,CoreSteel,MAT104,Steel Sheet
2024-03-31,751.9907246400626,100.19103044876807,361.2986653960821,1014.840290333183,84.6010798656621,SUP004,DeltaIron,MAT103,Steel Bar
2024-04-01,683.6591747259769,125.53577040531125,341.50953756302147,1040.349719640583,82.10457309040387,SUP004,DeltaIron,MAT103,Steel Bar
2024-04-02,616.6817829280742,113.78407274444048,357.2508287921966,1134.5645154033136,82.42354265946291,SUP001,AlphaSteel,MAT101,Steel Rod
2024-04-03,612.1110547152206,107.8021381270792,319.72466948059434,946.5339579919624,82.77567819107027,SUP005,PrimeSteel,MAT100,Steel Coil
2024-04-04,668.5304867954815,116.61050105462107,354.01990887235377,1043.971068835253,84.00715783932033,SUP003,CoreSteel,MAT101,Steel Rod
2024-04-05,730.3316767861664,113.16895899661228,337.54425941432555,1051.9650169215276,82.01386806774195,SUP005,PrimeSteel,MAT102,Steel Plate
2024-04-06,655.6099226837354,120.21665965906546,355.26767105416275,986.9914595552758,84.23795944399345,SUP004,DeltaIron,MAT101,Steel Rod
2024-04-07,679.3021945370585,116.17143762191172,354.57496660330645,944.797203972985,84.05843742825024,SUP004,DeltaIron,MAT102,Steel Plate
2024-04-08,662.3371677521567,118.2382222251706,313.5065078936267,931.073462879827,84.6842176592973,SUP005,PrimeSteel,MAT103,Steel Bar
2024-04-09,662.1997033855354,107.90339457112738,305.377669046368,992.2427510801898,80.94818585051291,SUP004,DeltaIron,MAT102,Steel Plate
2024-04-10,689.3357347128801,92.84678031424501,338.1685252382431,1030.8335074229717,84.03903887443654,SUP003,CoreSteel,MAT101,Steel Rod
2024-04-11,708.4460253913154,105.61687624600698,370.7089045541177,925.2837905146656,83.91339111812957,SUP004,DeltaIron,MAT100,Steel Coil
2024-04-12,680.1660114706733,88.45443617177872,355.28123351932095,798.6733887534272,84.30945926433992,SUP003,CoreSteel,MAT103,Steel Bar
2024-04-13,713.0687357783091,113.30863786387118,375.59563415787204,1074.8519886105032,81.3562162725927,SUP005,PrimeSteel,MAT101,Steel Rod
2024-04-14,696.5003543978113,119.83260392356354,387.04581080295213,1015.7185269673072,83.42858688533474,SUP002,BetaMetals,MAT101,Steel Rod
2024-04-15,676.4084299281691,115.70654040398539,342.11630035859224,1024.928088058614,81.1350600703498,SUP005,PrimeSteel,MAT101,Steel Rod
2024-04-16,612.3065972351549,103.3551084502153,350.4895301088261,1018.7965285290662,83.4058385914478,SUP002,BetaMetals,MAT104,Steel Sheet
2024-04-17,773.1045515226026,112.88957902490152,342.5270359655997,940.1359534062804,82.20906727699403,SUP004,DeltaIron,MAT103,Steel Bar
2024-04-18,727.7970549103304,122.32045115099433,327.80604217907074,965.9493388185207,82.92571936106599,SUP004,DeltaIron,MAT100,Steel Coil
2024-04-19,668.8056008098895,101.69973806113106,333.0642718137896,974.2333636015615,83.15897004395609,SUP004,DeltaIron,MAT101,Steel Rod
2024-04-20,766.9004919246254,115.54375344469264,315.6210888618928,1004.8551471193244,81.7589696270472,SUP003,CoreSteel,MAT103,Steel Bar
2024-04-21,706.6325223049661,92.00102071622474,377.98602628699007,1090.0556936170683,83.91531050608985,SUP002,BetaMetals,MAT101,Steel Rod
2024-04-22,699.2379957121252,103.55405046457726,384.5237617217562,941.8953203662212,82.09314923557191,SUP003,CoreSteel,MAT100,Steel Coil
2024-04-23,682.2028501859713,114.20993880702393,364.4643662363312,1053.8527682048584,84.08044933315679,SUP002,BetaMetals,MAT101,Steel Rod
2024-04-24,696.5764578960403,126.9901167410592,331.40390307644606,916.2272870095202,82.41186014193737,SUP003,CoreSteel,MAT101,Steel Rod
2024-04-25,666.1705369242113,116.57360626787215,346.64220746407864,913.4813256129868,82.9489022634296,SUP004,DeltaIron,MAT103,Steel Bar
2024-04-26,748.5100051074357,95.25105182602391,356.49373829786254,1019.9937774323199,83.7607621298152,SUP004,DeltaIron,MAT104,Steel Sheet
2024-04-27,665.3415974185556,119.85390200926993,362.2900747733869,954.8045446738342,83.54327522082917,SUP003,CoreSteel,MAT103,Steel Bar
2024-04-28,734.3741386962373,100.97777501457253,333.45940101249494,949.9203710643102,82.14957350654542,SUP002,BetaMetals,MAT101,Steel Rod
2024-04-29,629.3589267949529,111.82264683420586,370.1358062063644,1031.8645976995006,83.46247966942862,SUP005,PrimeSteel,MAT102,Steel Plate
2024-04-30,681.4386328242905,112.05159889649788,358.1963658686763,940.8277002177985,81.47697824642292,SUP003,CoreSteel,MAT103,Steel Bar
2024-05-01,727.7888263032299,116.72042242413384,373.35047120013525,1095.1469779010595,81.01740825678948,SUP001,AlphaSteel,MAT100,Steel Coil
2024-05-02,692.0100012327536,115.33610165986968,364.1097005760104,1016.8916400679257,82.85673717404424,SUP004,DeltaIron,MAT101,Steel Rod
2024-05-03,702.8881013783958,94.67500196336579,373.0074526929469,1080.7983784280873,84.60828381910777,SUP002,BetaMetals,MAT102,Steel Plate
2024-05-04,714.3062507319704,103.55015918571966,362.06964650540533,966.3820975138269,82.92039977389697,SUP005,PrimeSteel,MAT104,Steel Sheet
2024-05-05,668.5912569491795,119.0981840885588,315.7052311553425,1153.8692108970256,82.59644992072569,SUP005,PrimeSteel,MAT103,Steel Bar
2024-05-06,730.6234172721182,101.05643076542225,329.23275149306136,1016.181553638562,83.83876499763231,SUP004,DeltaIron,MAT101,Steel Rod
2024-05-07,638.5159856095712,116.4526779741157,371.24886867010036,971.400228265833,84.03250051604275,SUP001,AlphaSteel,MAT100,Steel Coil
2024-05-08,698.0081005092443,114.7184921096259,356.5666688046138,968.817036259868,82.77535418108272,SUP004,DeltaIron,MAT102,Steel Plate
2024-05-09,741.6307464921492,98.43634759496057,349.77759497537966,828.2792472147858,83.31326858258512,SUP001,AlphaSteel,MAT101,Steel Rod
2024-05-10,801.4660436895621,117.72500207803996,358.0084196611133,1014.4551107741863,80.048147071887,SUP003,CoreSteel,MAT103,Steel Bar
2024-05-11,658.2016566219804,122.31244022386382,334.8311920541112,958.7530916674534,84.5443026447375,SUP005,PrimeSteel,MAT100,Steel Coil
2024-05-12,729.5250058664511,113.41333132670542,345.2937712542091,1021.6193089442191,82.31514223090223,SUP001,AlphaSteel,MAT100,Steel Coil
2024-05-13,709.4164278624692,122.8999266355387,342.12267337389915,1008.6622103400495,83.23962739872131,SUP003,CoreSteel,MAT104,Steel Sheet
2024-05-14,698.7230709751111,117.21246659691735,377.0803164795575,1119.2132632457888,81.45535576936625,SUP002,BetaMetals,MAT102,Steel Plate
2024-05-15,706.632044209935,130.57396924878026,346.1600325075314,1103.8983808271691,83.66514183544176,SUP002,BetaMetals,MAT101,Steel Rod
2024-05-16,672.1273914983503,147.2322911896382,359.46507089161076,758.1662629563469,84.16400099133644,SUP003,CoreSteel,MAT101,Steel Rod
2024-05-17,706.1291708692744,107.19011853170221,324.9388204271994,953.1054763225694,83.14512230542081,SUP001,AlphaSteel,MAT102,Steel Plate
2024-05-18,708.7562534946994,94.2170909775218,317.2572956747669,919.8201136832909,82.81943278575933,SUP001,AlphaSteel,MAT104,Steel Sheet
2024-05-19,667.1276853407288,108.05553433207577,347.00263532585916,978.7538110481846,83.01042062725924,SUP003,CoreSteel,MAT103,Steel Bar
2024-05-20,659.1867708422579,105.48131935715772,349.7739738240605,1020.2978800298373,82.88299818278175,SUP001,AlphaSteel,MAT103,Steel Bar
2024-05-21,714.4446893767772,105.07867833301066,351.1751495068837,1121.2599438481298,82.4642855600752,SUP003,CoreSteel,MAT103,Steel Bar
2024-05-22,741.9360615588204,127.75211779392116,354.1923282632853,968.2718740449249,82.38138234123991,SUP001,AlphaSteel,MAT102,Steel Plate
2024-05-23,668.6201225292294,118.88087285853705,314.1886600864352,972.1969678286815,83.26379512427283,SUP004,DeltaIron,MAT104,Steel Sheet
2024-05-24,642.0692281377629,112.10391533679156,324.4621318520754,1017.4254885489578,84.07248433708234,SUP001,AlphaSteel,MAT100,Steel Coil
2024-05-25,652.7218657203814,114.67213806282265,360.851309433429,982.8611757494948,83.39181395940426,SUP001,AlphaSteel,MAT104,Steel Sheet
2024-05-26,677.3090107917131,92.9283438340888,337.41217432656856,931.3127821359083,83.62700194317337,SUP003,CoreSteel,MAT101,Steel Rod
2024-05-27,653.9423454639788,121.9661560410672,357.68934153149974,983.3870141922376,82.25613654592495,SUP005,PrimeSteel,MAT104,Steel Sheet
2024-05-28,654.344743416257,103.27085858948799,355.8145685500908,927.124322823065,85.7005085520529,SUP001,AlphaSteel,MAT101,Steel Rod
2024-05-29,703.6082997104752,126.30243751579152,360.25005928799465,1081.4863375311663,83.37608376255602,SUP001,AlphaSteel,MAT102,Steel Plate
2024-05-30,744.4140838944143,95.37006016710853,328.86712409679427,1021.9483185654301,82.23600066249665,SUP002,BetaMetals,MAT104,Steel Sheet
2024-05-31,746.4938887214752,114.88739764233985,321.9334578272468,1029.4982057264208,82.93556850468912,SUP002,BetaMetals,MAT101,Steel Rod
2024-06-01,717.480388529683,105.0550992975287,426.42366937654583,1062.8647468278123,83.7483009321287,SUP003,CoreSteel,MAT102,Steel Plate
2024-06-02,707.6220980801577,112.46242505504603,366.5528092806451,1023.1191324234568,82.3188576986869,SUP003,CoreSteel,MAT100,Steel Coil
2024-06-03,685.8823614569777,117.9931689461115,381.9123581842018,1006.567911800508,84.00095429609611,SUP005,PrimeSteel,MAT104,Steel Sheet
2024-06-04,750.0005850367186,81.6437339670548,363.847305530267,926.1114459512639,82.84947429495371,SUP001,AlphaSteel,MAT104,Steel Sheet
2024-06-05,643.558018125998,103.28173596450871,331.9215961791669,1001.5915965800481,84.36886058535306,SUP004,DeltaIron,MAT102,Steel Plate
2024-06-06,697.6540932586144,123.68253782778976,326.69474805448164,1146.0299595823724,82.12714299955762,SUP002,BetaMetals,MAT104,Steel Sheet
2024-06-07,727.4836946483518,109.18091531757518,362.23454688345055,1077.0322335942963,81.76472188585255,SUP001,AlphaSteel,MAT102,Steel Plate
2024-06-08,672.7347600477646,130.53773725533551,350.5522318470509,1003.4342089815084,82.38799618930983,SUP002,BetaMetals,MAT104,Steel Sheet
2024-06-09,623.463626093827,95.97506554698997,360.563093990868,975.5547539462935,82.85777157587654,SUP001,AlphaSteel,MAT101,Steel Rod
2024-06-10,701.8028843524003,99.4778781066142,377.4777998699629,1131.2907594814171,80.55707286511314,SUP004,DeltaIron,MAT102,Steel Plate
2024-06-11,658.1066677896566,123.9741761788371,318.4941325030333,1092.2062038636686,81.44238573020034,SUP004,DeltaIron,MAT102,Steel Plate
2024-06-12,688.2546643005055,114.10444939020859,331.03040894187717,1007.6896025000294,81.54121646086372,SUP001,AlphaSteel,MAT102,Steel Plate
2024-06-13,677.3299351789116,96.11823972101077,363.4457281660329,901.3791713715677,83.788894092611,SUP001,AlphaSteel,MAT100,Steel Coil
2024-06-14,655.5338076378927,129.9062313568162,345.00736193097924,1071.823248186722,83.65571821644919,SUP002,BetaMetals,MAT101,Steel Rod
2024-06-15,669.901850340476,107.13429949888042,291.26291103118996,994.1079329016612,82.76197010273553,SUP004,DeltaIron,MAT102,Steel Plate
2024-06-16,719.6276648925038,116.37916223160572,356.0854608988972,922.6252770463625,84.21405807037229,SUP005,PrimeSteel,MAT104,Steel Sheet
2024-06-17,716.2167048487861,109.72531572262373,336.85834823717636,1148.9864906179369,82.98001885198278,SUP004,DeltaIron,MAT102,Steel Plate
2024-06-18,774.4599643817719,108.57545912794767,322.404271284489,925.6824469577874,83.08924466883336,SUP005,PrimeSteel,MAT100,Steel Coil
2024-06-19,703.9804895134047,105.8409642621698,350.2887218655626,962.8052043099893,81.24637624604256,SUP005,PrimeSteel,MAT102,Steel Plate
2024-06-20,706.398014346713,123.64068030445168,340.11763143342716,913.8497067840788,82.58096380360793,SUP003,CoreSteel,MAT104,Steel Sheet
2024-06-21,715.366503537799,114.0371580407994,339.26537406389355,946.3029205684676,82.91573205151944,SUP002,BetaMetals,MAT100,Steel Coil
2024-06-22,683.6080015624281,121.98717065253076,370.56376325052173,956.1406207625217,83.49415915030426,SUP005,PrimeSteel,MAT103,Steel Bar
2024-06-23,799.915733724539,92.02054730868171,327.35904336299205,890.711732309893,83.32928192988675,SUP001,AlphaSteel,MAT103,Steel Bar
2024-06-24,654.0111438577803,113.39069080273916,334.29946314457067,1011.8490066533499,81.85003709934956,SUP004,DeltaIron,MAT103,Steel Bar
2024-06-25,686.8622376190008,115.00722529470183,340.80968296570734,1079.9434734651306,81.33791207839593,SUP001,AlphaSteel,MAT103,Steel Bar
2024-06-26,670.2308211553756,94.06418786379442,349.6086920158832,973.7393402156755,82.67585986974224,SUP001,AlphaSteel,MAT100,Steel Coil
2024-06-27,643.9499885026047,104.84430960984366,350.711933648955,1000.4549668217421,83.37769242885709,SUP001,AlphaSteel,MAT104,Steel Sheet
2024-06-28,686.6411143476682,104.13711884346598,369.05979588441977,1026.4908314242982,82.31978773648473,SUP004,DeltaIron,MAT102,Steel Plate
2024-06-29,634.9684129738882,82.15831724980333,358.96096162821965,928.1494145742113,81.17961201891003,SUP003,CoreSteel,MAT102,Steel Plate
2024-06-30,730.9193746781143,104.71269599798107,340.1529417775039,1041.9591711479075,83.61388948775577,SUP004,DeltaIron,MAT104,Steel Sheet
2024-07-01,667.7125357638181,103.79966962791258,367.97544774928195,1103.9966959451417,83.53028981470794,SUP002,BetaMetals,MAT101,Steel Rod
2024-07-02,674.7670221766426,111.35382625991997,327.56565788170343,1084.7297525302608,84.29588055510995,SUP005,PrimeSteel,MAT104,Steel Sheet
2024-07-03,771.9311456576041,113.1589204972283,339.31228545805857,942.1992681787725,83.51000669625003,SUP001,AlphaSteel,MAT103,Steel Bar
2024-07-04,687.0957477797049,105.16748152848173,356.2381285169886,905.2648215181282,81.56802617152216,SUP004,DeltaIron,MAT103,Steel Bar
2024-07-05,645.5538185525867,118.00899877038921,387.0017508179333,1065.5708040647596,83.42753343880192,SUP002,BetaMetals,MAT102,Steel Plate
2024-07-06,753.6284233162129,112.14140085313007,366.01560599181346,1000.2721855508945,81.65567589111551,SUP001,AlphaSteel,MAT101,Steel Rod
2024-07-07,706.3009139320721,106.02253867789412,379.1416320266896,1007.8276715659972,84.05559420181126,SUP004,DeltaIron,MAT104,Steel Sheet
2024-07-08,673.9053221743557,103.41916589399762,348.4726752623302,864.4659021359587,82.41388319595643,SUP001,AlphaSteel,MAT100,Steel Coil
2024-07-09,699.8872154956772,123.02614048937475,394.5451974638648,1096.994682551221,83.12099777768015,SUP005,PrimeSteel,MAT104,Steel Sheet
2024-07-10,696.250842449315,104.88617137620962,344.1288693239944,1061.1029849599713,83.69815478648479,SUP002,BetaMetals,MAT100,Steel Coil
2024-07-11,725.8076773589551,103.48520848861767,343.6339669587386,1072.929634442758,82.57800567152347,SUP002,BetaMetals,MAT102,Steel Plate
2024-07-12,649.328312307435,112.07962613068493,308.2672931402483,1009.997108697597,82.2865608044293,SUP002,BetaMetals,MAT104,Steel Sheet
2024-07-13,726.2741102728593,106.54799395317326,349.8806664038318,1138.6958275699349,84.70211700600777,SUP001,AlphaSteel,MAT100,Steel Coil
2024-07-14,724.6216421979443,92.78552627473361,372.6359605552324,973.6988666556136,82.74883829201259,SUP004,DeltaIron,MAT100,Steel Coil
2024-07-15,695.2394898148573,103.23672790966046,327.8519321357296,1027.4744764189031,83.62379310783648,SUP003,CoreSteel,MAT100,Steel Coil
2024-07-16,698.2802961375041,126.79930518781876,320.4902627056397,827.088186377967,81.90884949844812,SUP005,PrimeSteel,MAT104,Steel Sheet
2024-07-17,749.0735395187787,117.20947857833352,355.9849460004256,854.2088331504076,81.51829939807016,SUP003,CoreSteel,MAT101,Steel Rod
2024-07-18,710.451960313159,117.28574796534748,328.6727218969263,1004.4156744506138,84.40602110325675,SUP005,PrimeSteel,MAT100,Steel Coil
2024-07-19,668.2004895912639,102.01186755582262,321.9822133112773,940.0735950463279,84.24866276761595,SUP003,CoreSteel,MAT104,Steel Sheet
2024-07-20,710.4414882271635,115.9834847491055,353.6341827675076,962.3647923817607,84.3136065615472,SUP002,BetaMetals,MAT100,Steel Coil
2024-07-21,715.4798496900738,107.68286361842736,340.1776559443824,947.1664745618898,81.16178529277936,SUP004,DeltaIron,MAT102,Steel Plate
2024-07-22,655.6695885851224,101.71613719017324,326.81469851825784,1051.0666973339612,82.22664764934714,SUP001,AlphaSteel,MAT104,Steel Sheet
2024-07-23,675.2672418882006,107.42801718741643,375.14874506008545,1100.2462416485992,83.87832476656551,SUP001,AlphaSteel,MAT100,Steel Coil
2024-07-24,698.2778955939195,101.26421848013415,346.11347025357134,1030.6916275888616,82.99918119756403,SUP002,BetaMetals,MAT100,Steel Coil
2024-07-25,656.5635521220637,103.58577197528646,345.81467318074584,1026.5697462959517,82.39651220802683,SUP001,AlphaSteel,MAT100,Steel Coil
2024-07-26,668.8311275106413,108.07094629668795,342.89987562438387,925.3898101950829,82.14211483445632,SUP003,CoreSteel,MAT101,Steel Rod
2024-07-27,735.424454391122,94.92762776922349,317.0931691173008,1149.787259997628,81.8242309699404,SUP004,DeltaIron,MAT101,Steel Rod
2024-07-28,670.7411084942482,118.08126336255054,346.7590636315621,803.8391542945275,82.37001473285645,SUP005,PrimeSteel,MAT102,Steel Plate
2024-07-29,690.5697833097038,113.38113138298363,367.34199873459534,1023.4825560392745,84.0571251823685,SUP003,CoreSteel,MAT104,Steel Sheet
2024-07-30,725.9428326865838,119.80188499694135,347.16541288700597,961.160559339848,81.5820957386688,SUP002,BetaMetals,MAT100,Steel Coil
2024-07-31,744.910772130726,107.92353199894009,332.3400544717534,1019.985136599097,83.06593752075099,SUP002,BetaMetals,MAT100,Steel Coil
2024-08-01,667.127764282362,122.53882306279094,335.3276114274759,1024.7254448422073,81.0356647147015,SUP002,BetaMetals,MAT101,Steel Rod
2024-08-02,791.9483509044554,115.54041393486054,354.6400018162628,1013.7190123638622,82.70387836963089,SUP003,CoreSteel,MAT104,Steel Sheet
2024-08-03,712.4549406824432,116.21641756054596,297.0819550445272,1086.973404184614,82.50829044952638,SUP002,BetaMetals,MAT102,Steel Plate
2024-08-04,666.8324329196889,136.18529897506448,340.1411220627803,1006.527190184522,84.85748056562133,SUP005,PrimeSteel,MAT100,Steel Coil
2024-08-05,697.3337527958352,104.5612441772217,345.3226670015276,974.7008121924775,84.4261806293927,SUP002,BetaMetals,MAT104,Steel Sheet
2024-08-06,651.2537711222076,75.59255458191363,359.47782164219205,943.8617616812536,82.10907202887708,SUP005,PrimeSteel,MAT104,Steel Sheet
2024-08-07,669.5314340976639,102.13470717952593,353.1306323764225,1100.71733314381,83.69304506280231,SUP001,AlphaSteel,MAT102,Steel Plate
2024-08-08,682.5356337256103,113.1200730150215,384.848382681026,1079.5287305982654,83.94339670143913,SUP001,AlphaSteel,MAT101,Steel Rod
2024-08-09,691.2564490789437,104.0440757972985,326.7331445940297,922.9785367568827,82.42075117423984,SUP003,CoreSteel,MAT101,Steel Rod
2024-08-10,730.1388524799291,108.51521293186471,360.9903054843025,1027.0927081056411,84.83725079385567,SUP001,AlphaSteel,MAT104,Steel Sheet
2024-08-11,680.1366605671268,116.5082303781531,354.5588166514068,989.0294873022419,83.43536997722379,SUP003,CoreSteel,MAT103,Steel Bar
2024-08-12,697.5235289575102,117.43665163037298,357.60477702596916,1066.1181244614277,82.07928539162106,SUP005,PrimeSteel,MAT100,Steel Coil
2024-08-13,706.2213533245133,104.33736492542754,354.4381912198947,963.3401384132535,82.48450198576406,SUP003,CoreSteel,MAT100,Steel Coil
2024-08-14,718.6105485488594,108.25086585605979,345.9599197393518,800.6918783547073,84.57974470765335,SUP005,PrimeSteel,MAT100,Steel Coil
2024-08-15,723.6039808050394,95.7198754829601,336.5887632584918,932.7125302232894,82.8479199826395,SUP003,CoreSteel,MAT100,Steel Coil
2024-08-16,762.0625359689992,130.35961824105254,379.31873942765907,1068.4756132942862,82.80823886187837,SUP004,DeltaIron,MAT104,Steel Sheet
2024-08-17,604.1581279008426,88.21265629503621,356.5896030814702,889.7575765288982,83.1310449845203,SUP002,BetaMetals,MAT104,Steel Sheet
2024-08-18,681.1897779777071,105.81176054347142,341.2021236419664,1006.7076364381927,83.59729622058848,SUP004,DeltaIron,MAT103,Steel Bar
2024-08-19,659.0461448405881,101.30099973639936,349.20279878116537,963.1476905152559,83.25455431289838,SUP003,CoreSteel,MAT101,Steel Rod
2024-08-20,680.9058027933781,117.50801986635717,344.6837353634423,952.2096875172413,82.95367705931979,SUP004,DeltaIron,MAT102,Steel Plate
2024-08-21,686.302873411421,101.16835464580568,346.041978939554,1060.339740302233,82.43690570588188,SUP005,PrimeSteel,MAT104,Steel Sheet
2024-08-22,696.3099599843812,109.58327846972406,363.61345383852614,989.8022784825155,82.32119436254527,SUP003,CoreSteel,MAT100,Steel Coil
2024-08-23,725.4926352038781,117.40409981592869,349.6842288679968,1121.9443939887,82.03447648695128,SUP002,BetaMetals,MAT104,Steel Sheet
2024-08-24,676.4396565920417,105.54788327847558,345.62254351487246,896.2160228566216,82.80719449451806,SUP002,BetaMetals,MAT103,Steel Bar
2024-08-25,704.9652796071852,111.27476757583305,351.90088112300606,999.5170560772419,83.63177755630053,SUP001,AlphaSteel,MAT104,Steel Sheet
2024-08-26,707.3726585550799,101.46499489097388,304.4225231670239,873.8200581081148,84.23197614993457,SUP005,PrimeSteel,MAT101,Steel Rod
2024-08-27,670.9502387123023,103.57454807867387,394.0128585243349,951.5321318353482,85.13806640146174,SUP005,PrimeSteel,MAT103,Steel Bar
2024-08-28,732.4449274201488,112.88634583467255,326.25872288602704,1114.9977166492286,82.5741726350197,SUP004,DeltaIron,MAT104,Steel Sheet
2024-08-29,674.6397946453878,112.20646819629142,324.7456873636501,1054.2799903404914,82.58415155841215,SUP003,CoreSteel,MAT103,Steel Bar
2024-08-30,691.3165017224992,109.72802435904191,370.72340321467647,849.4860664701941,81.0583960325418,SUP002,BetaMetals,MAT102,Steel Plate
2024-08-31,680.285781085239,93.27876878397191,367.54623397505634,1078.7415975218662,83.64590342756402,SUP001,AlphaSteel,MAT103,Steel Bar
2024-09-01,731.078709612549,114.3142020385662,355.89073142368716,992.4649721162963,84.96076503459291,SUP001,AlphaSteel,MAT103,Steel Bar
2024-09-02,643.7706875045537,122.94370015905804,359.1004270733947,1128.8444924337045,83.38587051659934,SUP005,PrimeSteel,MAT103,Steel Bar
2024-09-03,706.4559924245035,118.07256883798095,339.3165461969726,1031.8506613279528,83.91197561731921,SUP001,AlphaSteel,MAT103,Steel Bar
2024-09-04,713.7432908063658,120.4705675655137,343.98318589639194,1094.002270921755,83.06186701001218,SUP003,CoreSteel,MAT100,Steel Coil
2024-09-05,711.725616033079,120.52985228855042,321.6284291072053,978.7373542240282,83.84402259345063,SUP001,AlphaSteel,MAT102,Steel Plate
2024-09-06,723.7494368858669,107.4499844904104,368.0778393498687,917.6635802056646,83.88415356973891,SUP001,AlphaSteel,MAT103,Steel Bar
2024-09-07,685.6841043680628,111.37716086690537,330.789630298583,999.0500025522617,83.46029507320088,SUP003,CoreSteel,MAT102,Steel Plate
2024-09-08,686.8063072147003,107.61384196191621,361.8270926828079,969.7570611121021,84.02621200182399,SUP005,PrimeSteel,MAT104,Steel Sheet
2024-09-09,653.0314666259627,107.4715653792205,341.8510779279393,1120.251625107254,81.59078340495228,SUP005,PrimeSteel,MAT101,Steel Rod
2024-09-10,623.787877705251,111.15707041001949,321.8667227427768,929.0817261799348,82.5998513322512,SUP005,PrimeSteel,MAT100,Steel Coil
2024-09-11,725.4553521963854,121.70614483961884,349.74437305091914,1011.1326384960134,83.27276765712587,SUP003,CoreSteel,MAT103,Steel Bar
2024-09-12,656.0262087447786,101.16832046598637,356.26058981154165,1050.0972230294187,82.22115502828296,SUP001,AlphaSteel,MAT102,Steel Plate
2024-09-13,667.1523651724187,102.7881205645825,362.2878112601546,889.5479076445653,83.63603437875997,SUP003,CoreSteel,MAT102,Steel Plate
2024-09-14,735.8514905289197,111.7285219392946,345.91642971206244,967.6960373003104,82.61858767761123,SUP001,AlphaSteel,MAT100,Steel Coil
2024-09-15,656.5155303613918,102.4406355076416,332.42114347784644,994.8057147355569,82.6538517318605,SUP003,CoreSteel,MAT100,Steel Coil
2024-09-16,718.1938000964263,114.5508842639887,338.31811754671315,1013.2243478086965,84.01471669763971,SUP001,AlphaSteel,MAT101,Steel Rod
2024-09-17,747.1229099673803,110.70965982185486,377.84826667844305,1053.0281996798417,84.83977227047106,SUP004,DeltaIron,MAT103,Steel Bar
2024-09-18,705.3757601581725,114.95691261916699,374.8360452178182,927.5487587792506,83.74422640516559,SUP003,CoreSteel,MAT103,Steel Bar
2024-09-19,687.0144444553964,134.62669078724423,382.1558439830487,970.3172225650699,83.73001776010484,SUP001,AlphaSteel,MAT102,Steel Plate
2024-09-20,709.8351901043509,114.70053761199867,373.5349517475116,926.2811443234654,83.98257661963306,SUP005,PrimeSteel,MAT104,Steel Sheet
2024-09-21,689.0040862900823,105.60602134520485,339.76559677044673,1040.3645792443251,82.9084162486629,SUP002,BetaMetals,MAT103,Steel Bar
2024-09-22,698.8057291591119,125.1440641579023,347.93183382661454,916.6900689024197,84.34570428806057,SUP005,PrimeSteel,MAT102,Steel Plate
2024-09-23,677.9896836618597,121.0400501863275,357.37435708935044,1087.032178028255,82.68900625488766,SUP002,BetaMetals,MAT101,Steel Rod
2024-09-24,707.0278270546652,105.7980440412416,337.21521942240395,1113.3736524289568,81.32550333268766,SUP001,AlphaSteel,MAT100,Steel Coil
2024-09-25,715.1997393898413,119.4812305717497,350.9952909465122,979.9742751988127,82.6223612538516,SUP002,BetaMetals,MAT100,Steel Coil
2024-09-26,706.6079968445122,104.17121449661417,356.79388079465497,878.4528296793155,83.91101591575783,SUP004,DeltaIron,MAT104,Steel Sheet
2024-09-27,657.0196729912562,103.851787951116,336.06018273874525,1009.3976230706429,83.53182270114755,SUP004,DeltaIron,MAT104,Steel Sheet
2024-09-28,750.806858532845,94.49118137551112,350.0853605004678,954.6195949388975,83.6625655892308,SUP001,AlphaSteel,MAT101,Steel Rod
2024-09-29,710.4256376364079,94.05676950458734,317.4616258498254,907.7747387256802,84.53612814387563,SUP004,DeltaIron,MAT100,Steel Coil
2024-09-30,641.8913024651715,115.70401666400834,357.473748563374,1041.5510827707888,83.54097203661036,SUP004,DeltaIron,MAT100,Steel Coil
2024-10-01,714.6729145379762,115.66845022097708,373.0044831166992,904.7239291363953,84.27283362661827,SUP005,PrimeSteel,MAT102,Steel Plate
2024-10-02,680.4936808706093,97.79010744233135,350.88764923229974,922.1447222205323,83.72193381396427,SUP003,CoreSteel,MAT104,Steel Sheet
2024-10-03,686.6318660654654,102.5961190232035,347.060008079652,997.9883385222216,83.32541481910282,SUP004,DeltaIron,MAT101,Steel Rod
2024-10-04,642.9872098934508,102.79360431769305,332.71263259158167,941.7004837842575,83.54815250986039,SUP004,DeltaIron,MAT100,Steel Coil
2024-10-05,659.2005466953624,113.95272935336516,373.1277302570997,1043.6896135740546,80.16071510252962,SUP002,BetaMetals,MAT104,Steel Sheet
2024-10-06,728.540268456607,115.45673529668385,331.600293857504,903.2063782605073,84.77064379206767,SUP001,AlphaSteel,MAT100,Steel Coil
2024-10-07,734.063065638816,112.3610063713993,352.9929437825459,1119.2646197189788,83.95332719200873,SUP002,BetaMetals,MAT103,Steel Bar
2024-10-08,696.9913189718712,115.08287717462352,355.1491286326671,955.8347495035359,83.69209995008934,SUP004,DeltaIron,MAT104,Steel Sheet
2024-10-09,681.8103049189563,103.69916361884796,370.9902463351894,983.4486980849459,82.38754055252134,SUP004,DeltaIron,MAT104,Steel Sheet
2024-10-10,670.9180156515856,93.35597791822074,355.89935248814356,882.8419522990903,83.15261176498109,SUP001,AlphaSteel,MAT100,Steel Coil
2024-10-11,710.9939944020635,109.61757916292652,342.9920682212146,1050.5020092937002,83.95160573678912,SUP005,PrimeSteel,MAT101,Steel Rod
2024-10-12,698.9982634623221,126.46905744410554,358.8582321066336,923.1832155060843,83.98381072020292,SUP001,AlphaSteel,MAT101,Steel Rod
2024-10-13,661.1205041439581,120.15070759091475,383.3770097786608,1145.142832888722,84.231640855585,SUP003,CoreSteel,MAT104,Steel Sheet
2024-10-14,655.7576882256077,135.64253620051386,348.5051436648228,995.5329695378302,82.03825218686579,SUP004,DeltaIron,MAT103,Steel Bar
2024-10-15,721.7153144442549,125.68526681412386,349.67155510607773,1088.2637564899471,83.38471534927633,SUP003,CoreSteel,MAT102,Steel Plate
2024-10-16,721.227559921389,123.45044716733231,357.0257921373457,1046.373312326949,82.44728084839443,SUP005,PrimeSteel,MAT100,Steel Coil
2024-10-17,710.7064521081793,118.5345254366988,341.44328961187557,1259.6933283215037,82.04594057397541,SUP005,PrimeSteel,MAT100,Steel Coil
2024-10-18,678.1465482610049,94.82263501348925,369.43733611550965,984.9063581515669,81.95559940069894,SUP004,DeltaIron,MAT102,Steel Plate
2024-10-19,648.8951782653525,101.16873225633658,326.1112348667539,1116.0307338026805,82.49540237180426,SUP003,CoreSteel,MAT100,Steel Coil
2024-10-20,725.8658100064329,97.92974689604254,357.8948865611674,1134.0942634097812,82.11965926869549,SUP001,AlphaSteel,MAT102,Steel Plate
2024-10-21,724.9546491100057,118.8456937700029,360.1340749409792,833.6316154287624,82.55737543584303,SUP002,BetaMetals,MAT101,Steel Rod
2024-10-22,700.1058944644325,101.2030022473863,334.76498605068616,1003.0571036394049,81.512547721134,SUP004,DeltaIron,MAT101,Steel Rod
2024-10-23,692.2855436987593,108.56597798624625,319.7984795979939,1076.754220183059,82.38754719015856,SUP005,PrimeSteel,MAT103,Steel Bar
2024-10-24,727.5688890270175,124.08295585268962,297.11305112248607,1077.2531165620062,83.18968780135742,SUP002,BetaMetals,MAT100,Steel Coil
2024-10-25,749.49942914531,129.37745638224413,365.0976211054488,915.3698690404806,81.5109829360329,SUP004,DeltaIron,MAT102,Steel Plate
2024-10-26,713.6908343736894,113.95666980100242,373.0979832743058,896.2402743948173,82.8091696490965,SUP003,CoreSteel,MAT100,Steel Coil
2024-10-27,660.2747037498301,102.67746594709207,377.96344696222593,925.0904393869052,82.61769932161225,SUP004,DeltaIron,MAT100,Steel Coil
2024-10-28,680.6820329518275,123.64893103991247,350.6334710853827,1031.2799682893897,82.07265207355273,SUP005,PrimeSteel,MAT102,Steel Plate
2024-10-29,665.8879920708049,125.92328563953323,360.63302979690775,918.2515640233916,83.00065877015089,SUP002,BetaMetals,MAT102,Steel Plate
2024-10-30,602.1387979519046,107.19078908128698,311.94654445802837,1054.5180620011859,82.23628408579103,SUP005,PrimeSteel,MAT100,Steel Coil
2024-10-31,702.2321984315532,97.71621357802525,371.202243253079,951.6278375929505,83.05832936811842,SUP003,CoreSteel,MAT104,Steel Sheet
2024-11-01,703.3852035871629,111.65080646814326,354.1667334702157,1085.2533164911576,83.09363727882199,SUP001,AlphaSteel,MAT101,Steel Rod
2024-11-02,729.2213157200769,111.76123316516026,330.6265731379964,930.7515894216853,82.1350896784835,SUP005,PrimeSteel,MAT102,Steel Plate
2024-11-03,709.6733987779457,115.71930950178243,359.9796008937426,1050.2823322071683,84.5646664951573,SUP005,PrimeSteel,MAT104,Steel Sheet
2024-11-04,600.8739660856724,119.1735753918037,315.54947452883687,1150.8589887573903,82.43590717112409,SUP002,BetaMetals,MAT100,Steel Coil
2024-11-05,684.916107443605,110.97216277924008,345.03610385474207,1040.883662050223,84.21366902341694,SUP004,DeltaIron,MAT102,Steel Plate
2024-11-06,671.4865072649349,123.5755187652085,352.333448786666,1039.2151925191058,83.00094768081178,SUP002,BetaMetals,MAT102,Steel Plate
2024-11-07,716.3217985353313,116.86717826245932,359.28423300383554,1014.6907402979514,83.09400850206282,SUP004,DeltaIron,MAT104,Steel Sheet
2024-11-08,693.2941117558463,109.04787093102357,332.6048116660456,963.136574588646,84.2572268359881,SUP002,BetaMetals,MAT104,Steel Sheet
2024-11-09,716.9957874091982,104.09020670387908,364.3860617702163,946.2095976397761,82.97538749068947,SUP002,BetaMetals,MAT100,Steel Coil
2024-11-10,667.7638087940335,103.70071635903639,351.75765936395965,1060.2632154798034,82.66391589310079,SUP001,AlphaSteel,MAT103,Steel Bar
2024-11-11,718.6953432149649,95.41876726754896,381.5142096546694,1040.0926038196085,82.98848301972481,SUP004,DeltaIron,MAT102,Steel Plate
2024-11-12,721.6359151886236,121.18170125474019,352.9273290030384,984.8590686835091,84.48017451263341,SUP001,AlphaSteel,MAT104,Steel Sheet
2024-11-13,749.7422012050737,121.12832950512671,326.30782379251326,953.9455011905093,83.13097287095695,SUP001,AlphaSteel,MAT103,Steel Bar
2024-11-14,661.2229201669248,129.0416906549908,319.9639740426974,868.763315576272,82.8908682214861,SUP002,BetaMetals,MAT102,Steel Plate
2024-11-15,714.4616827226226,108.18064848493067,360.2573090688889,849.4233526814901,83.18927967629105,SUP005,PrimeSteel,MAT103,Steel Bar
2024-11-16,690.3251554612066,101.75806584592827,361.2571995609373,930.5316149119662,82.28628236836897,SUP003,CoreSteel,MAT101,Steel Rod
2024-11-17,703.7300034741759,111.75186468417151,376.25063835769333,958.2805666868519,81.66871145357163,SUP005,PrimeSteel,MAT102,Steel Plate
2024-11-18,721.7469855989772,114.19120808743148,382.0154689691568,845.5012535920221,82.4683856225292,SUP002,BetaMetals,MAT104,Steel Sheet
2024-11-19,681.089434595474,94.74468945748461,341.80022375860125,923.4185981451005,82.22537849417307,SUP004,DeltaIron,MAT100,Steel Coil
2024-11-20,660.2913465438907,104.12485602908362,340.48982521056615,920.7921613415708,83.27530936599493,SUP003,CoreSteel,MAT101,Steel Rod
2024-11-21,671.3632373466974,100.07237699146984,324.4423350402057,996.6055018248827,81.55624335600537,SUP004,DeltaIron,MAT101,Steel Rod
2024-11-22,733.530378396419,114.17554151980077,330.5614310494551,922.9232288175958,81.3887455620449,SUP001,AlphaSteel,MAT103,Steel Bar
2024-11-23,710.1235947596151,97.75824758435083,348.80908279529814,1064.260056558669,84.56535965153112,SUP001,AlphaSteel,MAT103,Steel Bar
2024-11-24,682.8716138428165,109.93349224270416,358.1149163432809,983.8473095953913,83.11328716844838,SUP005,PrimeSteel,MAT100,Steel Coil
2024-11-25,693.9858459223933,110.50591192695212,375.60159116602745,1115.0001987062844,84.62591316177084,SUP002,BetaMetals,MAT104,Steel Sheet
2024-11-26,682.2432449673494,107.96926415784264,384.2829881668746,1005.6107398761638,83.65511997582725,SUP001,AlphaSteel,MAT100,Steel Coil
2024-11-27,714.9852983174433,106.98765195506772,344.93940147798804,923.6998017750409,83.41691745018782,SUP001,AlphaSteel,MAT103,Steel Bar
2024-11-28,738.785055757441,132.54336333196136,341.95186837669047,979.826386183121,83.54972012427365,SUP001,AlphaSteel,MAT101,Steel Rod
2024-11-29,670.5853046900935,106.64709356358783,363.5530768696002,1087.5313532995447,81.22849028966286,SUP004,DeltaIron,MAT101,Steel Rod
2024-11-30,722.3229960365242,97.17045672826404,328.67445398210697,990.84931462416,82.57123191226886,SUP003,CoreSteel,MAT104,Steel Sheet
2024-12-01,677.1455393042588,108.65207707505266,368.016546097172,1059.7817287109003,84.2908426880718,SUP004,DeltaIron,MAT104,Steel Sheet
2024-12-02,677.8472450412594,116.3751307064407,361.5481338917069,1061.4809165762526,82.6429866390302,SUP001,AlphaSteel,MAT100,Steel Coil
2024-12-03,686.093999935429,121.89360152575276,363.44648019197945,936.8712452708332,83.0421327109777,SUP005,PrimeSteel,MAT103,Steel Bar
2024-12-04,689.9184623092407,101.71198376738484,363.1096313163167,1034.9085438471247,83.02291053652516,SUP002,BetaMetals,MAT103,Steel Bar
2024-12-05,640.8255872911793,93.23115535739069,347.67667668052616,1032.0638946038857,83.26504225640998,SUP001,AlphaSteel,MAT101,Steel Rod
2024-12-06,683.9144651046684,103.9796384667865,333.99675642872353,970.8878998653732,83.38257358222418,SUP002,BetaMetals,MAT103,Steel Bar
2024-12-07,693.0209438205795,124.92093359154288,325.22296758152424,1100.1879348739544,83.49515696272034,SUP001,AlphaSteel,MAT101,Steel Rod
2024-12-08,728.6490173155235,115.66914915591731,361.0358773428347,1023.8640883146348,82.51052888101289,SUP003,CoreSteel,MAT101,Steel Rod
2024-12-09,680.8499015991276,97.42214097447385,309.1030459969378,1056.7245880939674,82.22360268710041,SUP003,CoreSteel,MAT102,Steel Plate
2024-12-10,731.3345672285942,124.2189251015916,370.5864125949087,852.6279042620471,81.96143394883423,SUP002,BetaMetals,MAT101,Steel Rod
2024-12-11,683.1051385746888,111.57685037235657,354.69920615630724,1030.6931379872099,82.9292930151983,SUP004,DeltaIron,MAT102,Steel Plate
2024-12-12,723.7818606679662,102.1128110659332,341.71320535296326,981.3985770708377,83.22105194635157,SUP005,PrimeSteel,MAT102,Steel Plate
2024-12-13,697.8863357145121,103.90975609570768,350.0994018898999,920.7170439743825,82.68881648330046,SUP005,PrimeSteel,MAT101,Steel Rod
2024-12-14,671.0151836126482,107.97002037878131,355.57982934685833,945.3761880909196,81.85112615761034,SUP002,BetaMetals,MAT104,Steel Sheet
2024-12-15,627.3029157428934,118.03875578651844,339.5269067046941,920.5844982162589,82.76558525303123,SUP005,PrimeSteel,MAT102,Steel Plate
2024-12-16,669.7637462686628,118.8869396572358,376.2981895853599,1025.2423517376233,83.3525510381462,SUP002,BetaMetals,MAT101,Steel Rod
2024-12-17,714.1429824713325,111.10774578071045,356.1345159111818,918.8763566653054,82.0863797014295,SUP004,DeltaIron,MAT102,Steel Plate
2024-12-18,656.9867627322043,100.89043736748935,282.8295728991013,948.0191778209083,84.54446303156922,SUP001,AlphaSteel,MAT100,Steel Coil
2024-12-19,732.2516937219733,113.34577359206374,352.81891353135484,979.2878527875829,83.2495370508782,SUP004,DeltaIron,MAT102,Steel Plate
2024-12-20,729.0534588940783,112.04095217995916,319.7304284523761,957.6485241060541,83.81221239120241,SUP001,AlphaSteel,MAT104,Steel Sheet
2024-12-21,701.944510112066,114.2609980734009,376.97409991457437,958.9413580292883,82.64407285269975,SUP003,CoreSteel,MAT101,Steel Rod
2024-12-22,736.3981234541388,127.57581382744101,365.8470893138054,1083.2574011579006,84.16218958530395,SUP002,BetaMetals,MAT102,Steel Plate
2024-12-23,719.4135372262073,111.42561747204275,341.4584384664097,1006.8566728155845,83.12752333097828,SUP003,CoreSteel,MAT102,Steel Plate
2024-12-24,733.1365501060535,115.85829789067208,359.4999883069843,970.5036638120255,80.80180164877032,SUP004,DeltaIron,MAT103,Steel Bar
2024-12-25,666.5088204453496,86.10939266127667,364.2035360843168,891.5605834303037,81.4531954571477,SUP003,CoreSteel,MAT104,Steel Sheet
2024-12-26,643.2456976099683,117.85057854261017,323.68454502318684,969.9055452390162,83.50478004639041,SUP003,CoreSteel,MAT100,Steel Coil
2024-12-27,660.9834413887712,95.9125626910694,350.1080512294513,1105.1293369858001,85.37694708910423,SUP004,DeltaIron,MAT104,Steel Sheet
2024-12-28,646.6134987318549,112.89975254574733,337.33759111688386,1142.3792287218278,82.03975463086162,SUP005,PrimeSteel,MAT104,Steel Sheet
2024-12-29,686.2470013126919,113.22503404482991,379.8839505470972,1013.9820779286125,83.13956725372864,SUP004,DeltaIron,MAT101,Steel Rod
2024-12-30,741.2932376729599,98.25466573599137,344.5978799797693,936.0187663398797,83.80561032288334,SUP003,CoreSteel,MAT104,Steel Sheet
2024-12-31,675.9926474954402,101.67647791957907,338.568571429846,1015.9625032412778,82.01321282219743,SUP005,PrimeSteel,MAT100,Steel Coil
