date,steel_price,iron_ore_price,scrap_price,freight_index,fx_rate,supplier_id,supplier_name,material_id,material_name,pct_change,volatility_score,predicted_mean
2023-01-01,722.3256230127056,98.65995301683336,342.7848347889667,984.1082979416476,82.06089173900205,SUP001,AlphaSteel,MAT102,Steel Plate,0.0,Normal,722.3256230127056
2023-01-02,635.4111680933258,119.557511635965,346.63602308798306,979.7931064807836,82.07745211662447,SUP003,CoreSteel,MAT101,Steel Rod,-12.032586433369675,High,678.8683955530157
2023-01-03,712.0525263561801,108.3302923525789,354.98841230570304,874.4663749942565,83.12826311826167,SUP005,PrimeSteel,MAT101,Steel Rod,12.061695184368816,High,689.9297724874037
2023-01-04,761.8821035252971,110.09042521068436,337.3926690219739,952.0449986997556,82.1976808616591,SUP003,CoreSteel,MAT103,Steel Bar,6.998019854534077,High,707.9178552468771
2023-01-05,640.9295644700397,86.01097261234605,352.90646186238706,955.7654898608696,82.32368524015062,SUP002,BetaMetals,MAT100,Steel Coil,-15.875492874238562,High,694.5201970915098
2023-01-06,706.0125477092004,114.3559917717176,334.9006235840382,914.7809784859994,82.74582404795827,SUP005,PrimeSteel,MAT104,Steel Sheet,10.154467331051475,High,696.4355888611248
2023-01-07,715.3764870118669,110.52389410583766,335.9260073288634,979.1305725913704,82.80050059015264,SUP001,AlphaSteel,MAT104,Steel Sheet,1.326313439194493,Normal,699.141431454088
2023-01-08,682.8963331738373,93.4376362022518,372.4808625210763,1165.9265269744694,83.47666125232868,SUP005,PrimeSteel,MAT104,Steel Sheet,-4.54028814585441,High,693.5086757628211
2023-01-09,729.585060298258,111.88497101876722,347.0476706446188,943.469007074783,83.3963701964974,SUP001,AlphaSteel,MAT103,Steel Bar,6.836868914997618,High,706.9620889349542
2023-01-10,691.5066801937826,103.83458079851376,336.4240126390964,1103.3898317457997,84.26915281420645,SUP004,DeltaIron,MAT104,Steel Sheet,-5.219183091401125,High,704.0269680546118
2023-01-11,684.6236037302901,105.16315282666169,366.2964412600903,1079.3256617716988,81.7289035800339,SUP001,AlphaSteel,MAT101,Steel Rod,-0.995373820765344,Normal,692.9900395124678
2023-01-12,686.5745440095008,91.23570750997588,373.3378615451319,958.186276184164,82.96375933979068,SUP005,PrimeSteel,MAT103,Steel Bar,0.2849653836912047,Normal,699.5107508752479
2023-01-13,675.4060944880396,104.38266448814704,354.6005724034564,953.4538923645598,83.71662624565593,SUP001,AlphaSteel,MAT100,Steel Coil,-1.6266914669220034,Normal,695.1384004150823
2023-01-14,703.3168159452264,120.67345565779176,368.3382326003675,1110.0069764649004,82.62108659952366,SUP004,DeltaIron,MAT101,Steel Rod,4.132435535445267,High,693.415590262705
2023-01-15,716.5022580488146,101.7008058740128,376.6825032219724,1148.9320194302445,82.28387184027612,SUP001,AlphaSteel,MAT103,Steel Bar,1.8747514355770933,Normal,698.2164366734161
2023-01-16,715.4457265231345,103.28349667829175,343.65393392423096,936.9848073333446,84.07139061639032,SUP005,PrimeSteel,MAT103,Steel Bar,-0.14745683126767828,Normal,696.1965318483983
2023-01-17,722.1319337659197,110.4682994086682,337.97155069152234,1098.3178568596898,81.32214868896538,SUP004,DeltaIron,MAT101,Steel Rod,0.9345512866892669,Normal,700.5715680729893
2023-01-18,736.0551639406985,118.29173663605452,372.7625215657124,1149.019130225346,82.83878156944681,SUP005,PrimeSteel,MAT104,Steel Sheet,1.9280729079752978,Normal,707.9189338173335
2023-01-19,667.8133202326111,117.6245818811376,356.75145926201736,923.1860639586412,80.2412384671516,SUP003,CoreSteel,MAT103,Steel Bar,-9.271294741379666,High,705.2387589920636
2023-01-20,676.7130027560252,110.25186243548237,353.64466611488734,993.3870476360984,83.69111287189295,SUP004,DeltaIron,MAT102,Steel Plate,1.332660229106275,Normal,705.4254601732043
2023-01-21,705.750459702393,122.86408957913184,368.7498285256128,1014.3632067579688,82.64131866804249,SUP005,PrimeSteel,MAT102,Steel Plate,4.290955963326848,High,705.7731235670852
2023-01-22,712.7748970565102,114.40997815645136,339.5481326218076,1167.284513716377,81.79303946361698,SUP002,BetaMetals,MAT102,Steel Plate,0.9953145984601175,Normal,705.2406434253273
2023-01-23,672.266369144761,92.21918851907128,347.6557727645386,995.05160813027,81.43960805442102,SUP003,CoreSteel,MAT100,Steel Coil,-5.68321472586002,High,699.0721637998456
2023-01-24,658.7638683937969,109.0088986023114,360.1051850040951,1006.6530738219212,81.72517586599733,SUP003,CoreSteel,MAT100,Steel Coil,-2.0085045706126348,Normal,690.0195830323994
2023-01-25,687.4336571497553,103.13283052872576,330.4695399419565,832.2120859529125,83.46485015762234,SUP003,CoreSteel,MAT103,Steel Bar,4.352058473677567,High,683.0736534908361
2023-01-26,781.3941986035569,95.4740779304542,353.90087370236284,1007.5776148546776,83.9244629995623,SUP005,PrimeSteel,MAT100,Steel Coil,13.668306821545784,High,699.299493258114
2023-01-27,661.5547495021954,107.170986656741,334.30222958094805,954.9003736647644,81.12961900890046,SUP001,AlphaSteel,MAT101,Steel Rod,-15.336618740647001,High,697.1340285075669
2023-01-28,691.7108262589414,109.93891415209028,329.7717487352694,989.53566026676,83.79323617505236,SUP002,BetaMetals,MAT104,Steel Sheet,4.558364485998756,High,695.1283665870739
2023-01-29,716.5032836804369,94.5964291321642,340.59139438944163,948.5232866629736,84.53792675048996,SUP004,DeltaIron,MAT104,Steel Sheet,3.584222839995621,High,695.6609932476349
2023-01-30,647.6068713195135,103.88365367312092,349.7911679709521,1013.328881745287,83.05631313336646,SUP002,BetaMetals,MAT103,Steel Bar,-9.615645026359909,High,692.138207844028
2023-01-31,692.8400485439157,113.95305439528424,374.65257234662624,1003.2327393181,82.78284279463942,SUP005,PrimeSteel,MAT100,Steel Coil,6.984666041643228,High,697.0062335797593
2023-02-01,713.3424134087768,100.40384757129848,344.9846348984996,931.9988776602148,81.48885441680547,SUP003,CoreSteel,MAT102,Steel Plate,2.9591772167254504,Normal,700.7074844739053
2023-02-02,728.9452339451204,115.95360001637982,365.7886085196646,907.2343323025208,83.35943131748927,SUP001,AlphaSteel,MAT102,Steel Plate,2.1872834480406222,Normal,693.2147752369857
2023-02-03,657.1768893427386,119.79400171505192,368.5335693074935,945.8993917981784,83.33666665002025,SUP004,DeltaIron,MAT103,Steel Bar,-9.845505706096025,High,692.5893666427776
2023-02-04,687.5739548652319,98.60421108497592,350.7757374510141,1035.6622494806986,82.99736653624568,SUP004,DeltaIron,MAT104,Steel Sheet,4.6254008647343525,High,691.9983850151049
2023-02-05,685.8513790653749,105.67356022911858,354.93366934678846,1094.311890444976,82.31637747476033,SUP002,BetaMetals,MAT102,Steel Plate,-0.2505295303389832,Normal,687.6195414986674
2023-02-06,694.6880233371447,100.23305727516794,350.7206535979624,889.6227797601412,82.4378635296368,SUP003,CoreSteel,MAT103,Steel Bar,1.2884196987125396,Normal,694.3454203583291
2023-02-07,695.1107392083336,101.43574015261774,317.9324099534062,926.1154351447144,83.22552093081315,SUP004,DeltaIron,MAT104,Steel Sheet,0.06084974218474315,Normal,694.6698047389601
2023-02-08,641.427829036464,107.43283582428502,342.9956337518201,991.5047394056268,84.39379193835195,SUP002,BetaMetals,MAT103,Steel Bar,-7.722929188665595,High,684.3962926857724
2023-02-09,731.5498784089916,116.73565425148315,349.7024002280709,802.332796077506,82.4958680658537,SUP003,CoreSteel,MAT102,Steel Plate,14.050224404498724,High,684.76838475204
2023-02-10,613.2732305140897,111.08915992084177,333.4098422128272,998.504341695914,84.36703143385476,SUP003,CoreSteel,MAT103,Steel Bar,-16.167954009114915,High,678.4964334908044
2023-02-11,705.8507373349216,113.30150146520651,322.4665445560666,1025.3104146602018,81.97200531734433,SUP001,AlphaSteel,MAT103,Steel Bar,15.09563799861715,High,681.1074024150457
2023-02-12,650.2329674176775,107.17653255304884,374.9739209550851,1074.5253380239508,83.3862961994054,SUP005,PrimeSteel,MAT100,Steel Coil,-7.879536986422931,High,676.0190578939461
2023-02-13,632.3212685921571,112.07025445134084,343.2360630945983,997.5360813003608,83.78867459108787,SUP005,PrimeSteel,MAT103,Steel Bar,-2.7546586720532673,Normal,667.109521501805
2023-02-14,718.2133579938295,119.34762031950474,327.4926667422708,953.5965463153904,83.41304814659605,SUP004,DeltaIron,MAT102,Steel Plate,13.583615429053708,High,670.4098956140188
2023-02-15,681.1044860986882,93.69751181347326,337.59557467703183,1142.129845090147,81.5798721068552,SUP004,DeltaIron,MAT102,Steel Plate,-5.1668312044204745,High,676.0779894800507
2023-02-16,758.9959398900094,110.57857181295074,326.12033664925235,1157.291452253224,83.15969555185454,SUP004,DeltaIron,MAT104,Steel Sheet,11.436050617942218,High,679.9988554059104
2023-02-17,684.9148505338073,117.14693066296384,349.54481177634227,997.6623041682324,85.00383036610408,SUP002,BetaMetals,MAT102,Steel Plate,-9.760406540111077,High,690.2333725515845
2023-02-18,644.9722367120384,114.5916395331536,350.0512201429167,958.7177101037064,83.7531872644668,SUP002,BetaMetals,MAT103,Steel Bar,-5.831763436088233,High,681.5364438911723
2023-02-19,677.4294066533575,115.69537519838158,353.3400708487042,1027.1665159459812,83.13602060878588,SUP003,CoreSteel,MAT101,Steel Rod,5.032335981899072,High,685.4216494962695
2023-02-20,713.4442506364363,103.49343424571046,345.4397580525007,1037.0039805238882,82.32250787489319,SUP002,BetaMetals,MAT102,Steel Plate,5.316398082126317,High,697.0106469311667
2023-02-21,648.857169761091,124.7314348648124,326.02499096237386,877.9781149690012,82.42986384383035,SUP002,BetaMetals,MAT100,Steel Coil,-9.052856031530098,High,687.1026200407754
2023-02-22,724.5399145596725,109.0455702230412,372.7765452677797,938.8749419585264,83.2648646267562,SUP003,CoreSteel,MAT100,Steel Coil,11.664006860931808,High,693.3076812494875
2023-02-23,702.950210490635,121.34207421278268,346.8303155226166,1180.6069918010503,84.39427675713439,SUP005,PrimeSteel,MAT102,Steel Plate,-2.979781187370245,Normal,685.3011484781483
2023-02-24,683.6165175890881,120.58993084048316,353.8799188585902,929.6507491897472,83.03588945099158,SUP001,AlphaSteel,MAT102,Steel Plate,-2.750364480018097,Normal,685.1156723431884
2023-02-25,683.4262385098546,118.93548987606226,364.8012573419476,980.2247599287616,84.8604899841183,SUP005,PrimeSteel,MAT104,Steel Sheet,-0.027834183981478855,Normal,690.6091011714478
2023-02-26,683.7508908479441,107.51640003860255,298.97747409990427,957.06878022761,84.43715246380982,SUP004,DeltaIron,MAT102,Steel Plate,0.047503639719392865,Normal,691.512170342103
2023-02-27,670.5011690358671,107.65588148392013,343.0832808824003,1001.9047672791716,82.33011680423468,SUP004,DeltaIron,MAT104,Steel Sheet,-1.937799568443055,Normal,685.3774443991645
2023-02-28,703.9960562766987,102.93623432777405,365.6077704279551,876.8187350796688,81.51196721584745,SUP005,PrimeSteel,MAT103,Steel Bar,4.995500200095826,High,693.2544281871086
2023-03-01,720.8858554161601,101.56631886023112,342.4092800041115,973.309502175768,84.74166589257905,SUP001,AlphaSteel,MAT104,Steel Sheet,2.399132635598611,Normal,692.7324197380352
2023-03-02,703.8001204463939,110.84914969126004,363.7353128987636,1071.5342712869572,83.8436068231023,SUP001,AlphaSteel,MAT103,Steel Bar,-2.3701026787247503,Normal,692.853835446001
2023-03-03,711.2880640958808,114.84829150720968,322.925847717305,1017.6844727416188,83.17336443133159,SUP005,PrimeSteel,MAT102,Steel Plate,1.0639304302388686,Normal,696.8069135183998
2023-03-04,692.7355333970185,114.73477419222203,381.2151450112976,1127.290152187669,83.03084385968123,SUP002,BetaMetals,MAT104,Steel Sheet,-2.608300579659595,Normal,698.1368127879948
2023-03-05,748.6823968501981,100.6464354369536,328.21166549115344,921.8951640278252,84.2339649762169,SUP002,BetaMetals,MAT104,Steel Sheet,8.07622256344045,High,707.4127422168882
2023-03-06,714.2097920373335,101.36792053347703,358.0131303499473,989.7734703511184,81.90346259199987,SUP001,AlphaSteel,MAT101,Steel Rod,-4.604436401589673,High,713.6568312170975
2023-03-07,704.8834735892955,114.9329972423318,356.6183318937284,954.8700715094872,84.81256185659159,SUP003,CoreSteel,MAT104,Steel Sheet,-1.30582338019114,Normal,713.7836051188972
2023-03-08,756.9423399184501,123.6858730363325,329.94395896134967,894.587965050023,84.21875274047778,SUP001,AlphaSteel,MAT101,Steel Rod,7.385457069105161,High,718.9345314763672
2023-03-09,684.1302343241977,120.74348091859574,364.1199213857463,865.0118716108353,85.64840579470464,SUP001,AlphaSteel,MAT104,Steel Sheet,-9.619240694356845,High,716.1245477446248
2023-03-10,713.5677524854035,109.585545246187,341.84830976784684,953.0678952954964,85.24016286922041,SUP001,AlphaSteel,MAT104,Steel Sheet,4.3029114464273155,High,716.4502175145566
2023-03-11,704.3460885869096,94.7733245402856,392.67581962112433,1043.5334783108333,81.29865025544292,SUP001,AlphaSteel,MAT103,Steel Bar,-1.2923319287305612,Normal,718.1088682559696
2023-03-12,702.7042658272248,106.8286094298676,361.213571199605,982.5063714630666,83.58050639506187,SUP003,CoreSteel,MAT100,Steel Coil,-0.23309886805484847,Normal,711.5405638241165
2023-03-13,742.6349037461702,113.86861299525648,345.1900888112027,1086.5696483780923,81.55162132489455,SUP001,AlphaSteel,MAT100,Steel Coil,5.682424294370669,High,715.6012940682359
2023-03-14,754.9024009870096,97.22935766200231,385.64551456305503,1005.3784504065771,84.49549358858775,SUP005,PrimeSteel,MAT103,Steel Bar,1.6518880514445167,Normal,722.7468551250522
2023-03-15,705.3873720800522,114.55996327555673,340.91698574466125,845.5571297503041,83.47908890105202,SUP003,CoreSteel,MAT102,Steel Plate,-6.559129874566327,High,715.3818597195668
2023-03-16,740.5442066044117,105.36480886844288,324.57123571640915,1006.2206434925972,84.64633758431869,SUP005,PrimeSteel,MAT103,Steel Bar,4.984046485080773,High,723.4409986167402
2023-03-17,695.468058972441,115.11081532334214,341.8826690752885,1113.051685610219,81.41655970707976,SUP003,CoreSteel,MAT101,Steel Rod,-6.08689491187252,High,720.8553281148885
2023-03-18,773.2644456530516,98.07119293058788,367.6451616917952,1124.1146238283068,83.71347436282099,SUP001,AlphaSteel,MAT101,Steel Rod,11.186191181167304,High,730.700807695766
2023-03-19,731.8599570435241,118.46879895683767,383.6718535234032,1059.0228924711205,82.87851850814265,SUP005,PrimeSteel,MAT104,Steel Sheet,-5.354505672966736,High,734.8659064409514
2023-03-20,722.2966685582234,117.24083027469509,352.57925723525926,907.797412162187,82.09541939001114,SUP002,BetaMetals,MAT103,Steel Bar,-1.306710169515668,Normal,731.9604442712449
2023-03-21,723.4373990018005,91.9301196250232,369.38136407833787,1058.7738718314852,83.34775484336022,SUP005,PrimeSteel,MAT104,Steel Sheet,0.1579310127311162,Normal,727.4654439876434
2023-03-22,741.3732921856376,102.24495488639086,376.0101386352469,1104.674043050558,84.87198885792353,SUP003,CoreSteel,MAT101,Steel Rod,2.479259879097362,Normal,732.6062897170128
2023-03-23,631.3146183857662,126.94114033809964,332.18157459173176,985.8844906224234,85.25862707431062,SUP001,AlphaSteel,MAT102,Steel Plate,-14.845243949294185,High,717.0020628286348
2023-03-24,744.780577586639,115.21318268914932,342.8777051673304,766.1290997850003,84.58001067685035,SUP005,PrimeSteel,MAT104,Steel Sheet,17.972965601683445,High,724.0467083449488
2023-03-25,696.2412658251897,103.26148204844144,379.81885037412167,1062.0751381094426,82.20961203788258,SUP003,CoreSteel,MAT100,Steel Coil,-6.517263368861526,High,713.0433969409686
2023-03-26,752.5154424155309,88.83285316508463,317.28630755078814,1028.7458682439806,83.41587967568525,SUP003,CoreSteel,MAT102,Steel Plate,8.082568407324242,High,715.994180565541
2023-03-27,717.4427124387345,108.63075366516053,341.85000283751845,874.3326601157975,83.49233018912622,SUP005,PrimeSteel,MAT104,Steel Sheet,-4.660732258758038,High,715.3007582627569
2023-03-28,779.5410423738045,97.1421712243918,347.5349985767161,868.088036782019,83.4228655625229,SUP003,CoreSteel,MAT101,Steel Rod,8.655510587595927,High,723.3155644587574
2023-03-29,645.2177214437476,111.98984471343095,346.7223925634016,986.9305288819528,82.17717423333121,SUP002,BetaMetals,MAT102,Steel Plate,-17.23107747104948,High,709.5790543527731
2023-03-30,728.0459821251357,123.05251946172338,347.556553179195,1069.4105138501616,83.62636264451432,SUP003,CoreSteel,MAT102,Steel Plate,12.83725755331866,High,723.3978206012546
2023-03-31,685.9309730926819,117.87130078623596,318.10049363081777,946.820443400666,83.67864079367399,SUP003,CoreSteel,MAT104,Steel Sheet,-5.784663340840335,High,714.990734244975
2023-04-01,686.8325878190049,113.0940608889191,332.674049348068,1057.3011699684882,84.2935503354358,SUP002,BetaMetals,MAT102,Steel Plate,0.13144394431670037,Normal,713.6466373869486
2023-04-02,704.3783541186908,109.54784608549068,323.2189854126957,1000.660827352769,83.39060010820404,SUP002,BetaMetals,MAT104,Steel Sheet,2.55459141148231,Normal,706.7699104874
2023-04-03,681.017456475303,123.77167798117212,411.7117539991393,1020.6169294476664,83.49404595874978,SUP005,PrimeSteel,MAT104,Steel Sheet,-3.316526907277939,High,701.5663024926241
2023-04-04,779.3360106728853,107.14297708535597,347.8637529668388,901.7054933002348,82.86026978950733,SUP001,AlphaSteel,MAT102,Steel Plate,14.437009398620004,High,701.5370122496357
2023-04-05,604.2071187101002,113.52726877339175,332.3094325341308,996.5384246195372,82.3559066441055,SUP004,DeltaIron,MAT103,Steel Bar,-22.471551367372,High,695.6783547162574
2023-04-06,673.9465792160622,105.7677744750914,321.1252584629009,993.306959074121,82.22430855175631,SUP005,PrimeSteel,MAT103,Steel Bar,11.542310301614167,High,687.9498685863897
2023-04-07,643.3557605650117,92.73023991110284,337.764649224761,981.84846568077,80.67775209365999,SUP003,CoreSteel,MAT101,Steel Rod,-4.539056891813875,High,681.8676953681512
2023-04-08,732.8466118199505,117.16657252904156,347.0116601070371,1017.2762712560516,83.24977070941434,SUP003,CoreSteel,MAT101,Steel Rod,13.910010097111059,High,688.4411273682863
2023-04-09,724.9873765245204,122.88329002107014,358.6642901413402,1115.019883074614,84.89845359667608,SUP002,BetaMetals,MAT102,Steel Plate,-1.0724256848117841,Normal,691.385273426262
2023-04-10,675.533621944027,112.84481915846526,353.3139557214824,1056.7857259607208,82.65193142193655,SUP004,DeltaIron,MAT102,Steel Plate,-6.821326299164987,High,690.6018684932225
2023-04-11,685.3819053781558,113.9181262764808,330.96807781768103,1103.995775649884,81.24284242991158,SUP005,PrimeSteel,MAT104,Steel Sheet,1.4578524464537779,Normal,677.1798534511182
2023-04-12,699.8998139512714,109.2141979784056,340.89788986721925,1077.9881383463144,82.70693359166503,SUP004,DeltaIron,MAT100,Steel Coil,2.118221747494986,Normal,690.8502384855713
2023-04-13,714.6652904468014,113.6068094457596,356.93794816910065,1012.8853450529994,82.28230268874759,SUP003,CoreSteel,MAT100,Steel Coil,2.1096557251775394,Normal,696.6671972328196
2023-04-14,737.4177448389252,97.61284756689214,330.45464129364365,1011.0853240177988,82.96567454716718,SUP005,PrimeSteel,MAT103,Steel Bar,3.1836518012368087,High,710.1046235576645
2023-04-15,723.531896233967,117.3070391014626,368.9064445233105,1075.7923694702,84.54983901652571,SUP001,AlphaSteel,MAT104,Steel Sheet,-1.8830369491571242,Normal,708.773949902524
2023-04-16,690.5532832565104,106.6637121003574,337.7269162306475,1191.48130313608,82.75706932294642,SUP005,PrimeSteel,MAT100,Steel Coil,-4.558004028448847,High,703.8547937213798
2023-04-17,722.4913982888609,119.11860975821568,348.73961472357337,971.4944352811945,84.69493361856586,SUP002,BetaMetals,MAT102,Steel Plate,4.625003719008713,High,710.5630474849274
2023-04-18,687.280445598629,111.3319457950019,390.2744374056144,860.2574669021833,81.72815243912315,SUP001,AlphaSteel,MAT101,Steel Rod,-4.873546283544005,High,710.8342675164237
2023-04-19,718.6760918341846,103.71376272644548,351.73679506105424,849.9800740465976,83.06109500691552,SUP003,CoreSteel,MAT103,Steel Bar,4.568098283112021,High,713.5165929282683
2023-04-20,679.7000152517978,122.66432250222788,366.5608850858735,965.0434449762992,83.74054003352758,SUP002,BetaMetals,MAT103,Steel Bar,-5.423316153861912,High,708.5215536146965
2023-04-21,728.8510207771945,92.74810695533124,330.6035973346619,1058.5171154559064,83.27743641617921,SUP003,CoreSteel,MAT101,Steel Rod,7.231279155877091,High,707.2977358915921
2023-04-22,573.4365757593758,110.422161547886,335.42710515359835,1043.6162895796888,83.10262667030405,SUP003,CoreSteel,MAT100,Steel Coil,-21.32321154631791,High,685.8555472523648
2023-04-23,624.1277244629853,110.94572502138668,350.3613469030652,1124.946000289997,83.31493962455855,SUP001,AlphaSteel,MAT104,Steel Sheet,8.839887591139695,High,676.3661817104324
2023-04-24,689.4481099885263,94.34392730168972,357.1446970260717,1095.7884750172332,82.29373160589836,SUP004,DeltaIron,MAT102,Steel Plate,10.465868277481881,High,671.6457119532419
2023-04-25,766.1064087981194,105.20252138108744,408.810078516837,1064.133539434586,83.20442297534821,SUP002,BetaMetals,MAT102,Steel Plate,11.118791639137115,High,682.9065638388835
2023-04-26,685.123299744344,123.82711197561852,314.2657872216072,1104.1763816802545,83.03847192545147,SUP003,CoreSteel,MAT100,Steel Coil,-10.570739015331188,High,678.1133078260491
2023-04-27,712.2438059938574,117.1678523568988,317.1952476973566,932.9653161970044,81.80228742611835,SUP005,PrimeSteel,MAT100,Steel Coil,3.958485466723083,High,682.7624207892004
2023-04-28,689.880100430073,123.31450688814628,367.4699699645804,1099.1146765553844,82.90046829021134,SUP005,PrimeSteel,MAT102,Steel Plate,-3.139894706782098,High,677.1951464538972
2023-04-29,678.0262411261416,122.469833695312,345.05749532567205,1021.3640667851984,83.92802983949493,SUP002,BetaMetals,MAT100,Steel Coil,-1.718249199613331,Normal,692.1365272205782
2023-04-30,777.3800106753416,94.33579755363604,358.8695481350964,956.3648144636768,82.83253303151808,SUP003,CoreSteel,MAT102,Steel Plate,14.65338117064352,High,714.0297109652005
2023-05-01,686.2770919928327,101.2192143931204,340.22180984712287,1121.0690047233982,82.477122337729,SUP005,PrimeSteel,MAT100,Steel Coil,-11.719225788088394,High,713.5767083943871
2023-05-02,704.2429599766937,107.35683404610856,345.0545146063868,1127.97017222453,83.90540578825158,SUP005,PrimeSteel,MAT103,Steel Bar,2.617873770446155,Normal,704.739072848469
2023-05-03,658.7925004020353,114.1704173786523,373.203884215368,1081.3324165217891,83.28375003174335,SUP001,AlphaSteel,MAT104,Steel Sheet,-6.453803894065546,High,700.9775300852822
2023-05-04,763.0296025610936,116.2875601017741,326.0088376597467,952.9554350560214,83.32137084186904,SUP005,PrimeSteel,MAT104,Steel Sheet,15.82244820568639,High,708.2326438806015
2023-05-05,651.0612214201752,117.93632776011655,339.09617216682574,1109.2492828373229,82.92211652277307,SUP003,CoreSteel,MAT104,Steel Sheet,-14.67418574130004,High,702.6870897363306
2023-05-06,754.7390176293934,118.68908978478532,354.4425555804469,948.3955891647696,83.4056200028337,SUP001,AlphaSteel,MAT100,Steel Coil,15.92443118990612,High,713.6460578082236
2023-05-07,708.5920373028382,108.55237286100116,333.0745007985023,997.136964211312,84.99014812913067,SUP001,AlphaSteel,MAT101,Steel Rod,-6.1142963658485705,High,703.8192044692945
2023-05-08,776.4036837031496,106.1504901885502,356.20748483454094,911.715240802611,82.61143799834792,SUP004,DeltaIron,MAT102,Steel Plate,9.569913692288633,High,716.6944318564828
2023-05-09,766.4529998113749,106.4510611626562,327.0899449305818,971.4201144472944,82.7887117525306,SUP003,CoreSteel,MAT103,Steel Bar,-1.2816379031477254,Normal,725.5815804042943
2023-05-10,689.8694996822358,110.61625839467956,337.31345026768395,959.3484526360644,81.55818669237065,SUP004,DeltaIron,MAT103,Steel Bar,-9.991936902587161,High,730.0211517300373
2023-05-11,695.6394657280524,113.40582383670628,350.36253849895445,1067.847673294892,84.05940626586302,SUP004,DeltaIron,MAT101,Steel Rod,0.8363851494339825,Normal,720.3939893253171
2023-05-12,707.4446230997161,125.04319696931856,359.6908005129158,980.6248546161746,83.61285949774295,SUP005,PrimeSteel,MAT100,Steel Coil,1.6970223734083856,Normal,728.4487609938229
2023-05-13,678.0088963442726,115.03477453781603,349.1527014666051,1045.54581362885,81.25676483935477,SUP003,CoreSteel,MAT101,Steel Rod,-4.16085242495291,High,717.4873150959485
2023-05-14,722.9068000159768,95.01464770493934,372.8906798683573,899.8973007739529,83.87476316861398,SUP001,AlphaSteel,MAT100,Steel Coil,6.622022795539606,High,719.5322811978256
2023-05-15,670.4829395196751,114.57215491490176,361.6904476219748,1071.1656897986377,83.1121483202598,SUP005,PrimeSteel,MAT100,Steel Coil,-7.251814548589541,High,704.4007463144719
2023-05-16,680.1497702396397,104.07800249891174,371.1598892382163,1024.446465426713,81.39879113363742,SUP001,AlphaSteel,MAT101,Steel Rod,1.4417713188779713,Normal,692.0717135185098
2023-05-17,690.8047144423832,106.5907559583371,346.8203686682914,995.3378140656584,81.51648461107598,SUP001,AlphaSteel,MAT103,Steel Bar,1.5665585241599667,Normal,692.2053156271022
2023-05-18,658.5963598070457,130.9035408694722,344.54470225532765,887.4796764863706,83.4256416097186,SUP004,DeltaIron,MAT101,Steel Rod,-4.662439899724202,High,686.9134433526726
2023-05-19,640.9825416955753,123.72172521609627,349.04129830569764,946.2405470908566,82.82223557636344,SUP005,PrimeSteel,MAT101,Steel Rod,-2.674448142505814,Normal,677.4188602949383
2023-05-20,723.7072773301423,94.6363882275818,354.5039343641991,943.8295165435636,82.89423334412295,SUP001,AlphaSteel,MAT103,Steel Bar,12.905926488377894,High,683.9472004357768
2023-05-21,668.4647896160247,121.88423784539312,351.33620746162194,965.9372775066954,84.71786793101614,SUP004,DeltaIron,MAT101,Steel Rod,-7.633264089579816,High,676.1697703786409
2023-05-22,711.6274535907929,117.30262799884184,322.7206467585674,1048.111873019402,83.2002543385741,SUP002,BetaMetals,MAT100,Steel Coil,6.456983919760595,High,682.0475581030862
2023-05-23,771.2957872847575,98.851485788489,324.6716071781671,994.6923367792588,84.0590909743414,SUP002,BetaMetals,MAT103,Steel Bar,8.384771187913675,High,695.0684176809602
2023-05-24,653.3202062562725,112.59534748573454,361.4365331053928,961.993823822564,81.89002864001091,SUP002,BetaMetals,MAT101,Steel Rod,-15.29576369706388,High,689.7134879400872
2023-05-25,631.099513747882,112.43757239147308,327.765774421977,937.5498088345984,83.52319300535741,SUP005,PrimeSteel,MAT100,Steel Coil,-3.401194742731428,High,685.7853670744925
2023-05-26,703.7324791037124,102.05900102719158,338.8902050481488,961.2268322742732,81.80152446000383,SUP004,DeltaIron,MAT104,Steel Sheet,11.508956000375958,High,694.7496438470835
2023-05-27,779.6201961131962,99.9949760794886,362.4727721887869,1032.5010648085668,81.92999064649882,SUP005,PrimeSteel,MAT101,Steel Rod,10.783603039913103,High,702.737203673234
2023-05-28,678.7817273426413,108.31967783004475,369.4198500191378,1163.972258327518,81.6865186486705,SUP002,BetaMetals,MAT104,Steel Sheet,-12.934306893701075,High,704.2110519198935
2023-05-29,737.7346553676614,115.2880268920264,339.87441575233413,1019.8244485250324,82.13269910577569,SUP003,CoreSteel,MAT104,Steel Sheet,8.685108283013832,High,707.9406521737319
2023-05-30,724.1025911857555,112.3987298183815,321.4053772088181,908.6959997809035,83.81075423637957,SUP003,CoreSteel,MAT102,Steel Plate,-1.8478275464925975,Normal,701.1987670167316
2023-05-31,705.7391867801936,100.31945383069646,351.2981453871298,1015.2279420579326,82.49507283192895,SUP004,DeltaIron,MAT100,Steel Coil,-2.5360224682376753,Normal,708.6871928058632
2023-06-01,705.3155410275054,108.2553757905768,356.1953770083364,984.210509480382,83.85703624196648,SUP001,AlphaSteel,MAT104,Steel Sheet,-0.06002865656659084,Normal,719.289482417238
2023-06-02,710.1152577312351,106.8921806314767,330.625119140872,920.2253275979112,83.0252481338317,SUP002,BetaMetals,MAT101,Steel Rod,0.6805063017238266,Normal,720.2013079354555
2023-06-03,744.5712267958344,103.38443988842468,353.8621806836707,959.4463458745572,83.79979049170024,SUP002,BetaMetals,MAT102,Steel Plate,4.85216571387066,High,715.1943123186895
2023-06-04,692.4580369849493,101.30871649705354,339.2705914699018,990.0970293451304,82.91682273551302,SUP002,BetaMetals,MAT100,Steel Coil,-6.9990872512153635,High,717.1480708390193
2023-06-05,680.2963542723986,114.21412511634428,366.6843725825516,1048.570091710607,83.02516195752534,SUP003,CoreSteel,MAT101,Steel Rod,-1.756306095529514,Normal,708.9425992539817
2023-06-06,679.0923360764931,115.7351074614449,320.18650689499026,957.4546047739624,82.6499976471808,SUP001,AlphaSteel,MAT101,Steel Rod,-0.17698436693714958,Normal,702.5125628098014
2023-06-07,694.9047172637527,110.02475363489116,318.20205912042445,1095.5924597445276,82.80192979703767,SUP003,CoreSteel,MAT100,Steel Coil,2.3284582003408882,Normal,700.9647814503098
2023-06-08,722.9245825223646,113.22102124974778,331.1886035163655,980.3072925894104,82.35909702952333,SUP003,CoreSteel,MAT101,Steel Rod,4.032188091763511,High,703.4803588067182
2023-06-09,704.7792755738807,103.12329829007392,305.2199726416163,870.7220272896495,81.19189560338125,SUP002,BetaMetals,MAT103,Steel Bar,-2.509986157224442,Normal,702.7180756413819
2023-06-10,701.8530074401006,110.45445764588972,360.0373463335748,932.406228064924,83.47051707345142,SUP005,PrimeSteel,MAT103,Steel Bar,-0.41520348784338523,Normal,696.6154728762771
2023-06-11,736.95340413356,119.4247057364341,328.61629591497893,844.3492364686796,84.20431881901071,SUP004,DeltaIron,MAT102,Steel Plate,5.001103695698705,High,702.9719538975071
2023-06-12,710.6958996093381,120.61458088234558,314.4855565724479,939.7464479378978,80.48740897775606,SUP001,AlphaSteel,MAT102,Steel Plate,-3.56298028843397,High,707.3147460884985
2023-06-13,697.5919299578277,115.66042914045224,366.5146670623535,980.0501270375472,84.4004922790184,SUP003,CoreSteel,MAT102,Steel Plate,-1.843822323825639,Normal,709.9575452144035
2023-06-14,697.3081335638966,128.5037722392675,337.14981603323,1042.2639612729529,83.84504940815528,SUP002,BetaMetals,MAT103,Steel Bar,-0.040682293149263415,Normal,710.3008904001383
2023-06-15,702.1325962031561,114.34359838665384,350.8002718004819,1032.7935434111846,82.58328157101637,SUP005,PrimeSteel,MAT104,Steel Sheet,0.6918695490617743,Normal,707.3306066402514
2023-06-16,727.052151002129,126.51479342196352,356.2688261922304,949.3227900830692,81.96369630153828,SUP005,PrimeSteel,MAT101,Steel Rod,3.549123760060069,High,710.512445987144
2023-06-17,746.9176472723577,102.22607686354924,375.3999153951255,1046.228062838069,83.28579543636168,SUP002,BetaMetals,MAT101,Steel Rod,2.732334433348038,Normal,716.9502516774664
2023-06-18,623.7802099414736,113.66914005538828,356.259088389063,1107.2763420789297,82.80751336410836,SUP004,DeltaIron,MAT101,Steel Rod,-16.486079527048993,High,700.7826525071685
2023-06-19,709.618898791014,118.77696537131958,320.8189579770659,932.073458195541,83.73667009136355,SUP002,BetaMetals,MAT102,Steel Plate,13.761047157554774,High,700.6287952474078
2023-06-20,741.4708556888627,96.47174681047812,352.45054501915786,1187.3591505877007,82.85421175564939,SUP003,CoreSteel,MAT104,Steel Sheet,4.488600423708444,High,706.8972132089842
2023-06-21,672.3316178904385,118.86821768016485,332.6451621154572,965.6119773416788,82.27189446577651,SUP001,AlphaSteel,MAT100,Steel Coil,-9.324606256329593,High,703.3291395413473
2023-06-22,747.1176938746906,107.02341653707228,356.40230663953497,1048.0557726459256,83.57852770563323,SUP005,PrimeSteel,MAT100,Steel Coil,11.123391194795662,High,709.7555820658523
2023-06-23,686.2744769375713,124.56911432085172,365.3645773330605,883.8459290614292,83.37007718030328,SUP002,BetaMetals,MAT104,Steel Sheet,-8.143725872904328,High,703.9302000566297
2023-06-24,717.168852674453,100.08358785400053,306.3504749011445,1012.2787757492888,81.4601629075741,SUP001,AlphaSteel,MAT104,Steel Sheet,4.501752108681734,High,699.6803722569291
2023-06-25,701.9088542683699,120.86321854001004,385.6275826996024,965.4170401997252,81.25512571159923,SUP003,CoreSteel,MAT102,Steel Plate,-2.1278110934650596,Normal,710.8416071607714
2023-06-26,643.6229335453703,105.24385965908895,360.3919419352691,966.4281229410228,82.52104422904085,SUP004,DeltaIron,MAT101,Steel Rod,-8.303915867218048,High,701.4136121256795
2023-06-27,634.6772684398076,110.81776429949925,327.0463773305907,886.6561550964645,81.71738695034051,SUP003,CoreSteel,MAT103,Steel Bar,-1.3898922240520362,Normal,686.1573853758144
2023-06-28,796.1881569957216,103.27035400357444,390.2977280443809,1058.317788045469,84.1664438298558,SUP001,AlphaSteel,MAT100,Steel Coil,25.44771911446386,High,703.851176676569
2023-06-29,684.1709051265212,132.6945935074027,391.47625919387656,1005.406809701893,82.6270005404956,SUP002,BetaMetals,MAT101,Steel Rod,-14.069193429336869,High,694.8587782839735
2023-06-30,656.1341579941952,108.97877386209264,320.920019904684,1001.8707503449316,84.04746332797063,SUP003,CoreSteel,MAT101,Steel Rod,-4.097915728693735,High,690.5530184349199
2023-07-01,687.2537059494762,120.89723065744607,347.4410089349984,921.9661284512766,82.64170286611449,SUP004,DeltaIron,MAT103,Steel Bar,4.7428635708303135,High,686.2794260456375
2023-07-02,766.0309862853152,107.82040734957737,346.994294499194,897.0391450259331,83.507649711607,SUP003,CoreSteel,MAT102,Steel Plate,11.462619939896012,High,695.4397306194868
2023-07-03,732.4533979807164,106.32173128602936,371.5808763595397,942.2349701098216,83.79022972669381,SUP002,BetaMetals,MAT104,Steel Sheet,-4.383319853342393,High,708.1297969673933
2023-07-04,744.9975259471795,108.69299245255412,328.2141216082769,923.5032419710416,82.59721718217615,SUP002,BetaMetals,MAT102,Steel Plate,1.7126178950149784,Normal,723.8898337541608
2023-07-05,629.5964699205077,106.91823001843024,329.2681077019811,989.0294763609572,82.31974046108733,SUP004,DeltaIron,MAT104,Steel Sheet,-15.490126075244671,High,700.0910213148444
2023-07-06,725.8917912466108,109.39631897616276,350.7218216254964,1074.4145629193822,84.06030698247872,SUP004,DeltaIron,MAT100,Steel Coil,15.29476830425387,High,706.0511479034287
2023-07-07,629.3256146010075,107.71664780383904,328.4570623497282,1144.2883500775313,84.75294843619541,SUP004,DeltaIron,MAT104,Steel Sheet,-13.303109059790474,High,702.2213559901162
2023-07-08,719.5169583972154,118.3895199155188,354.1072021973676,832.340122412718,82.84873343409106,SUP001,AlphaSteel,MAT100,Steel Coil,14.331427436556709,High,706.830392054079
2023-07-09,699.3148585633688,117.17518434234697,336.3289948046294,1066.1225210417206,84.19917451924366,SUP005,PrimeSteel,MAT104,Steel Sheet,-2.8077308808465595,Normal,697.2995166652294
2023-07-10,732.173730846007,104.45187721106583,343.96218716347187,1075.0491304442369,83.10509300305671,SUP003,CoreSteel,MAT101,Steel Rod,4.698723597857124,High,697.2595642174139
2023-07-11,668.0757741867282,99.9669964433995,333.9601519011365,1014.3146437150594,82.4876161496715,SUP004,DeltaIron,MAT102,Steel Plate,-8.754473693725028,High,686.2707425373494
2023-07-12,666.45280406562,107.21043668504534,347.561682743521,991.117490944685,82.98365750296539,SUP004,DeltaIron,MAT100,Steel Coil,-0.2429320421151182,Normal,691.5359331295083
2023-07-13,636.243281381136,133.14983015742644,384.54146111633605,1055.1420860427008,83.08510436796475,SUP001,AlphaSteel,MAT100,Steel Coil,-4.532882523742754,High,678.7290031487261
2023-07-14,684.0189632188482,127.24451281320708,352.76741997308966,1172.6784140827592,82.73232093814083,SUP002,BetaMetals,MAT102,Steel Plate,7.509027322693673,High,686.5423386655605
2023-07-15,705.0612031096941,111.37308429477736,337.1676876843607,950.2997556147068,84.03820684390523,SUP003,CoreSteel,MAT103,Steel Bar,3.0762655748351797,High,684.4772307673431
2023-07-16,697.4656998751288,96.93383737963389,361.927020065091,948.1114182118778,82.8606355911743,SUP001,AlphaSteel,MAT104,Steel Sheet,-1.0772828232591847,Normal,684.2130652404518
2023-07-17,712.7208848222066,118.94527400452704,393.7177167650336,1033.7740529795535,83.74725937323481,SUP001,AlphaSteel,MAT103,Steel Bar,2.187230848744104,Normal,681.4340872370516
2023-07-18,713.807393091745,122.32435868571758,348.12911775016653,1084.6116646952391,82.29392808706399,SUP005,PrimeSteel,MAT103,Steel Bar,0.15244512861574133,Normal,687.967175652054
2023-07-19,751.9340434127774,124.08320667603375,321.92870149198825,962.5343197401712,81.76731145473953,SUP001,AlphaSteel,MAT104,Steel Sheet,5.341307849991983,High,700.1787812730765
2023-07-20,690.1300055140435,99.4437125579813,361.72426492014654,1094.9272860718545,84.74272817023093,SUP005,PrimeSteel,MAT102,Steel Plate,-8.219342965006081,High,707.8768847206348
2023-07-21,673.3937696299363,98.15337022392426,364.9316698038633,1012.4842223299968,84.7692413337638,SUP001,AlphaSteel,MAT100,Steel Coil,-2.425084513118836,Normal,706.3589999222188
2023-07-22,655.3857795832075,127.0529421772335,318.59719250504605,991.2783565069872,83.22965642324816,SUP005,PrimeSteel,MAT103,Steel Bar,-2.6742139382467167,Normal,699.2625108470064
2023-07-23,696.082151189557,102.78680485031636,339.3040299752192,899.4443516131531,81.81794337369746,SUP002,BetaMetals,MAT101,Steel Rod,6.209529238219091,High,699.0648610347819
2023-07-24,682.8398677742525,122.36233479291172,342.8734241540656,999.7977509195836,84.27983237233904,SUP003,CoreSteel,MAT100,Steel Coil,-1.9024023806204826,Normal,694.7961443136456
2023-07-25,713.1938925378447,114.25245904855606,353.82780272074785,1042.25284980034,82.51368345336112,SUP003,CoreSteel,MAT103,Steel Bar,4.445262527293914,High,694.7085013773741
2023-07-26,749.6150525210763,99.68414514917951,344.7779081408367,1178.111128084751,83.15222096230274,SUP001,AlphaSteel,MAT104,Steel Sheet,5.106768350697699,High,694.377216964274
2023-07-27,712.5601964964249,127.60173672018148,389.0564314948344,938.577712847317,85.13920527970289,SUP004,DeltaIron,MAT104,Steel Sheet,-4.943184625232644,High,697.581529961757
2023-07-28,733.5190052500213,101.14906771253251,368.261739001219,999.0353082839356,82.79963237318323,SUP005,PrimeSteel,MAT100,Steel Coil,2.9413386906325334,Normal,706.1708493360549
2023-07-29,688.0764211341595,114.07727594197092,389.7623645123769,958.9020008996134,83.24844169370924,SUP001,AlphaSteel,MAT103,Steel Bar,-6.195147472746476,High,710.8409409861908
2023-07-30,738.8360340828507,105.76596007671198,376.8625869338499,1032.4837125143492,81.64136605937799,SUP004,DeltaIron,MAT103,Steel Bar,7.377031299085046,High,716.9486385423758
2023-07-31,657.05727470215,121.99115678483454,346.7664752389999,916.2360550092296,81.96077157434114,SUP002,BetaMetals,MAT101,Steel Rod,-11.068593789177616,High,713.2654109606467
2023-08-01,727.6065660610777,97.8243544485213,338.67226327044176,949.4841793225072,83.74965539757358,SUP005,PrimeSteel,MAT102,Steel Plate,10.737160073436257,High,715.3243643211086
2023-08-02,734.9102141622326,122.77362981344744,357.5264332203066,1156.8927021268164,83.20207778989945,SUP004,DeltaIron,MAT102,Steel Plate,1.0037908454693323,Normal,713.2236731269883
2023-08-03,682.71572163533,113.6052518592232,357.28682520207104,1068.1863574121096,82.60387307918813,SUP002,BetaMetals,MAT103,Steel Bar,-7.102159082984327,High,708.9601767182603
2023-08-04,633.1859194309864,117.2745591255858,346.92455632411543,994.0999106920594,82.84072546247225,SUP001,AlphaSteel,MAT100,Steel Coil,-7.254820803848405,High,694.6268787441124
2023-08-05,648.3678835797851,94.32667279212002,354.66511171634545,1001.6889378085324,82.5693745836794,SUP002,BetaMetals,MAT101,Steel Rod,2.3977103221818563,Normal,688.954230522059
2023-08-06,650.3913690700323,91.33740440170388,358.41955715890066,892.865599612561,82.54109475765719,SUP005,PrimeSteel,MAT102,Steel Plate,0.3120890996443304,Normal,676.3192783773706
2023-08-07,653.0823965980605,115.24170313995027,361.3606291840199,973.4526486949956,83.03000753870029,SUP001,AlphaSteel,MAT101,Steel Rod,0.4137551105384496,Normal,675.751438648215
2023-08-08,639.2280673606922,107.92187887507389,366.0774213512616,953.5840362550524,82.44443597906,SUP004,DeltaIron,MAT101,Steel Rod,-2.121375389925717,Normal,663.1259388338741
2023-08-09,665.9123444390844,118.76655106609536,367.93677003569655,898.0141704537779,83.20111598404782,SUP004,DeltaIron,MAT100,Steel Coil,4.1744532884122165,High,653.2691003019958
2023-08-10,689.2468028141957,103.5498046532117,350.2440010969462,965.5206805103974,83.7325625439851,SUP005,PrimeSteel,MAT100,Steel Coil,3.5041336250894117,High,654.2021118989767
2023-08-11,649.0981492317889,114.74093515828426,366.5377476642384,909.0249977920416,81.33465119409976,SUP002,BetaMetals,MAT100,Steel Coil,-5.825003963526543,High,656.4752875848056
2023-08-12,705.9037371658543,120.10936708883035,359.56534899901914,980.09001237636,82.40853440998131,SUP003,CoreSteel,MAT103,Steel Bar,8.751463550049433,High,664.6946952399584
2023-08-13,719.8825548654644,126.64311035342988,350.2265943720749,1010.4543484530813,82.96666873531566,SUP005,PrimeSteel,MAT100,Steel Coil,1.9802725164388413,Normal,674.6220074964486
2023-08-14,767.8499741543794,107.35786117056077,289.8539267092827,983.2759128473272,82.93788579086953,SUP005,PrimeSteel,MAT103,Steel Bar,6.663228462020365,High,691.0173757187798
2023-08-15,732.5733815656337,103.68264725652918,328.79276466731824,991.9430526184112,83.34362592835441,SUP001,AlphaSteel,MAT104,Steel Sheet,-4.594203786696127,High,704.3524206052001
2023-08-16,806.835918180234,96.4243132999539,322.001510800979,1001.3677893005578,82.85155600765002,SUP005,PrimeSteel,MAT104,Steel Sheet,10.137214712318476,High,724.4843597110786
2023-08-17,647.4427303628327,100.99495273774296,319.2831715624832,931.0379673587556,84.83690901018984,SUP002,BetaMetals,MAT101,Steel Rod,-19.755341107880064,High,718.5123493608838
2023-08-18,675.4384195721909,99.0802539232556,337.9113916981845,1187.1670202508512,83.23938892994951,SUP003,CoreSteel,MAT103,Steel Bar,4.324041014974278,High,722.2752451237984
2023-08-19,687.1615918925135,118.70021854285083,343.0152684956431,1048.0635925762083,84.01151248159258,SUP005,PrimeSteel,MAT102,Steel Plate,1.7356389539919581,Normal,719.5977957990355
2023-08-20,677.6749995432614,109.96247950369148,338.86952721662027,992.3020514232928,84.4117386358373,SUP003,CoreSteel,MAT103,Steel Bar,-1.380547524946063,Normal,713.5681450387208
2023-08-21,658.8009932841027,108.9119845577145,363.2812899286754,1026.5548390082204,80.92174591868081,SUP001,AlphaSteel,MAT101,Steel Rod,-2.7851117824738036,Normal,697.9897192001099
2023-08-22,778.2970764840647,102.00391365200733,374.6536204155462,897.4041580856904,83.91090569261831,SUP003,CoreSteel,MAT103,Steel Bar,18.138418796893085,High,704.5216756170286
2023-08-23,749.2034467906905,111.90332544213491,364.15693083840887,983.293391901293,83.00791730309082,SUP002,BetaMetals,MAT103,Steel Bar,-3.7381137065044534,High,696.2884654185224
2023-08-24,809.7291369259997,105.84226955236896,358.7220015881072,972.1521077252712,81.58237262700541,SUP001,AlphaSteel,MAT101,Steel Rod,8.078672141002397,High,719.472237784689
2023-08-25,754.2080072221701,98.92956348898284,336.03681708071935,984.9871567993011,82.78449283645688,SUP005,PrimeSteel,MAT101,Steel Rod,-6.856753347743694,High,730.7250360204004
2023-08-26,725.4274496372267,124.29491695577636,347.83575376060105,910.9964665199892,82.29738120769667,SUP001,AlphaSteel,MAT100,Steel Coil,-3.8159973521025403,High,736.191587126788
2023-08-27,743.9826563475248,125.15639548444231,380.4207250660342,1022.7698748613284,82.90797963167302,SUP002,BetaMetals,MAT104,Steel Sheet,2.5578307961157565,Normal,745.664109527397
2023-08-28,642.9329611864072,102.47366183536673,371.247666842133,815.022269706018,83.89512793380698,SUP001,AlphaSteel,MAT100,Steel Coil,-13.582264895421947,High,743.3972477991548
2023-08-29,702.9379856861106,110.9846885442279,343.7884644209491,966.8308135348487,82.7114427355942,SUP001,AlphaSteel,MAT101,Steel Rod,9.333014189998256,High,732.6316633994471
2023-08-30,642.7836034443628,107.04312428710315,347.9051759007425,982.038772233772,84.68531480951359,SUP001,AlphaSteel,MAT103,Steel Bar,-8.557566025263718,High,717.4288286356859
2023-08-31,658.1047017134481,98.5666384558419,332.24868963646907,856.2575965853039,83.41178381154283,SUP001,AlphaSteel,MAT102,Steel Plate,2.383554618846384,Normal,695.7681950338929
2023-09-01,730.5749063820077,112.04639801816096,356.57628515354054,992.534567146414,83.79589607855864,SUP002,BetaMetals,MAT103,Steel Bar,11.011956681038049,High,692.3920377710126
2023-09-02,744.4406191565579,102.01305631684444,354.62955103306007,946.0895184502542,83.56732176327459,SUP005,PrimeSteel,MAT104,Steel Sheet,1.8979180168145593,Normal,695.1082048452026
2023-09-03,685.2741255917741,118.96349522513924,375.76693910570896,951.1514300928932,83.3418049915314,SUP003,CoreSteel,MAT102,Steel Plate,-7.947778780773495,High,686.7212718800955
2023-09-04,693.5987112840102,120.85364919235874,312.84803148094977,1109.879734055104,82.29232558823644,SUP001,AlphaSteel,MAT104,Steel Sheet,1.2147818488035478,Normal,693.9592361797531
2023-09-05,699.4765166097753,96.71447659622926,337.34943671534734,1098.1070582828877,83.2043030148504,SUP004,DeltaIron,MAT102,Steel Plate,0.8474360217428867,Normal,693.4647405974194
2023-09-06,768.4968214740317,109.46938438828366,348.7956982930788,1036.8657427557396,82.79758670320304,SUP001,AlphaSteel,MAT102,Steel Plate,9.867422740478005,High,711.423771744515
2023-09-07,637.1270543695656,119.42017981977324,324.3248916441312,932.6853311984996,83.71930363382671,SUP002,BetaMetals,MAT100,Steel Coil,-17.09438002000965,High,708.4269649811032
2023-09-08,694.9635530726808,120.26045661904357,374.0294538103696,1150.579700557808,83.17132639014403,SUP002,BetaMetals,MAT100,Steel Coil,9.077702525180653,High,703.3396287940566
2023-09-09,671.6339430101739,96.38180557561289,353.8597905433543,941.0213734174145,84.89724855985047,SUP005,PrimeSteel,MAT103,Steel Bar,-3.356954470397544,High,692.9386750588588
2023-09-10,654.1226671055026,122.99726598558188,321.3489153027268,1122.87786645297,83.6432562351919,SUP001,AlphaSteel,MAT100,Steel Coil,-2.6072648779762453,Normal,688.4884667036771
2023-09-11,674.3358759852731,113.07957953765973,310.3704849183647,905.4561638766028,84.6861807372146,SUP001,AlphaSteel,MAT101,Steel Rod,3.090125124269738,High,685.7366330895719
2023-09-12,626.4095742950301,95.97312771032638,358.6312729399737,968.3160791066716,81.21420226187873,SUP001,AlphaSteel,MAT104,Steel Sheet,-7.10718551348285,High,675.2984984731796
2023-09-13,735.1592293336099,115.46244762683028,375.8167687685375,1054.0128325490314,83.46498178760064,SUP003,CoreSteel,MAT104,Steel Sheet,17.36079068730203,High,670.5359853102624
2023-09-14,658.812375479602,106.52627302359188,364.3976159167975,1058.385598600157,83.1822176529177,SUP004,DeltaIron,MAT100,Steel Coil,-10.385077246899698,High,673.6338883259817
2023-09-15,667.121835276145,106.6767134314458,317.6053496797272,983.824461361433,80.42311458902026,SUP002,BetaMetals,MAT104,Steel Sheet,1.261278644089514,Normal,669.6565000693338
2023-09-16,738.0433129855978,98.430363434387,324.1476984488236,859.6977534621992,82.78892893316566,SUP002,BetaMetals,MAT102,Steel Plate,10.630963335219867,High,679.1435529229658
2023-09-17,667.1119373281493,112.07327661591276,322.55783169067405,1105.5420401214774,82.30527822626603,SUP003,CoreSteel,MAT103,Steel Bar,-9.610733463664978,High,680.9991629547724
2023-09-18,687.39335441789,110.5735389458128,329.8404914561023,927.0547662888343,82.37798239361945,SUP001,AlphaSteel,MAT101,Steel Rod,3.040182007680725,High,682.8645170165748
2023-09-19,702.4269006562268,117.265282094192,336.12543605701075,1045.0279627749608,82.83734324265528,SUP004,DeltaIron,MAT103,Steel Bar,2.187036889681271,Normal,693.7241350681744
2023-09-20,664.8344082150404,109.52008120335844,345.5919544816043,1010.7574764121816,82.55041707310649,SUP001,AlphaSteel,MAT103,Steel Bar,-5.351801362685071,High,683.6777320512359
2023-09-21,732.6972277840595,87.68158902476141,324.2419885092132,1097.2802962555202,83.50311388627668,SUP002,BetaMetals,MAT100,Steel Coil,10.207477039465873,High,694.2327109518727
2023-09-22,711.6274517531452,122.99417377460064,353.3883406363177,897.8841509159288,82.08984591580966,SUP004,DeltaIron,MAT100,Steel Coil,-2.875645659891035,Normal,700.5906561628727
2023-09-23,767.3936402015543,122.27496153920232,328.0185616798839,1045.509317168462,82.43300710361358,SUP004,DeltaIron,MAT103,Steel Bar,7.83643018703466,High,704.7835600508664
2023-09-24,738.3750134168395,107.84653696374784,344.04046377940176,1016.2489518329552,83.2469047839808,SUP002,BetaMetals,MAT101,Steel Rod,-3.7814526032680096,High,714.963999492108
2023-09-25,798.4221758552873,110.0069307388404,366.0001646373517,982.7535396000536,81.19907600558624,SUP001,AlphaSteel,MAT103,Steel Bar,8.132339440981195,High,730.8252596974505
2023-09-26,650.3810844357714,127.47876888590017,358.703764773224,1170.9768967626048,82.90474499207056,SUP003,CoreSteel,MAT104,Steel Sheet,-18.541705866439774,High,723.3901430945282
2023-09-27,667.3698718748847,113.08498808984196,391.311551897774,1198.1261821380772,82.06354687400498,SUP004,DeltaIron,MAT104,Steel Sheet,2.612128157732574,Normal,723.7523521887916
2023-09-28,698.2919939556133,120.83077612724976,353.5859068691067,1066.2717167136168,82.42481884416401,SUP001,AlphaSteel,MAT102,Steel Plate,4.633430932963334,High,718.8373187847279
2023-09-29,720.6413960338128,125.7292349622704,340.6740402748122,982.240468323859,83.37406881448584,SUP004,DeltaIron,MAT100,Steel Coil,3.2005811711511845,High,720.1250251105376
2023-09-30,631.0248721832887,121.63710388923886,355.5412008901489,808.5740899602281,83.80158590081692,SUP003,CoreSteel,MAT103,Steel Bar,-12.435661390498199,High,700.6437725364997
2023-10-01,687.2387593146439,107.38655936049312,376.8353876419156,1009.2615306746676,82.35497061712177,SUP002,BetaMetals,MAT104,Steel Sheet,8.908347294910923,High,693.3385933790432
2023-10-02,681.3857929156011,103.17379125744549,345.1921951808046,920.4634707255428,83.62007046954517,SUP005,PrimeSteel,MAT100,Steel Coil,-0.8516641879860898,Normal,676.6191101019451
2023-10-03,769.079770095916,112.2299775558711,337.53710492638805,928.0512287023012,82.40923527520684,SUP003,CoreSteel,MAT102,Steel Plate,12.869945057861965,High,693.5760651962515
2023-10-04,709.07892820432,133.4571201673509,333.3664555473364,1218.458075523131,84.82409353501839,SUP001,AlphaSteel,MAT101,Steel Rod,-7.801640899241569,High,699.5345018147422
2023-10-05,719.085260619193,109.71800146995216,365.6441459940525,1047.171685101846,83.4127371919854,SUP001,AlphaSteel,MAT103,Steel Bar,1.4111732864792836,Normal,702.5049684809679
2023-10-06,662.5197718272201,105.84247621038236,374.8721197974932,1031.333566841491,81.81777827383083,SUP002,BetaMetals,MAT101,Steel Rod,-7.866311811657112,High,694.2018793085974
2023-10-07,666.1164663278971,110.68136680026691,367.1488643834727,972.9117216931654,83.30185876027024,SUP001,AlphaSteel,MAT104,Steel Sheet,0.5428810812328599,Normal,699.2149641863988
2023-10-08,712.3628619455816,95.0119798743316,351.4447726870407,936.4943697278334,81.80336133969591,SUP002,BetaMetals,MAT102,Steel Plate,6.942689147534087,High,702.8041217051042
2023-10-09,727.6148357321817,105.78375676824392,371.3763042364878,1119.1556769703548,84.85346306927019,SUP004,DeltaIron,MAT102,Steel Plate,2.141039995395677,Normal,709.4082706789013
2023-10-10,711.6535444198938,106.24894889925966,354.3249929043145,765.3854979281444,82.20398984457712,SUP002,BetaMetals,MAT103,Steel Bar,-2.193645666422739,Normal,701.2045241537553
2023-10-11,680.4182986831153,109.56277227217878,337.59739167182283,980.4120491502644,81.12645171669867,SUP005,PrimeSteel,MAT104,Steel Sheet,-4.38910843368876,High,697.110148507869
2023-10-12,678.9691454519414,119.32260997677626,410.0540521045052,959.6540302636356,83.31151433917735,SUP001,AlphaSteel,MAT103,Steel Bar,-0.2129797558323432,Normal,691.3792749125472
2023-10-13,736.6957610479462,109.38835156865774,353.01421841694923,1013.206787724551,82.30380223822553,SUP003,CoreSteel,MAT102,Steel Plate,8.502097036763034,High,701.9758448012225
2023-10-14,724.79484756876,101.5535734150776,331.4369991752847,846.0710537863607,84.6462242469855,SUP005,PrimeSteel,MAT102,Steel Plate,-1.6154448156803891,Normal,710.3584706927742
2023-10-15,766.8795206244772,99.91922149290716,327.84640949798296,979.9776664527088,83.68050244670638,SUP003,CoreSteel,MAT101,Steel Rod,5.806425528118098,High,718.1465647897594
2023-10-16,654.841326472002,118.75981770054432,311.62894291193584,941.6384769909456,84.6035630632668,SUP001,AlphaSteel,MAT104,Steel Sheet,-14.60962134720215,High,707.7503491811623
2023-10-17,781.6669288393502,91.28942501074874,367.6334247177065,806.7991389526082,82.6235672098993,SUP005,PrimeSteel,MAT104,Steel Sheet,19.36737912535682,High,717.7522612410847
2023-10-18,695.9423179418508,94.7698905515057,391.0680673437619,953.2768558865288,84.35073753819523,SUP001,AlphaSteel,MAT104,Steel Sheet,-10.96689750259573,High,719.9699782780468
2023-10-19,743.7806003808241,123.88778887789768,346.91387336493483,1071.7532366936446,82.67249438570855,SUP002,BetaMetals,MAT103,Steel Bar,6.873886126144502,High,729.2287575536014
2023-10-20,652.8799800301867,111.64411772759578,390.815677034177,1033.514983685458,83.15676986462691,SUP002,BetaMetals,MAT101,Steel Rod,-12.221429317206612,High,717.2550745510645
2023-10-21,738.8950991543878,102.5782780014473,325.116402092981,1035.5286017963506,82.18302043885966,SUP004,DeltaIron,MAT100,Steel Coil,13.174721503977516,High,719.2693962061542
2023-10-22,738.3268798338803,103.26530378918898,344.27919017461824,883.463289305756,84.97324967316005,SUP003,CoreSteel,MAT101,Steel Rod,-0.07690121658106008,Normal,715.1904475217832
2023-10-23,732.1992747001487,124.68135787919458,340.7524307008718,1027.7512695186806,82.76587136205342,SUP004,DeltaIron,MAT103,Steel Bar,-0.8299312000004999,Normal,726.241582982947
2023-10-24,698.2659226644356,104.86074743559082,340.72908670051856,1144.8122114176883,83.04564914376698,SUP005,PrimeSteel,MAT104,Steel Sheet,-4.634442181004561,High,714.3271535293877
2023-10-25,790.785694679147,117.41405872959749,326.38059037749355,942.0342545796844,84.08890575675922,SUP002,BetaMetals,MAT101,Steel Rod,13.249933730358121,High,727.8762073490016
2023-10-26,786.0090610578163,112.56411380964757,308.27718553605234,858.2274172215987,83.36282592592896,SUP002,BetaMetals,MAT101,Steel Rod,-0.6040364226958861,Normal,733.9088445885718
2023-10-27,684.4622809691749,122.557494726579,336.9915132539477,997.738608669506,84.12267318463336,SUP001,AlphaSteel,MAT100,Steel Coil,-12.919288735931245,High,738.4206018655701
2023-10-28,755.4540159939957,110.04120673751804,355.87482027373306,959.7487027915346,83.94762466710303,SUP002,BetaMetals,MAT102,Steel Plate,10.37189878809668,High,740.7861614140855
2023-10-29,709.5052222136478,122.885698959795,352.66603802504284,891.9684723956094,83.78169438069486,SUP004,DeltaIron,MAT100,Steel Coil,-6.082275400957437,High,736.6687817540522
2023-10-30,715.2580267909185,103.34141193264313,362.4384905358208,1005.1558396170858,82.87354055626886,SUP004,DeltaIron,MAT104,Steel Sheet,0.8108192014883331,Normal,734.2486034813052
2023-10-31,667.8208129905789,124.38297263272646,340.8073732413185,871.9071563849877,82.44713564836948,SUP005,PrimeSteel,MAT104,Steel Sheet,-6.632181957212236,High,729.8993020993256
2023-11-01,657.2138969900167,111.21257022535022,325.451906967931,933.5201583830548,83.10032067512536,SUP003,CoreSteel,MAT104,Steel Sheet,-1.5882877254249195,Normal,710.8176167151641
2023-11-02,763.3192349286926,113.29151155420588,399.54214079883553,902.9026882035488,82.77867254076557,SUP004,DeltaIron,MAT100,Steel Coil,16.144719158348497,High,707.5762129824321
2023-11-03,694.5205718846928,124.27565181185146,314.0089437911543,1005.7646431329052,80.67408371040953,SUP003,CoreSteel,MAT103,Steel Bar,-9.013091757137081,High,709.013111684649
2023-11-04,711.0177040645955,86.12973964257796,345.36842854144675,992.1977910215776,84.7637638580127,SUP004,DeltaIron,MAT100,Steel Coil,2.375326642252662,Normal,702.6650671233061
2023-11-05,750.4506467529227,106.48269232943484,329.39510861523223,903.1216882237688,78.95122852267637,SUP004,DeltaIron,MAT102,Steel Plate,5.545986051107499,High,708.5144134860597
2023-11-06,690.4685734628387,118.36460180289758,351.07125654928655,1156.0800370507775,83.18908376141877,SUP002,BetaMetals,MAT100,Steel Coil,-7.9928071951988695,High,704.9730630106196
2023-11-07,791.1088861501253,116.50143277388936,358.528900222786,930.4836244482972,83.40490333189716,SUP003,CoreSteel,MAT100,Steel Coil,14.57565435347119,High,722.5856448905549
2023-11-08,662.6715046935532,107.89148743495488,312.40565132211736,1026.4089587953006,83.39483093006221,SUP002,BetaMetals,MAT104,Steel Sheet,-16.235107923209334,High,723.3653031339172
2023-11-09,739.5169629633089,104.50085598291882,329.4460646415863,985.3038300906436,81.87620650625374,SUP003,CoreSteel,MAT102,Steel Plate,11.596312460318071,High,719.9649785674338
2023-11-10,726.1623271125778,110.87487063032307,344.96275860185267,958.4481520148036,82.81679557439226,SUP005,PrimeSteel,MAT104,Steel Sheet,-1.80585929999737,Normal,724.4852293142746
2023-11-11,789.9345715829115,114.74371000962576,343.85116445173014,1129.3887322918993,82.35255525772544,SUP003,CoreSteel,MAT104,Steel Sheet,8.782092114845685,High,735.7590675311768
2023-11-12,675.7977761951006,105.22435296111404,363.9100155321315,885.4914153210611,83.21253836052485,SUP001,AlphaSteel,MAT102,Steel Plate,-14.448892287255866,High,725.0943717372022
2023-11-13,687.9656092901533,108.75353428698546,351.72956590500115,1051.7078300270298,82.68531824754817,SUP001,AlphaSteel,MAT100,Steel Coil,1.8005139294125172,Normal,724.7368054268187
2023-11-14,727.5991134679388,111.25119497460392,407.6812960102858,1078.630245233186,82.26931400755286,SUP005,PrimeSteel,MAT100,Steel Coil,5.760971717565866,High,715.6639807579348
2023-11-15,629.3302140913271,97.08926882930258,352.06973459058514,1139.0016118563208,84.23631377244821,SUP002,BetaMetals,MAT103,Steel Bar,-13.505912467132475,High,710.9009392433311
2023-11-16,695.1034650206832,115.0122352067664,336.6154216748251,1021.9612396358854,81.3587107820209,SUP004,DeltaIron,MAT102,Steel Plate,10.451309893697758,High,704.556153822956
2023-11-17,721.5598029429101,100.19523040013844,305.6670717797252,1008.6184214824564,82.57148266808302,SUP001,AlphaSteel,MAT103,Steel Bar,3.806100710696314,High,703.8986503701464
2023-11-18,732.6766851636866,123.05172132899118,366.12010754466985,1044.4017537732914,83.50186384238448,SUP005,PrimeSteel,MAT100,Steel Coil,1.540673714837748,Normal,695.7189523102571
2023-11-19,634.420432471258,107.15346436105096,336.10832642080305,971.8967200548032,81.26493790417035,SUP002,BetaMetals,MAT102,Steel Plate,-13.41058814645879,High,689.807903206851
2023-11-20,748.3629298944288,106.95639383175136,360.6798204176621,992.9996098743546,83.51752370293977,SUP005,PrimeSteel,MAT100,Steel Coil,17.96009264382148,High,698.4360918646047
2023-11-21,659.1806633890203,103.86313674199424,389.55019672201234,1050.0684293358129,80.04831035571887,SUP005,PrimeSteel,MAT104,Steel Sheet,-11.916980778028307,High,688.6620275676163
2023-11-22,695.0414983558477,113.12215934240758,346.18654841072794,897.936350036061,84.4436042768649,SUP001,AlphaSteel,MAT102,Steel Plate,5.440213428357787,High,698.0493538911193
2023-11-23,713.0700319367689,99.67455536565,346.4098736163258,1006.0592391312708,83.86315736558366,SUP001,AlphaSteel,MAT100,Steel Coil,2.5938787286181597,Normal,700.616006307703
2023-11-24,681.3687834194208,119.30550651657347,338.646672161736,919.4745112580244,84.95886989446807,SUP004,DeltaIron,MAT100,Steel Coil,-4.44574124525251,High,694.8744320900615
2023-11-25,779.6697013576279,124.01835338312846,365.414647061244,922.3878828866416,83.29485972048559,SUP001,AlphaSteel,MAT102,Steel Plate,14.426977039495137,High,701.5877201177674
2023-11-26,665.8977826041684,105.8188662473153,361.8791187277668,878.2526009165642,83.88140089769257,SUP005,PrimeSteel,MAT103,Steel Bar,-14.592322691948922,High,706.084484422469
2023-11-27,727.493008475115,106.44227739676673,333.40406752352413,1060.805004523613,84.03221849910574,SUP002,BetaMetals,MAT101,Steel Rod,9.24995209175532,High,703.1030670768527
2023-11-28,702.9346470682688,119.6465523568997,341.66313268606064,987.6160850553792,80.20677696888977,SUP004,DeltaIron,MAT104,Steel Sheet,-3.375752223148165,High,709.3536361738882
2023-11-29,612.9527764000354,121.340907280186,336.0280502420575,862.5783720576271,84.90659945695944,SUP004,DeltaIron,MAT103,Steel Bar,-12.800887115682935,High,697.6266758944864
2023-11-30,730.6325538673007,113.95196767978766,334.2910551683519,990.799007805376,84.70495027117357,SUP005,PrimeSteel,MAT103,Steel Bar,19.198832601496065,High,700.1356075988481
2023-12-01,700.1508009183467,106.0086236655518,337.1087320620142,965.147998277783,84.38039549545286,SUP001,AlphaSteel,MAT100,Steel Coil,-4.171967535201027,High,702.8187529558376
2023-12-02,684.934848400394,115.19401145106114,368.2090241945288,983.9348641080264,81.8951928852286,SUP001,AlphaSteel,MAT104,Steel Sheet,-2.1732393218710677,Normal,689.2852025333756
2023-12-03,663.7362760831853,117.59652568518442,356.05397265623714,962.6863782668252,85.65735393247805,SUP003,CoreSteel,MAT102,Steel Plate,-3.0949764589604523,High,688.9764158875207
2023-12-04,673.7166894029183,102.94964326516752,353.0467798370684,858.5464170410478,83.08050228273883,SUP002,BetaMetals,MAT104,Steel Sheet,1.5036715152332736,Normal,681.2940845914927
2023-12-05,684.8217724643334,120.12869905319548,357.8827951869065,1008.636744616268,82.66856052421502,SUP001,AlphaSteel,MAT103,Steel Bar,1.6483312995047017,Normal,678.7065310766448
2023-12-06,723.0351637734792,134.7539555486211,340.80392570400505,932.2802993268836,84.47127189711843,SUP004,DeltaIron,MAT104,Steel Sheet,5.580049123092978,High,694.4325864157082
2023-12-07,689.5121179807953,118.12621239385363,349.55021700103896,1025.8095830255638,82.78567166437136,SUP002,BetaMetals,MAT104,Steel Sheet,-4.636433671874141,High,688.5582384319217
2023-12-08,746.7111492123072,107.2997360742396,352.4596193122263,1074.5906743749197,83.51546689732031,SUP001,AlphaSteel,MAT101,Steel Rod,8.295580271890879,High,695.2097167596304
2023-12-09,824.4342385037244,123.52173800175804,343.4012649112297,1048.8448245804498,84.06571149848932,SUP002,BetaMetals,MAT101,Steel Rod,10.408722217875809,High,715.1382010601062
2023-12-10,650.0535866586125,134.47268806972616,339.2296918095991,932.7784605487587,81.9219311289293,SUP004,DeltaIron,MAT100,Steel Coil,-21.151553841528635,High,713.1835311423101
2023-12-11,604.7647157148865,112.66565979847836,335.8822156516084,1010.73327730234,83.12687494399019,SUP004,DeltaIron,MAT101,Steel Rod,-6.966944244784279,High,703.3332491868769
2023-12-12,731.5565774918717,116.47737381326844,377.7672775032681,1013.7086552555368,83.15944205347814,SUP002,BetaMetals,MAT103,Steel Bar,20.965485995178447,High,710.0096499050968
2023-12-13,653.4999192483203,111.40067928374144,350.816137732059,958.677123112635,82.06828994604825,SUP005,PrimeSteel,MAT100,Steel Coil,-10.669941416037465,High,700.0760435443598
2023-12-14,693.4038856291761,123.8154463728624,354.97998837498994,810.9502045654871,81.8831707647915,SUP004,DeltaIron,MAT101,Steel Rod,6.106193008677763,High,700.6320103512713
2023-12-15,742.6340326332012,110.59618710778544,326.1458607217053,927.861804406283,83.06665409150222,SUP001,AlphaSteel,MAT102,Steel Plate,7.099779511525939,High,700.0495651256848
2023-12-16,712.2790737647663,98.9977685819977,379.2695365370293,780.9129537127711,81.59375845834728,SUP001,AlphaSteel,MAT103,Steel Bar,-4.087472097232537,High,684.027398734405
2023-12-17,752.9977339195567,108.51458976718467,361.4040502453613,964.3896557508324,82.17074206781093,SUP003,CoreSteel,MAT101,Steel Rod,5.716672250326127,High,698.7337054859684
2023-12-18,782.3389779339234,103.59676567075591,370.7638041689957,1019.8939977048326,83.94243972811583,SUP003,CoreSteel,MAT102,Steel Plate,3.8965912767940925,High,724.101457231545
2023-12-19,722.3935135965879,105.61960657571709,358.4473375773349,1019.9989278680068,84.70025438998535,SUP003,CoreSteel,MAT100,Steel Coil,-7.66233896406967,High,722.7924481036474
2023-12-20,759.9187698630383,116.86573285022698,349.172390821166,1058.4514377562243,82.81428669627479,SUP003,CoreSteel,MAT100,Steel Coil,5.194572703127265,High,737.9951410486071
2023-12-21,674.288021010037,110.6539450445708,350.3452677567841,1087.3019733445474,83.66241521080119,SUP005,PrimeSteel,MAT101,Steel Rod,-11.268408183737144,High,735.264303245873
2023-12-22,700.860469304617,108.79311773572223,352.7471244577568,949.828370789568,82.23819592453165,SUP001,AlphaSteel,MAT103,Steel Bar,3.9408157147410527,High,729.2966513417896
2023-12-23,713.0385574114545,115.4023891625223,331.31509199546235,1066.434063637185,83.2650979042059,SUP005,PrimeSteel,MAT103,Steel Bar,1.737590952864032,Normal,729.4051490056021
2023-12-24,622.5574005056156,118.89266166312744,369.074723093447,990.1593165976642,84.92628134150935,SUP002,BetaMetals,MAT104,Steel Sheet,-12.689518114463926,High,710.7708156607534
2023-12-25,763.7435772081127,103.5423486173553,342.48008492891074,1093.072501679692,83.90525600258215,SUP001,AlphaSteel,MAT103,Steel Bar,22.67841914461726,High,708.1143298427805
2023-12-26,661.1408117230811,105.22846378018716,334.0475902513341,994.2121884726636,81.29266106116549,SUP005,PrimeSteel,MAT101,Steel Rod,-13.434190289376835,High,699.3639438608509
2023-12-27,639.5830014660656,101.67182130536092,325.8649249013263,880.4151216727182,82.1788270464875,SUP004,DeltaIron,MAT102,Steel Plate,-3.2606987611052185,High,682.1731198041405
2023-12-28,702.0224742940003,101.571927202198,311.882280594637,1061.7986770321704,82.53839952235671,SUP001,AlphaSteel,MAT100,Steel Coil,9.762528504480205,High,686.1351845589925
2023-12-29,663.9370167272159,105.15276954386071,354.4917333122978,900.4576227803716,81.60988830020547,SUP001,AlphaSteel,MAT102,Steel Plate,-5.425105172749012,High,680.8604056193636
2023-12-30,673.5962993485281,122.46750552236082,337.75197117001903,1126.9059147520188,81.69606613915842,SUP001,AlphaSteel,MAT101,Steel Rod,1.454849236893918,Normal,675.2257973246599
2023-12-31,768.6122822979886,108.43219707465444,364.6266472167998,897.3670268582005,82.93561505035214,SUP002,BetaMetals,MAT101,Steel Rod,14.105775676225619,High,696.090780437856
2024-01-01,649.8757717086149,125.03938769234612,365.5185525235034,1023.2866511798348,81.37503248423323,SUP002,BetaMetals,MAT101,Steel Rod,-15.448167213042252,High,679.8239510807849
2024-01-02,729.512704048323,112.96157374312487,331.2074779011968,997.9287291353708,82.34041289122356,SUP003,CoreSteel,MAT101,Steel Rod,12.254177768518959,High,689.5913642701051
2024-01-03,747.1151893476793,104.72885046692554,325.835618123108,1070.6631674591356,82.41190207571091,SUP003,CoreSteel,MAT101,Steel Rod,2.4129100427825234,Normal,704.9531053960501
2024-01-04,734.7709084363399,92.85240870065374,349.5838186280814,1038.2406085696668,83.6431620649702,SUP004,DeltaIron,MAT102,Steel Plate,-1.652259395518041,Normal,709.6314531306699
2024-01-05,713.0227255433274,100.51645325947187,371.2722252443521,975.9960687920884,81.2264130695907,SUP002,BetaMetals,MAT104,Steel Sheet,-2.959859004120713,Normal,716.6436972472574
2024-01-06,644.8501903194333,105.18589686966988,350.2515236284096,1083.8342418668417,84.41332139676892,SUP005,PrimeSteel,MAT103,Steel Bar,-9.561060648094521,High,712.537110243101
2024-01-07,691.0290706085397,91.70148130339749,347.40243496300826,971.4506759588604,82.93973203040812,SUP003,CoreSteel,MAT104,Steel Sheet,7.161179601456147,High,701.4537942874653
2024-01-08,713.7547490584279,102.83355426891764,361.2204466082633,1004.7543294708714,81.84986761745274,SUP001,AlphaSteel,MAT103,Steel Bar,3.288671839793289,High,710.5793624802958
2024-01-09,677.8399412411762,122.52437776854958,326.8572115616535,968.6731823640334,84.8662163502126,SUP004,DeltaIron,MAT101,Steel Rod,-5.031813499613113,High,703.197539222132
2024-01-10,653.8137323717991,106.01764781461434,345.25790648270566,1094.5977991669758,84.58551646990642,SUP001,AlphaSteel,MAT102,Steel Plate,-3.5445253971584045,High,689.8687596541491
2024-01-11,724.4991640574856,131.4346071738663,345.1701722352849,961.8660373696018,84.34743412684828,SUP005,PrimeSteel,MAT101,Steel Rod,10.811249165609492,High,688.401367600027
2024-01-12,788.9206267887719,112.78893616068557,370.7291135364126,1071.687324506316,81.8829923329641,SUP001,AlphaSteel,MAT100,Steel Coil,8.89186156827293,High,699.2439249208048
2024-01-13,670.0135688120632,128.22178172372372,341.95699023228764,943.4638610802152,83.5375447242618,SUP005,PrimeSteel,MAT101,Steel Rod,-15.072119290467633,High,702.8386932768948
2024-01-14,681.0554103229168,128.5360511750986,377.6489758927037,974.302037705374,83.2515184672753,SUP003,CoreSteel,MAT102,Steel Plate,1.64800267111469,Normal,701.413884664663
2024-01-15,656.7490120080674,108.39698914742851,344.58688119555734,1039.0898171592496,83.65247191760882,SUP005,PrimeSteel,MAT104,Steel Sheet,-3.568931095243,High,693.2702079431829
2024-01-16,711.511538285233,107.8695740395932,358.45706142081616,995.2706750868184,84.59839597767872,SUP002,BetaMetals,MAT100,Steel Coil,8.338425376495717,High,698.0804360923338
2024-01-17,663.7916591927961,123.36566440168326,360.6751009299277,947.8146118536883,81.62550782827289,SUP003,CoreSteel,MAT103,Steel Bar,-6.706831375840139,High,699.5058542096192
2024-01-18,734.219233647361,117.5428573649976,356.3138626808671,1018.3238289078694,83.11735738230354,SUP003,CoreSteel,MAT103,Steel Bar,10.609891443982322,High,700.8944355796013
2024-01-19,767.3037204048927,112.29800757370298,356.9048962815255,1150.9476509640765,83.60404216988778,SUP001,AlphaSteel,MAT100,Steel Coil,4.506077373263406,High,697.80630609619
2024-01-20,701.517439190942,97.34681559747392,360.8336774684861,1093.5757953874072,83.31041325031732,SUP003,CoreSteel,MAT102,Steel Plate,-8.573695065525866,High,702.3068590074585
2024-01-21,699.0007752784636,107.56709572445838,346.5046217953987,996.2986537532144,82.75905395452402,SUP001,AlphaSteel,MAT101,Steel Rod,-0.3587457377226211,Normal,704.8704825725365
2024-01-22,707.7644462074836,114.32642263760414,327.54282070449426,1022.0705537108864,84.14748349878917,SUP003,CoreSteel,MAT103,Steel Bar,1.25374266223508,Normal,712.1584017438818
2024-01-23,765.7732092225308,103.4727059621445,336.82012386470427,913.1533404283988,84.2487418909019,SUP001,AlphaSteel,MAT101,Steel Rod,8.19605496233724,High,719.9100690206386
2024-01-24,605.9171840196425,126.50919592852765,345.55780467474,989.7015642192752,83.6636333667447,SUP001,AlphaSteel,MAT100,Steel Coil,-20.875113320455007,High,711.6422868530451
2024-01-25,683.0083256064614,89.6603950800116,382.6442283908343,1124.0618169309876,83.05863637132435,SUP004,DeltaIron,MAT102,Steel Plate,12.723049225208927,High,704.3264428472023
2024-01-26,715.5533700240602,121.14183054270026,316.4896374657375,1007.5140111545268,83.30626151413095,SUP003,CoreSteel,MAT102,Steel Plate,4.764955740283416,High,696.9335356499406
2024-01-27,704.3852473737243,102.25863210049177,355.5246704579372,886.5455199576484,83.0839145736863,SUP003,CoreSteel,MAT102,Steel Plate,-1.560767249263384,Normal,697.3432225331952
2024-01-28,663.2343512457014,113.67414019005984,349.9639990829972,953.6585682422397,82.09471189660626,SUP002,BetaMetals,MAT100,Steel Coil,-5.842100793770532,High,692.2337333856577
2024-01-29,732.5832012595855,117.28130843574694,351.6624475149437,1074.0882032102456,82.98801997803456,SUP001,AlphaSteel,MAT104,Steel Sheet,10.456160764838485,High,695.7792698216723
2024-01-30,711.1076832067507,109.45814284770648,323.28849420752675,1122.2551485550307,82.39601487894416,SUP002,BetaMetals,MAT103,Steel Bar,-2.9314783653120013,Normal,687.9699089622752
2024-01-31,715.6553911153838,111.77550439365072,327.6676529127156,925.4558555023226,82.15718792581316,SUP004,DeltaIron,MAT102,Steel Plate,0.6395245074733547,Normal,703.6467956902382
2024-02-01,654.9791303012378,107.572003513254,346.52005641424483,907.5818027701736,83.11558646131446,SUP004,DeltaIron,MAT104,Steel Sheet,-8.478418742794513,High,699.6426249323491
2024-02-02,711.9379502610561,103.65406862256214,349.13698507548304,984.351969110837,83.68275636485646,SUP002,BetaMetals,MAT102,Steel Plate,8.69628012935646,High,699.1261363947771
2024-02-03,736.2414169068294,131.3294242419966,297.3118632164296,913.2699717931758,83.40793653781925,SUP001,AlphaSteel,MAT104,Steel Sheet,3.4137057361335543,High,703.6770177566492
2024-02-04,650.957711344591,115.38505387083352,333.7066151343954,979.8542541604686,83.18486771380562,SUP003,CoreSteel,MAT104,Steel Sheet,-11.583660414071895,High,701.9232120564906
2024-02-05,656.526856822888,109.56862788448704,336.88215041401713,946.4141865257404,83.5500627622339,SUP003,CoreSteel,MAT102,Steel Plate,0.8555310707962338,Normal,691.0580199941053
2024-02-06,619.3004734219599,106.11641844689188,366.0967955439706,1193.2547033222122,84.02079728438375,SUP004,DeltaIron,MAT102,Steel Plate,-5.670199629163197,High,677.9427043105636
2024-02-07,686.229289863465,134.69901784278983,354.0511255354713,1029.6341108080155,83.72729735752317,SUP001,AlphaSteel,MAT103,Steel Bar,10.807163778139618,High,673.7389755602896
2024-02-08,756.0968008388927,102.3261485662336,388.6794203166221,1043.6573400084858,83.05175108870952,SUP001,AlphaSteel,MAT103,Steel Bar,10.181365326060154,High,688.1843570656689
2024-02-09,647.7959481721722,113.928896391794,338.3333115123409,1190.5696398549446,82.93466731163447,SUP003,CoreSteel,MAT104,Steel Sheet,-14.323675559341108,High,679.021213910114
2024-02-10,711.4644128220965,115.10353456830654,336.27228789353103,1139.2213347738734,82.69044016251708,SUP001,AlphaSteel,MAT104,Steel Sheet,9.82847528293005,High,675.4816418980093
2024-02-11,665.4094768536966,113.95172170886843,292.5280674635263,959.8486399373936,84.35583772319117,SUP004,DeltaIron,MAT103,Steel Bar,-6.473259257721454,High,677.5461798278815
2024-02-12,684.965755212983,99.7085727826021,334.2328198227324,1067.4325637809552,81.85200464529066,SUP003,CoreSteel,MAT101,Steel Rod,2.938984045095938,Normal,681.6088795978951
2024-02-13,748.9978549860816,89.84886829293298,347.344960943548,967.295765345218,83.96364624213173,SUP005,PrimeSteel,MAT102,Steel Plate,9.348219131508028,High,700.1370769641982
2024-02-14,739.5114724108346,116.13516479135016,333.58964910361124,1001.2811664540648,82.55648818430896,SUP002,BetaMetals,MAT101,Steel Rod,-1.2665433568462392,Normal,707.7488173281081
2024-02-15,668.9260088126857,119.29124208342914,350.3744402494797,1037.85093832306,82.50261577851823,SUP005,PrimeSteel,MAT104,Steel Sheet,-9.544877426720323,High,695.29584703865
2024-02-16,657.8265998022606,114.5753033980979,386.5970530532118,1148.5040817886704,86.41785604196542,SUP004,DeltaIron,MAT104,Steel Sheet,-1.6592880025888213,Normal,696.7287972715197
2024-02-17,660.5780689816659,95.61837610687888,339.3156354345289,879.986310934804,83.51130254420225,SUP004,DeltaIron,MAT104,Steel Sheet,0.4182666344341168,Normal,689.4593195800296
2024-02-18,568.0496382854699,112.42471285509896,342.6257787779795,1039.70109964009,84.27184414356493,SUP002,BetaMetals,MAT104,Steel Sheet,-14.007190828910797,High,675.5507712131403
2024-02-19,733.330685691841,94.7520668735236,352.7257198201676,950.8012179935652,83.15831183053534,SUP004,DeltaIron,MAT103,Steel Bar,29.096233192795417,High,682.4600469958342
2024-02-20,705.8957592587899,101.82455276096432,339.99941805930416,1109.7900004132102,82.71649985622915,SUP001,AlphaSteel,MAT101,Steel Rod,-3.741139838866614,High,676.3026047490782
2024-02-21,694.0576649367996,107.92908273535178,339.6040374856563,998.9789047178884,82.93362902910903,SUP002,BetaMetals,MAT104,Steel Sheet,-1.677031511624416,Normal,669.8092036813589
2024-02-22,724.5334995310246,110.18868691945993,380.2008822604074,1197.7384524896988,82.25787959416182,SUP002,BetaMetals,MAT101,Steel Rod,4.390965784809842,High,677.753130926836
2024-02-23,681.9447992570746,106.01652802269086,345.9915134293436,1017.1198821326608,82.56719252438197,SUP004,DeltaIron,MAT103,Steel Bar,-5.878085733995297,High,681.1985879918093
2024-02-24,693.7681655605993,105.38283037753736,309.47914308099934,881.3233866628506,82.00314227537311,SUP003,CoreSteel,MAT104,Steel Sheet,1.7337717534330332,Normal,685.9400303602284
2024-02-25,654.5123079063529,117.6432454384542,332.40516776437244,953.3358743076394,82.85664253351074,SUP002,BetaMetals,MAT102,Steel Plate,-5.658353842529751,High,698.2918403060688
2024-02-26,649.5727074622282,100.52142775718777,361.52367884423,1004.2372854710796,84.54445481748037,SUP003,CoreSteel,MAT104,Steel Sheet,-0.7546993974682392,Normal,686.3264148446957
2024-02-27,752.8634923378256,118.52989434071716,347.3227428582712,1052.7466321568947,83.20540210886523,SUP002,BetaMetals,MAT102,Steel Plate,15.90134309662381,High,693.0360909988436
2024-02-28,666.4927593906937,109.7763614598438,361.6856237979992,1011.5943145024536,82.50225022851049,SUP002,BetaMetals,MAT100,Steel Coil,-11.472296615011789,High,689.0982473493998
2024-02-29,652.4492489582401,107.25157585213884,326.5029941605045,1123.7036062139896,82.48073485729887,SUP001,AlphaSteel,MAT104,Steel Sheet,-2.1070762186962244,Normal,678.8004972675734
2024-03-01,672.3943982397709,101.12534677722232,318.882691719103,976.13402971333,83.84503209378957,SUP003,CoreSteel,MAT100,Steel Coil,3.056965628112396,High,677.4361542651015
2024-03-02,760.5710348316398,111.89258105867916,331.45213207849343,1100.317491208225,81.93251394105754,SUP001,AlphaSteel,MAT103,Steel Bar,13.113826769333947,High,686.9794213038216
2024-03-03,691.3772894470767,110.56985086485886,320.8426341116336,979.0574300028314,84.24897488262357,SUP002,BetaMetals,MAT100,Steel Coil,-9.097604591250297,High,692.2458472382107
2024-03-04,661.5218040856573,101.67120159677216,368.715774425311,1009.5872782455956,84.16830861270073,SUP003,CoreSteel,MAT100,Steel Coil,-4.3182623752793585,High,693.9528610415576
2024-03-05,738.1718354661882,116.69791713167756,361.1491094523382,1046.9508212403152,83.5523822466957,SUP003,CoreSteel,MAT100,Steel Coil,11.586924407801646,High,691.8540529170381
2024-03-06,693.7818640947293,90.42946123956716,354.22559063413144,888.6730850369894,84.16009387126098,SUP003,CoreSteel,MAT102,Steel Plate,-6.013501089949436,High,695.7524964461861
2024-03-07,704.8019652177132,118.19043310653537,326.1941356748111,805.6808754645997,82.96663521454866,SUP002,BetaMetals,MAT103,Steel Bar,1.5884100887190833,Normal,703.231455911825
2024-03-08,629.6359402632613,107.92879447687037,341.5199125486226,989.05271568943,82.58816263546468,SUP003,CoreSteel,MAT100,Steel Coil,-10.6648432700146,High,697.1231047723237
2024-03-09,718.8620151614997,122.01210725147963,382.3659278127942,1015.9403850052828,83.30208955331784,SUP005,PrimeSteel,MAT101,Steel Rod,14.171058097625666,High,691.164673390875
2024-03-10,710.7375701024572,119.89562304473318,333.7253973628865,1093.585700809629,82.63966492524494,SUP003,CoreSteel,MAT101,Steel Rod,-1.1301814378406494,Normal,693.9304277702151
2024-03-11,701.3338538262425,111.97492770696404,354.9669799362535,1083.68836522563,85.2517384255993,SUP004,DeltaIron,MAT103,Steel Bar,-1.3230926113641517,Normal,699.6178634474417
2024-03-12,663.9822803197071,111.4903456483614,357.8940158519308,1041.703979015338,82.4524742202527,SUP003,CoreSteel,MAT103,Steel Bar,-5.32579074897892,High,689.0193555693729
2024-03-13,718.2473086566443,113.81469536239165,362.34016315422593,958.0860592759316,81.45837361290269,SUP004,DeltaIron,MAT101,Steel Rod,8.172662124478492,High,692.5144190782179
2024-03-14,710.4976600017,115.99172489249804,363.93252731487854,1015.0488973402172,82.76068828295256,SUP005,PrimeSteel,MAT100,Steel Coil,-1.0789666124108033,Normal,693.3280897616447
2024-03-15,706.9248286013959,97.55075917203337,337.5836324005732,1009.9611502352152,83.23324913372963,SUP001,AlphaSteel,MAT104,Steel Sheet,-0.5028632184792103,Normal,704.3693595242354
2024-03-16,705.6414277803797,125.1431928298923,306.58170965226736,1015.180874332082,83.8896992254014,SUP003,CoreSteel,MAT101,Steel Rod,-0.18154700034448412,Normal,702.4807041840753
2024-03-17,695.2432112896889,95.89938677268604,387.2458377372203,812.7884221685933,82.72362345781116,SUP001,AlphaSteel,MAT104,Steel Sheet,-1.473583619289287,Normal,700.2672243536798
2024-03-18,731.7271754425774,97.62108130952451,348.70707588367554,995.6717808956354,82.47524478036223,SUP005,PrimeSteel,MAT100,Steel Coil,5.247654858104989,High,704.6091274417277
2024-03-19,678.8866124838235,109.38501326101792,327.825478688087,1008.791719837658,84.00012990460195,SUP004,DeltaIron,MAT100,Steel Coil,-7.221347618638585,High,706.7383177508871
2024-03-20,744.9485805738665,126.4673408592934,332.2452058136902,1078.508460388968,84.2809364573133,SUP004,DeltaIron,MAT103,Steel Bar,9.730928092445957,High,710.5527851676331
2024-03-21,598.6310799702803,103.03179797351284,319.5978160023998,912.4242363335763,83.78825832874043,SUP001,AlphaSteel,MAT104,Steel Sheet,-19.641288596170135,High,694.5718451631445
2024-03-22,738.7104004587396,89.76175671227347,337.3250384702897,852.4883934836449,83.65432851121362,SUP004,DeltaIron,MAT101,Steel Rod,23.399941161660642,High,699.1126411427651
2024-03-23,645.181503119959,123.71562529844662,351.8660228703564,960.5793542736036,81.94002956717885,SUP005,PrimeSteel,MAT102,Steel Plate,-12.661104714472572,High,690.4755090484194
2024-03-24,716.1137280815545,120.702876647722,352.3047936003753,987.8150729240788,82.46464459329442,SUP002,BetaMetals,MAT102,Steel Plate,10.994150424118265,High,693.4570114472572
2024-03-25,753.2660344817083,116.64637577837227,350.7916250654702,949.6907805944356,82.9478530021211,SUP001,AlphaSteel,MAT104,Steel Sheet,5.188045549648046,High,696.5339913099903
2024-03-26,689.4995803055222,99.68560482070032,366.1654160572441,1062.045374704905,82.5465383149856,SUP002,BetaMetals,MAT101,Steel Rod,-8.465329811407363,High,698.050129570233
2024-03-27,675.5440849035757,99.75625256416316,330.50846550297786,984.0002753726582,80.91225479086278,SUP002,BetaMetals,MAT101,Steel Rod,-2.024003465783497,Normal,688.1352016173342
2024-03-28,683.7585780928674,114.98769351515664,310.18094138529875,953.5901656738558,83.93666032465403,SUP004,DeltaIron,MAT103,Steel Bar,1.215981809753286,Normal,700.2962727777037
2024-03-29,728.7815593351619,118.96022143437536,371.3142419705107,989.2216230289924,82.65268177669509,SUP002,BetaMetals,MAT100,Steel Coil,6.58463128431559,High,698.877866902907
2024-03-30,692.6005646651657,113.23550128493648,371.83497471595547,939.455316698662,82.86146161227548,SUP003,CoreSteel,MAT104,Steel Sheet,-4.964587016032985,High,705.6520185522222
2024-03-31,751.9907246400626,100.19103044876807,361.2986653960821,1014.840290333183,84.6010798656621,SUP004,DeltaIron,MAT103,Steel Bar,8.574951134151721,High,710.7773037748663
2024-04-01,683.6591747259769,125.53577040531124,341.50953756302147,1040.349719640583,82.10457309040387,SUP004,DeltaIron,MAT103,Steel Bar,-9.086754354156746,High,700.8334666669047
2024-04-02,616.6817829280742,113.78407274444048,357.2508287921966,1134.5645154033136,82.42354265946291,SUP001,AlphaSteel,MAT101,Steel Rod,-9.796897968164975,High,690.430924184412
2024-04-03,612.1110547152206,107.8021381270792,319.72466948059434,946.5339579919624,82.77567819107027,SUP005,PrimeSteel,MAT100,Steel Coil,-0.74118100118854,Normal,681.3690627289328
2024-04-04,668.5304867954815,116.61050105462108,354.01990887235377,1043.971068835253,84.00715783932033,SUP003,CoreSteel,MAT101,Steel Rod,9.217188881927573,High,679.1936211150205
2024-04-05,730.3316767861664,113.16895899661228,337.54425941432555,1051.9650169215276,82.01386806774195,SUP005,PrimeSteel,MAT102,Steel Plate,9.244333835382946,High,679.415066465164
2024-04-06,655.6099226837354,120.21665965906546,355.26767105416275,986.9914595552758,84.23795944399345,SUP004,DeltaIron,MAT101,Steel Rod,-10.231208158907346,High,674.1306890392453
2024-04-07,679.3021945370585,116.17143762191172,354.57496660330645,944.797203972985,84.05843742825024,SUP004,DeltaIron,MAT102,Steel Plate,3.613775666533381,High,663.7466133102447
2024-04-08,662.3371677521567,118.2382222251706,313.5065078936267,931.073462879827,84.6842176592973,SUP005,PrimeSteel,MAT103,Steel Bar,-2.4974196935229176,Normal,660.7006123139847
2024-04-09,662.1997033855354,107.90339457112738,305.377669046368,992.2427510801898,80.94818585051291,SUP004,DeltaIron,MAT102,Steel Plate,-0.02075443947798794,Normal,667.2031723793363
2024-04-10,689.3357347128801,92.846780314245,338.1685252382431,1030.8335074229717,84.03903887443654,SUP003,CoreSteel,MAT101,Steel Rod,4.097862199063251,High,678.2352695218591
2024-04-11,708.4460253913154,105.61687624600698,370.7089045541177,925.2837905146656,83.91339111812957,SUP004,DeltaIron,MAT100,Steel Coil,2.77227622421099,Normal,683.937489321264
2024-04-12,680.1660114706733,88.45443617177872,355.2812335193209,798.6733887534272,84.30945926433992,SUP003,CoreSteel,MAT103,Steel Bar,-3.9918374734365103,High,676.770965704765
2024-04-13,713.0687357783091,113.30863786387118,375.595634157872,1074.8519886105032,81.3562162725927,SUP005,PrimeSteel,MAT101,Steel Rod,4.837454937875041,High,684.9793675754183
2024-04-14,696.5003543978113,119.83260392356354,387.0458108029521,1015.7185269673072,83.42858688533474,SUP002,BetaMetals,MAT101,Steel Rod,-2.3235321574453183,Normal,687.4362475555259
2024-04-15,676.4084299281691,115.7065404039854,342.11630035859224,1024.928088058614,81.1350600703498,SUP005,PrimeSteel,MAT101,Steel Rod,-2.8846969485052942,Normal,689.4464278663849
2024-04-16,612.3065972351549,103.3551084502153,350.4895301088261,1018.7965285290662,83.4058385914478,SUP002,BetaMetals,MAT104,Steel Sheet,-9.476793880262768,High,682.3188412734734
2024-04-17,773.1045515226026,112.88957902490152,342.5270359655997,940.1359534062804,82.20906727699403,SUP004,DeltaIron,MAT103,Steel Bar,26.261019400007157,High,694.2858151034336
2024-04-18,727.7970549103304,122.32045115099432,327.80604217907074,965.9493388185208,82.92571936106599,SUP004,DeltaIron,MAT100,Steel Coil,-5.860461760707613,High,697.0502478918644
2024-04-19,668.8056008098895,101.69973806113106,333.0642718137896,974.2333636015616,83.15897004395609,SUP004,DeltaIron,MAT101,Steel Rod,-8.105481288009486,High,695.427332083181
2024-04-20,766.9004919246254,115.54375344469264,315.6210888618928,1004.8551471193244,81.7589696270472,SUP003,CoreSteel,MAT103,Steel Bar,14.667175483570706,High,703.1175829612263
2024-04-21,706.6325223049661,92.00102071622474,377.98602628699007,1090.0556936170683,83.91531050608985,SUP002,BetaMetals,MAT101,Steel Rod,-7.858642712356312,High,704.5650355193911
2024-04-22,699.2379957121252,103.55405046457726,384.5237617217562,941.8953203662212,82.09314923557191,SUP003,CoreSteel,MAT100,Steel Coil,-1.0464458342110627,Normal,707.8264020599563
2024-04-23,682.2028501859713,114.20993880702392,364.4643662363312,1053.8527682048584,84.08044933315679,SUP002,BetaMetals,MAT101,Steel Rod,-2.4362442588384714,Normal,717.81158105293
2024-04-24,696.5764578960403,126.9901167410592,331.40390307644606,916.2272870095202,82.41186014193737,SUP003,CoreSteel,MAT101,Steel Rod,2.1069404365799294,Normal,706.8789962491355
2024-04-25,666.1705369242113,116.57360626787217,346.64220746407864,913.4813256129868,82.9489022634296,SUP004,DeltaIron,MAT103,Steel Bar,-4.365051478148995,High,698.075207965404
2024-04-26,748.5100051074357,95.25105182602393,356.49373829786254,1019.99377743232,83.7607621298152,SUP004,DeltaIron,MAT104,Steel Sheet,12.360118561141341,High,709.4615514364822
2024-04-27,665.3415974185556,119.85390200926992,362.2900747733869,954.8045446738342,83.54327522082917,SUP003,CoreSteel,MAT103,Steel Bar,-11.111195190629786,High,694.953137935615
2024-04-28,734.3741386962373,100.97777501457252,333.45940101249494,949.9203710643102,82.14957350654542,SUP002,BetaMetals,MAT101,Steel Rod,10.375503582749012,High,698.9162259915109
2024-04-29,629.3589267949529,111.82264683420586,370.1358062063644,1031.8645976995006,83.46247966942862,SUP005,PrimeSteel,MAT102,Steel Plate,-14.29996051981377,High,688.9335018604863
2024-04-30,681.4386328242905,112.05159889649788,358.1963658686763,940.8277002177985,81.47697824642292,SUP003,CoreSteel,MAT103,Steel Bar,8.27504049152945,High,688.8243279516748
2024-05-01,727.7888263032299,116.72042242413384,373.3504712001353,1095.1469779010597,81.01740825678948,SUP001,AlphaSteel,MAT100,Steel Coil,6.8018147557669995,High,693.2832377241305
2024-05-02,692.0100012327536,115.33610165986968,364.1097005760104,1016.8916400679256,82.85673717404424,SUP004,DeltaIron,MAT101,Steel Rod,-4.91609980496861,High,696.9745897682079
2024-05-03,702.8881013783958,94.6750019633658,373.0074526929469,1080.7983784280873,84.60828381910777,SUP002,BetaMetals,MAT102,Steel Plate,1.5719570708897068,Normal,690.4571749497736
2024-05-04,714.3062507319704,103.55015918571966,362.0696465054053,966.3820975138268,82.92039977389697,SUP005,PrimeSteel,MAT104,Steel Sheet,1.6244618924666776,Normal,697.4521254231187
2024-05-05,668.5912569491795,119.0981840885588,315.7052311553425,1153.8692108970256,82.59644992072569,SUP005,PrimeSteel,MAT103,Steel Bar,-6.3999151254725,High,688.0545708878246
2024-05-06,730.6234172721182,101.05643076542223,329.23275149306136,1016.181553638562,83.83876499763231,SUP004,DeltaIron,MAT101,Steel Rod,9.278039411702,High,702.5209266702768
2024-05-07,638.5159856095712,116.4526779741157,371.2488686701004,971.400228265833,84.03250051604275,SUP001,AlphaSteel,MAT100,Steel Coil,-12.606690325700566,High,696.3891199253169
2024-05-08,698.0081005092443,114.7184921096259,356.5666688046138,968.817036259868,82.77535418108272,SUP004,DeltaIron,MAT102,Steel Plate,9.31724753028349,High,692.1347305261761
2024-05-09,741.6307464921492,98.43634759496057,349.77759497537966,828.2792472147858,83.31326858258512,SUP001,AlphaSteel,MAT101,Steel Rod,6.249590219809664,High,699.2234084203756
2024-05-10,801.4660436895621,117.72500207803996,358.0084196611133,1014.4551107741864,80.048147071887,SUP003,CoreSteel,MAT103,Steel Bar,8.068071271374432,High,713.305971607685
2024-05-11,658.2016566219804,122.31244022386382,334.8311920541112,958.7530916674534,84.5443026447375,SUP005,PrimeSteel,MAT100,Steel Coil,-17.87529093660184,High,705.2910295919721
2024-05-12,729.5250058664511,113.41333132670542,345.2937712542091,1021.6193089442193,82.31514223090223,SUP001,AlphaSteel,MAT100,Steel Coil,10.836093851619278,High,713.9958508658681
2024-05-13,709.4164278624692,122.8999266355387,342.12267337389915,1008.6622103400496,83.23962739872131,SUP003,CoreSteel,MAT104,Steel Sheet,-2.7563932479736097,Normal,710.9662809502039
2024-05-14,698.7230709751111,117.21246659691737,377.0803164795575,1119.2132632457888,81.45535576936625,SUP002,BetaMetals,MAT102,Steel Plate,-1.5073455402742852,Normal,719.567293145281
2024-05-15,706.632044209935,130.57396924878026,346.1600325075314,1103.8983808271691,83.66514183544176,SUP002,BetaMetals,MAT101,Steel Rod,1.1319181465965444,Normal,720.7992851025226
2024-05-16,672.1273914983503,147.2322911896382,359.4650708916108,758.1662629563469,84.16400099133644,SUP003,CoreSteel,MAT101,Steel Rod,-4.8829731108731895,High,710.8702343891227
2024-05-17,706.1291708692744,107.1901185317022,324.9388204271994,953.1054763225694,83.14512230542081,SUP001,AlphaSteel,MAT102,Steel Plate,5.058829591087655,High,697.2506811290816
2024-05-18,708.7562534946994,94.2170909775218,317.2572956747669,919.8201136832909,82.81943278575933,SUP001,AlphaSteel,MAT104,Steel Sheet,0.37203995158434644,Normal,704.472766396613
2024-05-19,667.1276853407288,108.05553433207577,347.0026353258592,978.7538110481846,83.01042062725924,SUP003,CoreSteel,MAT103,Steel Bar,-5.873467493050056,High,695.5588634643669
2024-05-20,659.1867708422579,105.48131935715772,349.7739738240605,1020.2978800298372,82.88299818278175,SUP001,AlphaSteel,MAT103,Steel Bar,-1.1903140392704792,Normal,688.3831981757654
2024-05-21,714.4446893767772,105.07867833301066,351.1751495068837,1121.2599438481298,82.4642855600752,SUP003,CoreSteel,MAT103,Steel Bar,8.382740822288493,High,690.6291436617175
2024-05-22,741.9360615588204,127.75211779392116,354.1923282632853,968.2718740449247,82.38138234123991,SUP001,AlphaSteel,MAT102,Steel Plate,3.8479356891888195,High,695.6725747115585
2024-05-23,668.6201225292294,118.88087285853705,314.1886600864352,972.1969678286816,83.26379512427283,SUP004,DeltaIron,MAT104,Steel Sheet,-9.881705827258603,High,695.1715362873982
2024-05-24,642.0692281377629,112.10391533679156,324.4621318520754,1017.4254885489578,84.07248433708234,SUP001,AlphaSteel,MAT100,Steel Coil,-3.970998403552506,High,686.0201158971823
2024-05-25,652.7218657203814,114.67213806282264,360.851309433429,982.8611757494948,83.39181395940426,SUP001,AlphaSteel,MAT104,Steel Sheet,1.6591104379063637,Normal,678.0152033579941
2024-05-26,677.3090107917131,92.9283438340888,337.41217432656856,931.3127821359084,83.62700194317337,SUP003,CoreSteel,MAT101,Steel Rod,3.766864014000193,High,679.4696784224203
2024-05-27,653.9423454639788,121.9661560410672,357.68934153149974,983.3870141922376,82.25613654592495,SUP005,PrimeSteel,MAT104,Steel Sheet,-3.4499268362635283,High,678.7204747969519
2024-05-28,654.344743416257,103.270858589488,355.8145685500908,927.124322823065,85.7005085520529,SUP001,AlphaSteel,MAT101,Steel Rod,0.06153416353436025,Normal,670.1347682311633
2024-05-29,703.6082997104752,126.30243751579152,360.25005928799465,1081.4863375311663,83.37608376255602,SUP001,AlphaSteel,MAT102,Steel Plate,7.528685267190971,High,664.6593736813996
2024-05-30,744.4140838944143,95.37006016710852,328.86712409679427,1021.94831856543,82.23600066249665,SUP002,BetaMetals,MAT104,Steel Sheet,5.799502962192182,High,675.4870824478546
2024-05-31,746.4938887214752,114.88739764233983,321.9334578272468,1029.4982057264208,82.93556850468912,SUP002,BetaMetals,MAT101,Steel Rod,0.2793881620536176,Normal,690.4048911026706
2024-06-01,717.480388529683,105.0550992975287,426.4236693765458,1062.8647468278125,83.7483009321287,SUP003,CoreSteel,MAT102,Steel Plate,-3.8866359966434283,High,699.6561086468566
2024-06-02,707.6220980801577,112.46242505504604,366.5528092806451,1023.1191324234568,82.3188576986869,SUP003,CoreSteel,MAT100,Steel Coil,-1.3740153190427429,Normal,703.986549688063
2024-06-03,685.8823614569777,117.9931689461115,381.9123581842018,1006.567911800508,84.00095429609611,SUP005,PrimeSteel,MAT104,Steel Sheet,-3.072224098450549,High,708.5494091156343
2024-06-04,750.0005850367186,81.6437339670548,363.847305530267,926.111445951264,82.84947429495371,SUP001,AlphaSteel,MAT104,Steel Sheet,9.34828291013905,High,722.2145293471289
2024-06-05,643.558018125998,103.28173596450873,331.9215961791669,1001.591596580048,84.36886058535306,SUP004,DeltaIron,MAT102,Steel Plate,-14.19233118404959,High,713.6359176922034
2024-06-06,697.6540932586144,123.68253782778976,326.69474805448164,1146.0299595823724,82.12714299955762,SUP002,BetaMetals,MAT104,Steel Sheet,8.405780614798463,High,706.9559190299462
2024-06-07,727.4836946483518,109.18091531757518,362.23454688345055,1077.0322335942965,81.76472188585255,SUP001,AlphaSteel,MAT102,Steel Plate,4.275700763168877,High,704.2401770195002
2024-06-08,672.7347600477646,130.53773725533551,350.5522318470509,1003.4342089815084,82.38799618930983,SUP002,BetaMetals,MAT104,Steel Sheet,-7.525795423779447,High,697.8479443792261
2024-06-09,623.463626093827,95.97506554698997,360.563093990868,975.5547539462935,82.85777157587654,SUP001,AlphaSteel,MAT101,Steel Rod,-7.324005964912428,High,685.825305524036
2024-06-10,701.8028843524003,99.4778781066142,377.4777998699629,1131.2907594814171,80.55707286511314,SUP004,DeltaIron,MAT102,Steel Plate,12.565168997811549,High,688.0996659376677
2024-06-11,658.1066677896566,123.9741761788371,318.4941325030333,1092.2062038636686,81.44238573020034,SUP004,DeltaIron,MAT102,Steel Plate,-6.2262805606826515,High,674.9719634738018
2024-06-12,688.2546643005055,114.1044493902086,331.0304089418772,1007.6896025000294,81.54121646086372,SUP001,AlphaSteel,MAT102,Steel Plate,4.581019762663274,High,681.3571986415885
2024-06-13,677.3299351789116,96.11823972101077,363.4457281660329,901.3791713715676,83.788894092611,SUP001,AlphaSteel,MAT100,Steel Coil,-1.5873091296369268,Normal,678.4537474873453
2024-06-14,655.5338076378927,129.9062313568162,345.00736193097924,1071.823248186722,83.65571821644919,SUP002,BetaMetals,MAT101,Steel Rod,-3.2179483600206726,High,668.1751922001368
2024-06-15,669.901850340476,107.13429949888042,291.26291103119,994.1079329016612,82.76197010273553,SUP004,DeltaIron,MAT102,Steel Plate,2.191808040283405,Normal,667.7704908133813
2024-06-16,719.6276648925038,116.37916223160572,356.0854608988972,922.6252770463624,84.21405807037229,SUP005,PrimeSteel,MAT104,Steel Sheet,7.422850754443333,High,681.5082106417638
2024-06-17,716.2167048487861,109.72531572262372,336.8583482371764,1148.9864906179369,82.98001885198278,SUP004,DeltaIron,MAT102,Steel Plate,-0.47398956573289075,Normal,683.5673278555332
2024-06-18,774.4599643817719,108.57545912794768,322.404271284489,925.6824469577874,83.08924466883336,SUP005,PrimeSteel,MAT100,Steel Coil,8.132072198076234,High,700.1892273686926
2024-06-19,703.9804895134047,105.8409642621698,350.2887218655626,962.8052043099892,81.24637624604256,SUP005,PrimeSteel,MAT102,Steel Plate,-9.10046717839429,High,702.4357738276782
2024-06-20,706.398014346713,123.64068030445168,340.1176314334272,913.8497067840788,82.58096380360793,SUP003,CoreSteel,MAT104,Steel Sheet,0.34340793094695954,Normal,706.5883565659354
2024-06-21,715.366503537799,114.0371580407994,339.26537406389355,946.3029205684676,82.91573205151944,SUP002,BetaMetals,MAT100,Steel Coil,1.269608493928187,Normal,715.1358845516363
2024-06-22,683.6080015624281,121.98717065253076,370.5637632505217,956.1406207625216,83.49415915030426,SUP005,PrimeSteel,MAT103,Steel Bar,-4.439472888136542,High,717.0939061547724
2024-06-23,799.915733724539,92.02054730868171,327.35904336299205,890.711732309893,83.32928192988675,SUP001,AlphaSteel,MAT103,Steel Bar,17.013804972481662,High,728.5636302736345
2024-06-24,654.0111438577803,113.39069080273916,334.29946314457067,1011.84900665335,81.85003709934956,SUP004,DeltaIron,MAT103,Steel Bar,-18.23999500389909,High,719.6771215606337
2024-06-25,686.8622376190008,115.00722529470184,340.80968296570734,1079.9434734651306,81.33791207839593,SUP001,AlphaSteel,MAT103,Steel Bar,5.023017431697485,High,707.1631605945234
2024-06-26,670.2308211553756,94.06418786379442,349.6086920158832,973.7393402156756,82.67585986974224,SUP001,AlphaSteel,MAT100,Steel Coil,-2.421361308386638,Normal,702.3417794005194
2024-06-27,643.9499885026047,104.84430960984366,350.711933648955,1000.454966821742,83.37769242885709,SUP001,AlphaSteel,MAT104,Steel Sheet,-3.9211614600872413,High,693.420632851361
2024-06-28,686.6411143476682,104.13711884346598,369.05979588441977,1026.4908314242982,82.31978773648473,SUP004,DeltaIron,MAT102,Steel Plate,6.629571644893484,High,689.3170058241996
2024-06-29,634.9684129738882,82.15831724980333,358.96096162821965,928.1494145742112,81.17961201891003,SUP003,CoreSteel,MAT102,Steel Plate,-7.52543072269577,High,682.3684931686938
2024-06-30,730.9193746781143,104.71269599798109,340.1529417775039,1041.9591711479077,83.61388948775577,SUP004,DeltaIron,MAT104,Steel Sheet,15.111139348623293,High,672.511870447776
2024-07-01,667.7125357638181,103.79966962791258,367.975447749282,1103.9966959451417,83.53028981470794,SUP002,BetaMetals,MAT101,Steel Rod,-8.647580171497237,High,674.4692121486386
2024-07-02,674.7670221766426,111.35382625991996,327.56565788170343,1084.7297525302608,84.29588055510995,SUP005,PrimeSteel,MAT104,Steel Sheet,1.056515496560917,Normal,672.7413242283017
2024-07-03,771.9311456576041,113.1589204972283,339.31228545805857,942.1992681787724,83.51000669625003,SUP001,AlphaSteel,MAT103,Steel Bar,14.3996550346418,High,687.2699420143343
2024-07-04,687.0957477797049,105.16748152848172,356.2381285169886,905.2648215181282,81.56802617152216,SUP004,DeltaIron,MAT103,Steel Bar,-10.990021371093716,High,693.433621911063
2024-07-05,645.5538185525867,118.0089987703892,387.0017508179333,1065.5708040647596,83.42753343880192,SUP002,BetaMetals,MAT102,Steel Plate,-6.046017510857493,High,687.5640082260513
2024-07-06,753.6284233162129,112.14140085313008,366.0156059918135,1000.2721855508944,81.65567589111551,SUP001,AlphaSteel,MAT101,Steel Rod,16.74137796999531,High,704.5154382749548
2024-07-07,706.3009139320721,106.02253867789412,379.1416320266896,1007.8276715659972,84.05559420181126,SUP004,DeltaIron,MAT104,Steel Sheet,-6.27995281492757,High,700.9985153112345
2024-07-08,673.9053221743557,103.41916589399762,348.4726752623302,864.4659021359587,82.41388319595643,SUP001,AlphaSteel,MAT100,Steel Coil,-4.586655789154492,High,701.8831990841684
2024-07-09,699.8872154956772,123.02614048937475,394.5451974638648,1096.994682551221,83.12099777768015,SUP005,PrimeSteel,MAT104,Steel Sheet,3.8554218918305905,High,705.4717981297448
2024-07-10,696.250842449315,104.88617137620962,344.1288693239944,1061.1029849599713,83.69815478648479,SUP002,BetaMetals,MAT100,Steel Coil,-0.519565576546055,Normal,694.6603262428464
2024-07-11,725.8076773589551,103.48520848861769,343.6339669587386,1072.929634442758,82.57800567152347,SUP002,BetaMetals,MAT102,Steel Plate,4.245141708649602,High,700.190601897025
2024-07-12,649.328312307435,112.07962613068491,308.2672931402483,1009.997108697597,82.2865608044293,SUP002,BetaMetals,MAT104,Steel Sheet,-10.537139167473486,High,700.7298152905747
2024-07-13,726.2741102728593,106.54799395317326,349.8806664038318,1138.6958275699349,84.70211700600777,SUP001,AlphaSteel,MAT100,Steel Coil,11.850060517458694,High,696.8220562843815
2024-07-14,724.6216421979443,92.7855262747336,372.6359605552324,973.6988666556136,82.74883829201259,SUP004,DeltaIron,MAT100,Steel Coil,-0.22752677694846124,Normal,699.4393031795059
2024-07-15,695.2394898148573,103.23672790966046,327.8519321357296,1027.4744764189031,83.62379310783648,SUP003,CoreSteel,MAT100,Steel Coil,-4.054826777456466,High,702.4870414138633
2024-07-16,698.2802961375041,126.79930518781876,320.4902627056397,827.088186377967,81.90884949844812,SUP005,PrimeSteel,MAT104,Steel Sheet,0.43737537455714737,Normal,702.2574815055528
2024-07-17,749.0735395187787,117.20947857833352,355.9849460004256,854.2088331504076,81.51829939807016,SUP003,CoreSteel,MAT101,Steel Rod,7.274047923482074,High,709.8035810869048
2024-07-18,710.451960313159,117.28574796534748,328.6727218969263,1004.4156744506138,84.40602110325675,SUP005,PrimeSteel,MAT100,Steel Coil,-5.15591289346985,High,707.6099072232197
2024-07-19,668.2004895912639,102.01186755582262,321.9822133112773,940.073595046328,84.24866276761595,SUP003,CoreSteel,MAT104,Steel Sheet,-5.947125644254836,High,710.3059325494809
2024-07-20,710.4414882271635,115.9834847491055,353.6341827675076,962.3647923817608,84.3136065615472,SUP002,BetaMetals,MAT100,Steel Coil,6.3216054603219884,High,708.0441294000958
2024-07-21,715.4798496900738,107.68286361842736,340.1776559443824,947.1664745618898,81.16178529277936,SUP004,DeltaIron,MAT102,Steel Plate,0.7091873921219127,Normal,706.7381590418287
2024-07-22,655.6695885851224,101.71613719017324,326.81469851825784,1051.0666973339612,82.22664764934714,SUP001,AlphaSteel,MAT104,Steel Sheet,-8.359461294522774,High,701.0853160090094
2024-07-23,675.2672418882006,107.42801718741644,375.1487450600855,1100.2462416485992,83.87832476656551,SUP001,AlphaSteel,MAT100,Steel Coil,2.9889526133686006,Normal,697.7977368305374
2024-07-24,698.2778955939195,101.26421848013416,346.11347025357134,1030.6916275888616,82.99918119756403,SUP002,BetaMetals,MAT100,Steel Coil,3.407636603454356,High,690.5412162698432
2024-07-25,656.5635521220637,103.58577197528646,345.81467318074584,1026.5697462959515,82.39651220802683,SUP001,AlphaSteel,MAT100,Steel Coil,-5.973888581475972,High,682.842872242544
2024-07-26,668.8311275106413,108.07094629668796,342.89987562438387,925.3898101950828,82.14211483445632,SUP003,CoreSteel,MAT101,Steel Rod,1.8684520864625798,Normal,682.9329633738836
2024-07-27,735.424454391122,94.92762776922348,317.0931691173008,1149.787259997628,81.8242309699404,SUP004,DeltaIron,MAT101,Steel Rod,9.95667278948844,High,686.5019585401634
2024-07-28,670.7411084942482,118.08126336255054,346.7590636315621,803.8391542945275,82.37001473285645,SUP005,PrimeSteel,MAT102,Steel Plate,-8.79537599146426,High,680.1107097979026
2024-07-29,690.5697833097038,113.38113138298364,367.34199873459534,1023.4825560392744,84.0571251823685,SUP003,CoreSteel,MAT104,Steel Sheet,2.9562337188440813,Normal,685.0964519014142
2024-07-30,725.9428326865838,119.80188499694135,347.165412887006,961.160559339848,81.5820957386688,SUP002,BetaMetals,MAT100,Steel Coil,5.1222990394029555,High,692.3358220154688
2024-07-31,744.910772130726,107.92353199894008,332.3400544717534,1019.985136599097,83.06593752075099,SUP002,BetaMetals,MAT100,Steel Coil,2.6128695800942348,Normal,698.997661520727
2024-08-01,667.127764282362,122.53882306279094,335.3276114274759,1024.7254448422073,81.0356647147015,SUP002,BetaMetals,MAT101,Steel Rod,-10.441922812563863,High,700.5068346864838
2024-08-02,791.9483509044554,115.54041393486054,354.6400018162628,1013.7190123638622,82.70387836963089,SUP003,CoreSteel,MAT104,Steel Sheet,18.710147186928204,High,718.0950094570288
2024-08-03,712.4549406824432,116.21641756054596,297.0819550445272,1086.973404184614,82.50829044952638,SUP002,BetaMetals,MAT102,Steel Plate,-10.037701338884752,High,714.8136503557889
2024-08-04,666.8324329196889,136.18529897506448,340.1411220627803,1006.527190184522,84.85748056562133,SUP005,PrimeSteel,MAT100,Steel Coil,-6.403563952978352,High,714.2552681308518
2024-08-05,697.3337527958352,104.5612441772217,345.3226670015276,974.7008121924777,84.4261806293927,SUP002,BetaMetals,MAT104,Steel Sheet,4.574060644080835,High,715.2215494860135
2024-08-06,651.2537711222076,75.59255458191363,359.47782164219205,943.8617616812536,82.10907202887708,SUP005,PrimeSteel,MAT104,Steel Sheet,-6.608023989786538,High,704.5516835482455
2024-08-07,669.5314340976639,102.13470717952592,353.1306323764225,1100.71733314381,83.69304506280231,SUP001,AlphaSteel,MAT102,Steel Plate,2.806534685236639,Normal,693.7832066863793
2024-08-08,682.5356337256103,113.1200730150215,384.848382681026,1079.5287305982654,83.94339670143913,SUP001,AlphaSteel,MAT101,Steel Rod,1.9422836577452474,Normal,695.9843308925578
2024-08-09,691.2564490789437,104.0440757972985,326.7331445940297,922.9785367568828,82.42075117423984,SUP003,CoreSteel,MAT101,Steel Rod,1.2777084334382627,Normal,681.5997734889132
2024-08-10,730.1388524799291,108.51521293186472,360.9903054843025,1027.0927081056411,84.83725079385567,SUP001,AlphaSteel,MAT104,Steel Sheet,5.624888339601597,High,684.1260466028398
2024-08-11,680.1366605671268,116.5082303781531,354.5588166514068,989.029487302242,83.43536997722379,SUP003,CoreSteel,MAT103,Steel Bar,-6.8483127206515615,High,686.0266505524739
2024-08-12,697.5235289575102,117.43665163037298,357.6047770259692,1066.1181244614277,82.07928539162106,SUP005,PrimeSteel,MAT100,Steel Coil,2.556378651297142,Normal,686.053761432713
2024-08-13,706.2213533245133,104.33736492542754,354.4381912198947,963.3401384132536,82.48450198576406,SUP003,CoreSteel,MAT100,Steel Coil,1.2469578452790842,Normal,693.9062731758996
2024-08-14,718.6105485488594,108.2508658560598,345.9599197393518,800.6918783547073,84.57974470765335,SUP005,PrimeSteel,MAT100,Steel Coil,1.7542934897145646,Normal,700.9175752403561
2024-08-15,723.6039808050394,95.7198754829601,336.5887632584918,932.7125302232894,82.8479199826395,SUP003,CoreSteel,MAT100,Steel Coil,0.6948732197521457,Normal,706.7844819659888
2024-08-16,762.0625359689992,130.35961824105254,379.3187394276591,1068.4756132942862,82.80823886187837,SUP004,DeltaIron,MAT104,Steel Sheet,5.314862298183187,High,716.8996372359967
2024-08-17,604.1581279008426,88.21265629503621,356.5896030814702,889.7575765288982,83.1310449845203,SUP002,BetaMetals,MAT104,Steel Sheet,-20.72066275602612,High,698.9023908675559
2024-08-18,681.1897779777071,105.81176054347142,341.2021236419664,1006.7076364381928,83.59729622058848,SUP004,DeltaIron,MAT103,Steel Bar,12.750246420504553,High,699.0528362119245
2024-08-19,659.0461448405881,101.30099973639936,349.20279878116537,963.147690515256,83.25455431289838,SUP003,CoreSteel,MAT101,Steel Rod,-3.2507289235693237,High,693.5560670523643
2024-08-20,680.9058027933781,117.50801986635716,344.6837353634423,952.2096875172412,82.95367705931979,SUP004,DeltaIron,MAT102,Steel Plate,3.3168630336313454,High,689.9395598336305
2024-08-21,686.302873411421,101.16835464580568,346.041978939554,1060.339740302233,82.43690570588188,SUP005,PrimeSteel,MAT104,Steel Sheet,0.7926310211929133,Normal,685.3241776711394
2024-08-22,696.3099599843812,109.58327846972406,363.6134538385261,989.8022784825156,82.32119436254527,SUP003,CoreSteel,MAT100,Steel Coil,1.4581152084090387,Normal,681.4250318396168
2024-08-23,725.4926352038781,117.40409981592867,349.6842288679968,1121.9443939887,82.03447648695128,SUP002,BetaMetals,MAT104,Steel Sheet,4.191046645397911,High,676.2007603017422
2024-08-24,676.4396565920417,105.54788327847558,345.62254351487246,896.2160228566216,82.80719449451806,SUP002,BetaMetals,MAT103,Steel Bar,-6.761333779501633,High,686.5266929719137
2024-08-25,704.9652796071852,111.27476757583304,351.90088112300606,999.517056077242,83.63177755630053,SUP001,AlphaSteel,MAT104,Steel Sheet,4.2170240519099345,High,689.9231932046962
2024-08-26,707.3726585550799,101.46499489097388,304.4225231670239,873.8200581081148,84.23197614993457,SUP005,PrimeSteel,MAT101,Steel Rod,0.3414890091092415,Normal,696.826980878195
2024-08-27,670.9502387123023,103.57454807867389,394.0128585243349,951.5321318353482,85.13806640146174,SUP005,PrimeSteel,MAT103,Steel Bar,-5.148971960151261,High,695.4047574380413
2024-08-28,732.4449274201488,112.88634583467255,326.25872288602704,1114.9977166492286,82.5741726350197,SUP004,DeltaIron,MAT104,Steel Sheet,9.1653128890554,High,701.9964794392882
2024-08-29,674.6397946453878,112.20646819629142,324.7456873636501,1054.2799903404914,82.58415155841215,SUP003,CoreSteel,MAT103,Steel Bar,-7.892079064342061,High,698.9007415337176
2024-08-30,691.3165017224992,109.72802435904192,370.72340321467647,849.4860664701941,81.0583960325418,SUP002,BetaMetals,MAT102,Steel Plate,2.4719423919955963,Normal,694.0184367506636
2024-08-31,680.285781085239,93.27876878397193,367.54623397505634,1078.7415975218662,83.64590342756402,SUP001,AlphaSteel,MAT103,Steel Bar,-1.595610781715151,Normal,694.5678831068345
2024-09-01,731.078709612549,114.3142020385662,355.8907314236872,992.4649721162964,84.96076503459291,SUP001,AlphaSteel,MAT103,Steel Bar,7.466410432139492,High,698.2983731076009
2024-09-02,643.7706875045537,122.94370015905804,359.1004270733947,1128.8444924337043,83.38587051659934,SUP005,PrimeSteel,MAT103,Steel Bar,-11.94235599532998,High,689.21237724324
2024-09-03,706.4559924245035,118.07256883798097,339.3165461969726,1031.8506613279528,83.91197561731921,SUP001,AlphaSteel,MAT103,Steel Bar,9.737210180062196,High,694.2846277735543
2024-09-04,713.7432908063658,120.4705675655137,343.98318589639194,1094.002270921755,83.06186701001218,SUP003,CoreSteel,MAT100,Steel Coil,1.0315289926061677,Normal,691.6129654001569
2024-09-05,711.725616033079,120.52985228855042,321.6284291072053,978.7373542240282,83.84402259345063,SUP001,AlphaSteel,MAT102,Steel Plate,-0.28268914037810067,Normal,696.9109398841128
2024-09-06,723.7494368858669,107.4499844904104,368.0778393498687,917.6635802056646,83.88415356973891,SUP001,AlphaSteel,MAT103,Steel Bar,1.689389925264284,Normal,701.5442163360224
2024-09-07,685.6841043680628,111.37716086690536,330.789630298583,999.0500025522616,83.46029507320088,SUP003,CoreSteel,MAT102,Steel Plate,-5.259462816522631,High,702.3154053764258
2024-09-08,686.8063072147003,107.6138419619162,361.8270926828079,969.757061112102,84.02621200182399,SUP005,PrimeSteel,MAT104,Steel Sheet,0.1636617852869282,Normal,695.9907764624475
2024-09-09,653.0314666259627,107.4715653792205,341.8510779279393,1120.251625107254,81.59078340495228,SUP005,PrimeSteel,MAT101,Steel Rod,-4.91766604848306,High,697.313744908363
2024-09-10,623.787877705251,111.15707041001949,321.8667227427768,929.0817261799348,82.5998513322512,SUP005,PrimeSteel,MAT100,Steel Coil,-4.478128607156617,High,685.5040142341841
2024-09-11,725.4553521963854,121.70614483961884,349.74437305091914,1011.1326384960134,83.27276765712587,SUP003,CoreSteel,MAT103,Steel Bar,16.298404974643276,High,687.1771658613297
2024-09-12,656.0262087447786,101.16832046598635,356.26058981154165,1050.0972230294187,82.22115502828296,SUP001,AlphaSteel,MAT102,Steel Plate,-9.570422665075595,High,679.2201076772869
2024-09-13,667.1523651724187,102.7881205645825,362.2878112601546,889.5479076445653,83.63603437875997,SUP003,CoreSteel,MAT102,Steel Plate,1.695992672141644,Normal,671.1348117182227
2024-09-14,735.8514905289197,111.7285219392946,345.91642971206244,967.6960373003104,82.61858767761123,SUP001,AlphaSteel,MAT100,Steel Coil,10.297366680060627,High,678.3015811697738
2024-09-15,656.5155303613918,102.4406355076416,332.42114347784644,994.8057147355568,82.6538517318605,SUP003,CoreSteel,MAT100,Steel Coil,-10.781517899828174,High,673.9743273335869
2024-09-16,718.1938000964263,114.5508842639887,338.31811754671315,1013.2243478086964,84.01471669763971,SUP001,AlphaSteel,MAT101,Steel Rod,9.394792184288846,High,683.2832321150817
2024-09-17,747.1229099673803,110.70965982185486,377.8482666784431,1053.0281996798417,84.83977227047106,SUP004,DeltaIron,MAT103,Steel Bar,4.028036703612581,High,700.902522438243
2024-09-18,705.3757601581725,114.956912619167,374.8360452178182,927.5487587792506,83.74422640516559,SUP003,CoreSteel,MAT103,Steel Bar,-5.587721812871527,High,698.0340092899269
2024-09-19,687.0144444553964,134.62669078724423,382.1558439830487,970.31722256507,83.73001776010484,SUP001,AlphaSteel,MAT102,Steel Plate,-2.6030545334672084,Normal,702.4609001057295
2024-09-20,709.8351901043509,114.70053761199868,373.5349517475116,926.2811443234654,83.98257661963306,SUP005,PrimeSteel,MAT104,Steel Sheet,3.3217271970234608,High,708.5584465245769
2024-09-21,689.0040862900823,105.60602134520484,339.76559677044673,1040.3645792443251,82.9084162486629,SUP002,BetaMetals,MAT103,Steel Bar,-2.9346394916271,Normal,701.865960204743
2024-09-22,698.8057291591119,125.1440641579023,347.93183382661454,916.6900689024196,84.34570428806057,SUP005,PrimeSteel,MAT102,Steel Plate,1.4225812392211212,Normal,707.9074171758458
2024-09-23,677.9896836618597,121.0400501863275,357.37435708935044,1087.032178028255,82.68900625488766,SUP002,BetaMetals,MAT101,Steel Rod,-2.978802924569701,Normal,702.1639719709077
2024-09-24,707.0278270546652,105.7980440412416,337.21521942240395,1113.3736524289568,81.32550333268766,SUP001,AlphaSteel,MAT100,Steel Coil,4.282977173925251,High,696.436102983377
2024-09-25,715.1997393898413,119.4812305717497,350.9952909465122,979.9742751988128,82.6223612538516,SUP002,BetaMetals,MAT100,Steel Coil,1.1558119811519552,Normal,697.8395285879011
2024-09-26,706.6079968445122,104.17121449661416,356.79388079465497,878.4528296793155,83.91101591575783,SUP004,DeltaIron,MAT104,Steel Sheet,-1.2013067220436935,Normal,700.638607500632
2024-09-27,657.0196729912562,103.851787951116,336.06018273874525,1009.3976230706428,83.53182270114755,SUP004,DeltaIron,MAT104,Steel Sheet,-7.0177982806169386,High,693.0935336273327
2024-09-28,750.806858532845,94.49118137551112,350.0853605004678,954.6195949388976,83.6625655892308,SUP001,AlphaSteel,MAT101,Steel Rod,14.2746388574025,High,701.9225010905844
2024-09-29,710.4256376364079,94.05676950458734,317.4616258498254,907.7747387256802,84.53612814387563,SUP004,DeltaIron,MAT100,Steel Coil,-5.378376667382367,High,703.5824880159125
2024-09-30,641.8913024651715,115.70401666400834,357.473748563374,1041.5510827707888,83.54097203661036,SUP004,DeltaIron,MAT100,Steel Coil,-9.64694002306149,High,698.4255764163855
2024-10-01,714.6729145379762,115.66845022097708,373.0044831166992,904.7239291363952,84.27283362661827,SUP005,PrimeSteel,MAT102,Steel Plate,11.338619450565579,High,699.5177317711443
2024-10-02,680.4936808706093,97.79010744233136,350.88764923229974,922.1447222205323,83.72193381396427,SUP003,CoreSteel,MAT104,Steel Sheet,-4.782500214026331,High,694.559723411254
2024-10-03,686.6318660654654,102.5961190232035,347.060008079652,997.9883385222216,83.32541481910282,SUP004,DeltaIron,MAT101,Steel Rod,0.9020194261029735,Normal,691.7059904428188
2024-10-04,642.9872098934508,102.79360431769304,332.71263259158167,941.7004837842576,83.54815250986039,SUP004,DeltaIron,MAT100,Steel Coil,-6.356340031537866,High,689.701352857418
2024-10-05,659.2005466953624,113.95272935336516,373.1277302570997,1043.6896135740546,80.16071510252962,SUP002,BetaMetals,MAT104,Steel Sheet,2.5215644343218546,Normal,676.6147368806348
2024-10-06,728.540268456607,115.45673529668385,331.600293857504,903.2063782605072,84.77064379206767,SUP001,AlphaSteel,MAT100,Steel Coil,10.518759747523188,High,679.2025412835203
2024-10-07,734.063065638816,112.3610063713993,352.9929437825459,1119.2646197189788,83.95332719200873,SUP002,BetaMetals,MAT103,Steel Bar,0.7580634072443138,Normal,692.3699360226126
2024-10-08,696.9913189718712,115.08287717462352,355.1491286326671,955.834749503536,83.69209995008934,SUP004,DeltaIron,MAT104,Steel Sheet,-5.050212768120033,High,689.8439937988832
2024-10-09,681.8103049189563,103.69916361884796,370.9902463351894,983.448698084946,82.38754055252134,SUP004,DeltaIron,MAT104,Steel Sheet,-2.1780779243145254,Normal,690.0320829486471
2024-10-10,670.9180156515856,93.35597791822074,355.8993524881436,882.8419522990903,83.15261176498109,SUP001,AlphaSteel,MAT100,Steel Coil,-1.5975542154155864,Normal,687.7872471752355
2024-10-11,710.9939944020635,109.61757916292652,342.9920682212146,1050.5020092937002,83.95160573678912,SUP005,PrimeSteel,MAT101,Steel Rod,5.973304906942567,High,697.5025021050375
2024-10-12,698.9982634623221,126.46905744410554,358.8582321066336,923.1832155060844,83.98381072020292,SUP001,AlphaSteel,MAT101,Steel Rod,-1.6871775337328532,Normal,703.187890214603
2024-10-13,661.1205041439581,120.15070759091476,383.3770097786608,1145.142832888722,84.231640855585,SUP003,CoreSteel,MAT104,Steel Sheet,-5.418863150066433,High,693.5564953127962
2024-10-14,655.7576882256077,135.64253620051386,348.5051436648228,995.5329695378302,82.03825218686579,SUP004,DeltaIron,MAT103,Steel Bar,-0.8111707146784664,Normal,682.3700128251949
2024-10-15,721.7153144442549,125.68526681412386,349.67155510607773,1088.2637564899471,83.38471534927633,SUP003,CoreSteel,MAT102,Steel Plate,10.05823147832543,High,685.9020121783926
2024-10-16,721.227559921389,123.45044716733231,357.0257921373457,1046.373312326949,82.44728084839443,SUP005,PrimeSteel,MAT100,Steel Coil,-0.0675826760363929,Normal,691.5330486073117
2024-10-17,710.7064521081793,118.5345254366988,341.4432896118756,1259.6933283215037,82.04594057397541,SUP005,PrimeSteel,MAT100,Steel Coil,-1.4587778390438233,Normal,697.2171109582536
2024-10-18,678.1465482610049,94.82263501348925,369.43733611550965,984.9063581515668,81.95559940069894,SUP004,DeltaIron,MAT102,Steel Plate,-4.581343499920598,High,692.5246186523881
2024-10-19,648.8951782653525,101.16873225633658,326.1112348667539,1116.0307338026803,82.49540237180426,SUP003,CoreSteel,MAT100,Steel Coil,-4.313429017763603,High,685.3670350528208
2024-10-20,725.8658100064329,97.92974689604254,357.8948865611674,1134.0942634097812,82.11965926869549,SUP001,AlphaSteel,MAT102,Steel Plate,11.861797454997403,High,694.6163644617458
2024-10-21,724.9546491100057,118.8456937700029,360.1340749409792,833.6316154287624,82.55737543584303,SUP002,BetaMetals,MAT101,Steel Rod,-0.1255274575364118,Normal,704.5016445880884
2024-10-22,700.1058944644325,101.2030022473863,334.76498605068616,1003.0571036394048,81.512547721134,SUP004,DeltaIron,MAT101,Steel Rod,-3.4276288421736356,High,701.4145845909709
2024-10-23,692.2855436987593,108.56597798624624,319.7984795979939,1076.754220183059,82.38754719015856,SUP005,PrimeSteel,MAT103,Steel Bar,-1.1170239855865849,Normal,697.280010844881
2024-10-24,727.5688890270175,124.08295585268962,297.11305112248607,1077.2531165620062,83.18968780135742,SUP002,BetaMetals,MAT100,Steel Coil,5.096646268206828,High,699.688930404715
2024-10-25,749.49942914531,129.37745638224413,365.0976211054488,915.3698690404806,81.5109829360329,SUP004,DeltaIron,MAT102,Steel Plate,3.0142218075899896,High,709.8821991024728
2024-10-26,713.6908343736894,113.95666980100242,373.0979832743058,896.2402743948173,82.8091696490965,SUP003,CoreSteel,MAT100,Steel Coil,-4.777668051389295,High,719.1387214036639
2024-10-27,660.2747037498301,102.67746594709207,377.96344696222593,925.0904393869052,82.61769932161225,SUP004,DeltaIron,MAT100,Steel Coil,-7.48449161053546,High,709.7685633670063
2024-10-28,680.6820329518275,123.64893103991248,350.6334710853827,1031.2799682893897,82.07265207355273,SUP005,PrimeSteel,MAT102,Steel Plate,3.090733157896275,High,703.4439039158381
2024-10-29,665.8879920708049,125.92328563953323,360.63302979690775,918.2515640233916,83.00065877015089,SUP002,BetaMetals,MAT102,Steel Plate,-2.1734143351583968,Normal,698.5556321453198
2024-10-30,602.1387979519046,107.19078908128698,311.9465444580284,1054.518062001186,82.23628408579103,SUP005,PrimeSteel,MAT100,Steel Coil,-9.57356115112551,High,685.6775256100548
2024-10-31,702.2321984315532,97.71621357802525,371.202243253079,951.6278375929504,83.05832936811842,SUP003,CoreSteel,MAT104,Steel Sheet,16.6229780941044,High,682.0579983821315
2024-11-01,703.3852035871629,111.65080646814326,354.1667334702157,1085.2533164911576,83.09363727882199,SUP001,AlphaSteel,MAT101,Steel Rod,0.16419143955304083,Normal,675.4702518738247
2024-11-02,729.2213157200769,111.76123316516026,330.6265731379964,930.7515894216853,82.1350896784835,SUP005,PrimeSteel,MAT102,Steel Plate,3.673109983143452,High,677.6888920661657
2024-11-03,709.6733987779457,115.71930950178243,359.9796008937426,1050.2823322071683,84.5646664951573,SUP005,PrimeSteel,MAT104,Steel Sheet,-2.680656272756965,Normal,684.7458484987537
2024-11-04,600.8739660856724,119.1735753918037,315.54947452883687,1150.8589887573903,82.43590717112409,SUP002,BetaMetals,MAT100,Steel Coil,-15.330916007226069,High,673.3446960893028
2024-11-05,684.916107443605,110.97216277924008,345.03610385474207,1040.883662050223,84.21366902341694,SUP004,DeltaIron,MAT102,Steel Plate,13.986650462727823,High,676.0629982854172
2024-11-06,671.4865072649349,123.5755187652085,352.333448786666,1039.2151925191058,83.00094768081178,SUP002,BetaMetals,MAT102,Steel Plate,-1.960765710240786,Normal,685.9698139015645
2024-11-07,716.3217985353313,116.86717826245932,359.28423300383554,1014.6907402979514,83.09400850206282,SUP004,DeltaIron,MAT104,Steel Sheet,6.677020429348213,High,687.9826139163898
2024-11-08,693.2941117558463,109.04787093102355,332.6048116660456,963.136574588646,84.2572268359881,SUP002,BetaMetals,MAT104,Steel Sheet,-3.214712553292365,High,686.541029369059
2024-11-09,716.9957874091982,104.09020670387908,364.3860617702163,946.209597639776,82.97538749068947,SUP002,BetaMetals,MAT100,Steel Coil,3.4187043062178457,High,684.7945253246478
2024-11-10,667.7638087940335,103.7007163590364,351.75765936395965,1060.2632154798034,82.66391589310079,SUP001,AlphaSteel,MAT103,Steel Bar,-6.866425086409533,High,678.8074410412316
2024-11-11,718.6953432149649,95.41876726754896,381.5142096546694,1040.0926038196085,82.98848301972481,SUP004,DeltaIron,MAT102,Steel Plate,7.627178015668834,High,695.6390663454164
2024-11-12,721.6359151886236,121.1817012547402,352.9273290030384,984.8590686835092,84.48017451263341,SUP001,AlphaSteel,MAT104,Steel Sheet,0.40915417101556883,Normal,700.8847531661332
2024-11-13,749.7422012050737,121.12832950512671,326.30782379251326,953.9455011905092,83.13097287095695,SUP001,AlphaSteel,MAT103,Steel Bar,3.8948014400175257,High,712.0641380147244
2024-11-14,661.2229201669248,129.0416906549908,319.9639740426974,868.763315576272,82.8908682214861,SUP002,BetaMetals,MAT102,Steel Plate,-11.806629118098233,High,704.1928696763807
2024-11-15,714.4616827226226,108.18064848493069,360.2573090688889,849.4233526814901,83.18927967629105,SUP005,PrimeSteel,MAT103,Steel Bar,8.051560363675492,High,707.2168083859202
2024-11-16,690.3251554612066,101.75806584592829,361.2571995609373,930.5316149119662,82.28628236836897,SUP003,CoreSteel,MAT101,Steel Rod,-3.378281557303142,High,703.4067181076356
2024-11-17,703.7300034741759,111.75186468417152,376.2506383576933,958.280566686852,81.66871145357163,SUP005,PrimeSteel,MAT102,Steel Plate,1.9418165348492167,Normal,708.5447459190846
2024-11-18,721.7469855989772,114.19120808743148,382.0154689691568,845.5012535920221,82.4683856225292,SUP002,BetaMetals,MAT104,Steel Sheet,2.5602123024249357,Normal,708.9806948310863
2024-11-19,681.089434595474,94.7446894574846,341.80022375860125,923.4185981451004,82.22537849417307,SUP004,DeltaIron,MAT100,Steel Coil,-5.633213829048622,High,703.1883404606364
2024-11-20,660.2913465438907,104.12485602908362,340.4898252105661,920.7921613415708,83.27530936599493,SUP003,CoreSteel,MAT101,Steel Rod,-3.0536500781187637,High,690.4096469376102
2024-11-21,671.3632373466974,100.07237699146984,324.4423350402057,996.6055018248828,81.55624335600537,SUP004,DeltaIron,MAT101,Steel Rod,1.6768190073608302,Normal,691.8582636775778
2024-11-22,733.530378396419,114.17554151980076,330.5614310494551,922.9232288175958,81.3887455620449,SUP001,AlphaSteel,MAT103,Steel Bar,9.259836939450716,High,694.5823630595487
2024-11-23,710.1235947596151,97.75824758435084,348.80908279529814,1064.260056558669,84.56535965153112,SUP001,AlphaSteel,MAT103,Steel Bar,-3.1909767238234577,High,697.4107115307498
2024-11-24,682.8716138428165,109.93349224270416,358.1149163432809,983.8473095953912,83.11328716844838,SUP005,PrimeSteel,MAT100,Steel Coil,-3.8376391261895404,High,694.4309415834128
2024-11-25,693.9858459223933,110.50591192695212,375.60159116602745,1115.0001987062844,84.62591316177084,SUP002,BetaMetals,MAT104,Steel Sheet,1.6275727170781407,Normal,690.4650644867579
2024-11-26,682.2432449673494,107.96926415784264,384.2829881668746,1005.6107398761638,83.65511997582725,SUP001,AlphaSteel,MAT100,Steel Coil,-1.6920519379522214,Normal,690.629894539883
2024-11-27,714.9852983174433,106.98765195506772,344.93940147798804,923.6998017750408,83.41691745018782,SUP001,AlphaSteel,MAT103,Steel Bar,4.799175893879437,High,698.4433162218191
2024-11-28,738.785055757441,132.54336333196136,341.95186837669047,979.826386183121,83.54972012427365,SUP001,AlphaSteel,MAT101,Steel Rod,3.328705848358715,High,708.0750045662111
2024-11-29,670.5853046900935,106.64709356358784,363.5530768696002,1087.531353299545,81.22849028966286,SUP004,DeltaIron,MAT101,Steel Rod,-9.23133874133737,High,699.0828511795933
2024-11-30,722.3229960365242,97.17045672826404,328.67445398210697,990.84931462416,82.57123191226886,SUP003,CoreSteel,MAT104,Steel Sheet,7.7153034795984565,High,700.8256227905802
2024-12-01,677.1455393042588,108.65207707505266,368.016546097172,1059.7817287109003,84.2908426880718,SUP004,DeltaIron,MAT104,Steel Sheet,-6.25446745848598,High,700.0076121422147
2024-12-02,677.8472450412594,116.3751307064407,361.5481338917069,1061.4809165762526,82.6429866390302,SUP001,AlphaSteel,MAT100,Steel Coil,0.10362701904844673,Normal,697.7020977306244
2024-12-03,686.093999935429,121.89360152575276,363.44648019197945,936.8712452708332,83.0421327109777,SUP005,PrimeSteel,MAT103,Steel Bar,1.2166096350613165,Normal,698.252205583207
2024-12-04,689.9184623092407,101.71198376738484,363.1096313163167,1034.9085438471247,83.02291053652516,SUP002,BetaMetals,MAT103,Steel Bar,0.5574254219059771,Normal,694.6712290106067
2024-12-05,640.8255872911793,93.23115535739068,347.67667668052616,1032.0638946038855,83.26504225640998,SUP001,AlphaSteel,MAT101,Steel Rod,-7.115750295149603,High,680.6770192297121
2024-12-06,683.9144651046684,103.9796384667865,333.9967564287236,970.8878998653732,83.38257358222418,SUP002,BetaMetals,MAT103,Steel Bar,6.723963379119913,High,682.5811850032229
2024-12-07,693.0209438205795,124.92093359154288,325.22296758152424,1100.1879348739544,83.49515696272034,SUP001,AlphaSteel,MAT101,Steel Rod,1.3315230457243699,Normal,678.3951775438021
2024-12-08,728.6490173155235,115.66914915591732,361.0358773428347,1023.8640883146348,82.51052888101289,SUP003,CoreSteel,MAT101,Steel Rod,5.140980775924131,High,685.752817259697
2024-12-09,680.8499015991276,97.42214097447383,309.1030459969378,1056.7245880939674,82.22360268710041,SUP003,CoreSteel,MAT102,Steel Plate,-6.559964342296998,High,686.1817681965355
2024-12-10,731.3345672285942,124.2189251015916,370.5864125949087,852.6279042620471,81.96143394883423,SUP002,BetaMetals,MAT101,Steel Rod,7.414947921838877,High,692.6447063812733
2024-12-11,683.1051385746888,111.57685037235656,354.69920615630724,1030.69313798721,82.9292930151983,SUP004,DeltaIron,MAT102,Steel Plate,-6.59471476053316,High,691.6713744191944
2024-12-12,723.7818606679662,102.1128110659332,341.71320535296326,981.3985770708376,83.22105194635157,SUP005,PrimeSteel,MAT102,Steel Plate,5.9546795648690365,High,703.5222706158784
2024-12-13,697.8863357145121,103.90975609570768,350.0994018898999,920.7170439743824,82.68881648330046,SUP005,PrimeSteel,MAT101,Steel Rod,-3.5778079502511217,High,705.5182521315702
2024-12-14,671.0151836126482,107.97002037878131,355.57982934685833,945.3761880909196,81.85112615761034,SUP002,BetaMetals,MAT104,Steel Sheet,-3.850362261979612,High,702.3745721018659
2024-12-15,627.3029157428934,118.03875578651844,339.5269067046941,920.5844982162588,82.76558525303123,SUP005,PrimeSteel,MAT102,Steel Plate,-6.514348547884463,High,687.89655759149
2024-12-16,669.7637462686628,118.8869396572358,376.2981895853599,1025.2423517376233,83.3525510381462,SUP002,BetaMetals,MAT101,Steel Rod,6.768792151314074,High,686.3128211157093
2024-12-17,714.1429824713325,111.10774578071045,356.1345159111818,918.8763566653054,82.0863797014295,SUP004,DeltaIron,MAT102,Steel Plate,6.626103077377965,High,683.8568804361006
2024-12-18,656.9867627322043,100.89043736748935,282.8295728991013,948.0191778209085,84.54446303156922,SUP001,AlphaSteel,MAT100,Steel Coil,-8.003470053200811,High,680.1256838871742
2024-12-19,732.2516937219733,113.34577359206374,352.81891353135484,979.2878527875828,83.2495370508782,SUP004,DeltaIron,MAT102,Steel Plate,11.456080283378235,High,681.3356600377466
2024-12-20,729.0534588940783,112.04095217995916,319.7304284523761,957.648524106054,83.81221239120241,SUP001,AlphaSteel,MAT104,Steel Sheet,-0.43676714650376924,Normal,685.7881062062561
2024-12-21,701.944510112066,114.2609980734009,376.9740999145744,958.9413580292884,82.64407285269975,SUP003,CoreSteel,MAT101,Steel Rod,-3.7183759916775583,High,690.2065814204586
2024-12-22,736.3981234541388,127.575813827441,365.8470893138054,1083.2574011579006,84.16218958530395,SUP002,BetaMetals,MAT102,Steel Plate,4.908310107956004,High,705.7916110934938
2024-12-23,719.4135372262073,111.42561747204276,341.4584384664097,1006.8566728155844,83.12752333097828,SUP003,CoreSteel,MAT102,Steel Plate,-2.306440726419001,Normal,712.8844383731429
2024-12-24,733.1365501060535,115.85829789067208,359.4999883069843,970.5036638120256,80.80180164877032,SUP004,DeltaIron,MAT103,Steel Bar,1.9075277527800027,Normal,715.597805178103
2024-12-25,666.5088204453496,86.10939266127667,364.2035360843168,891.5605834303037,81.4531954571477,SUP003,CoreSteel,MAT104,Steel Sheet,-9.088038190302438,High,716.9580991371239
2024-12-26,643.2456976099683,117.85057854261017,323.68454502318684,969.9055452390162,83.50478004639041,SUP003,CoreSteel,MAT100,Steel Coil,-3.490294820080142,High,704.2429568354089
2024-12-27,660.9834413887712,95.9125626910694,350.1080512294513,1105.1293369858,85.37694708910423,SUP004,DeltaIron,MAT104,Steel Sheet,2.7575378808920137,Normal,694.518668620365
2024-12-28,646.6134987318549,112.89975254574732,337.33759111688386,1142.3792287218278,82.03975463086162,SUP005,PrimeSteel,MAT104,Steel Sheet,-2.174024605930236,Normal,686.6142384231919
2024-12-29,686.2470013126919,113.22503404482993,379.8839505470972,1013.9820779286124,83.13956725372864,SUP004,DeltaIron,MAT101,Steel Rod,6.129396101158835,High,679.4497924029853
2024-12-30,741.2932376729599,98.25466573599137,344.5978799797693,936.0187663398796,83.80561032288334,SUP003,CoreSteel,MAT104,Steel Sheet,8.021344538478491,High,682.5754638953784
2024-12-31,675.9926474954402,101.67647791957909,338.568571429846,1015.9625032412778,82.01321282219743,SUP005,PrimeSteel,MAT100,Steel Coil,-8.809009290643043,High,674.4120492367193
